texte,intention
"Pouvez-vous me présenter cette formation ?","FORMATION_INFO"
"En quoi consiste cette formation ?","FORMATION_INFO"
"Cette filière concerne quel domaine ?","FORMATION_INFO"
"À quoi correspond cette formation ?","FORMATION_INFO"
"Quel est le principe de cette formation ?","FORMATION_INFO"
"De quoi parle cette filière ?","FORMATION_INFO"
"Pouvez-vous m'expliquer ce qu'est cette filière ?","FORMATION_INFO"
"Qu'est-ce que cette formation propose globalement ?","FORMATION_INFO"
"Quel est l'objectif général de cette formation ?","FORMATION_INFO"
"À quoi sert cette formation ?","FORMATION_INFO"
"Quel est le but de cette filière ?","FORMATION_INFO"
"Comment décririez-vous cette formation à quelqu'un qui ne la connaît pas ?","FORMATION_INFO"
"Pouvez-vous me donner une présentation générale de cette filière ?","FORMATION_INFO"
"J'aimerais comprendre globalement en quoi consiste cette formation.","FORMATION_INFO"
"Je voudrais avoir une idée générale de cette filière.","FORMATION_INFO"
"Que pouvez-vous me dire sur cette formation ?","FORMATION_INFO"
"Je voudrais en savoir plus sur cette filière.","FORMATION_INFO"
"Pouvez-vous me renseigner sur cette formation ?","FORMATION_INFO"
"Je souhaite découvrir cette filière.","FORMATION_INFO"
"Cette formation, c'est quoi exactement ?","FORMATION_INFO"
"Cette filière est orientée vers quel domaine ?","FORMATION_INFO"
"Quelle est la vocation de cette formation ?","FORMATION_INFO"
"Quelle est la finalité de cette filière ?","FORMATION_INFO"
"Qu'est-ce qui caractérise cette formation ?","FORMATION_INFO"
"Quelles sont les caractéristiques principales de cette filière ?","FORMATION_INFO"
"Quelles sont les grandes orientations de cette formation ?","FORMATION_INFO"
"Quel est le domaine principal de cette formation ?","FORMATION_INFO"
"Dans quel domaine s'inscrit cette filière ?","FORMATION_INFO"
"Cette formation est spécialisée dans quoi ?","FORMATION_INFO"
"Sur quoi porte principalement cette formation ?","FORMATION_INFO"
"Quels sont les grands axes de cette formation ?","FORMATION_INFO"
"Quelles sont les grandes lignes de cette filière ?","FORMATION_INFO"
"Pouvez-vous me donner un aperçu de cette formation ?","FORMATION_INFO"
"Pouvez-vous me faire un résumé de cette filière ?","FORMATION_INFO"
"J'aimerais avoir une vue d'ensemble de cette formation.","FORMATION_INFO"
"Je voudrais comprendre ce que représente cette filière.","FORMATION_INFO"
"Je cherche une explication simple de cette formation.","FORMATION_INFO"
"Pouvez-vous m'expliquer cette filière simplement ?","FORMATION_INFO"
"Comment présenteriez-vous cette formation à un futur étudiant ?","FORMATION_INFO"
"Qu'est-ce qu'il faut savoir en général sur cette formation ?","FORMATION_INFO"
"Quelles sont les informations essentielles sur cette filière ?","FORMATION_INFO"
"Je voudrais connaître les grandes caractéristiques de cette formation.","FORMATION_INFO"
"Comment se présente cette filière dans son ensemble ?","FORMATION_INFO"
"Comment est organisée cette formation de manière générale ?","FORMATION_INFO"
"Quelle est la nature de cette formation ?","FORMATION_INFO"
"Quel type de formation est-ce ?","FORMATION_INFO"
"Cette filière correspond à quel type de parcours ?","FORMATION_INFO"
"À quel domaine professionnel cette formation est-elle liée ?","FORMATION_INFO"
"Cette formation est-elle plutôt orientée vers la théorie ou la pratique ?","FORMATION_INFO"
"Est-ce une formation plutôt générale ou spécialisée ?","FORMATION_INFO"
"Quel est le positionnement de cette formation ?","FORMATION_INFO"
"Qu'est-ce qu'on fait globalement dans cette filière ?","FORMATION_INFO"
"Que couvre cette formation dans les grandes lignes ?","FORMATION_INFO"
"Que comprend cette filière de manière générale ?","FORMATION_INFO"
"Quels sont les principaux aspects de cette formation ?","FORMATION_INFO"
"Qu'est-ce que cette filière permet de découvrir ?","FORMATION_INFO"
"Que peut-on apprendre globalement dans cette formation ?","FORMATION_INFO"
"Quel est l'intérêt général de cette formation ?","FORMATION_INFO"
"Pourquoi cette formation existe-t-elle ?","FORMATION_INFO"
"À quoi prépare globalement cette formation ?","FORMATION_INFO"
"Quel est le rôle de cette formation ?","FORMATION_INFO"
"Cette filière est destinée à quel domaine ?","FORMATION_INFO"
"Cette formation s'adresse à quel type de parcours ?","FORMATION_INFO"
"Pourriez-vous me décrire cette filière en quelques phrases ?","FORMATION_INFO"
"Pouvez-vous me donner une description générale de cette formation ?","FORMATION_INFO"
"Je voudrais comprendre cette filière avant de faire mon choix.","FORMATION_INFO"
"Je souhaite connaître cette formation avant de m'orienter.","FORMATION_INFO"
"J'aimerais avoir une première présentation de cette filière.","FORMATION_INFO"
"Je viens de découvrir cette formation, pouvez-vous me l'expliquer ?","FORMATION_INFO"
"Je ne connais pas cette filière, pouvez-vous me dire de quoi il s'agit ?","FORMATION_INFO"
"Je découvre cette formation, quelles sont ses grandes lignes ?","FORMATION_INFO"
"Je voudrais savoir ce que cette filière représente concrètement.","FORMATION_INFO"
"Pouvez-vous m'expliquer le fonctionnement général de cette formation ?","FORMATION_INFO"
"Comment fonctionne cette filière dans son ensemble ?","FORMATION_INFO"
"Comment est construit ce parcours de manière générale ?","FORMATION_INFO"
"Quelle est l'orientation générale de cette formation ?","FORMATION_INFO"
"Vers quel domaine cette filière est-elle principalement tournée ?","FORMATION_INFO"
"Quels sont les grands domaines abordés par cette formation ?","FORMATION_INFO"
"Quel est le cœur de cette formation ?","FORMATION_INFO"
"Sur quoi repose principalement cette filière ?","FORMATION_INFO"
"Quelle est l'idée générale derrière cette formation ?","FORMATION_INFO"
"Quel est le concept de cette formation ?","FORMATION_INFO"
"Que faut-il retenir de cette filière ?","FORMATION_INFO"
"Pouvez-vous me donner les points essentiels de cette formation ?","FORMATION_INFO"
"Je voudrais simplement comprendre ce qu'est cette filière.","FORMATION_INFO"
"Je veux juste savoir de quoi il s'agit.","FORMATION_INFO"
"Cette filière, elle consiste en quoi ?","FORMATION_INFO"
"Cette formation sert à quoi au juste ?","FORMATION_INFO"
"Elle concerne quoi exactement, cette formation ?","FORMATION_INFO"
"On fait quoi dans cette filière en général ?","FORMATION_INFO"
"Quel est le domaine de cette formation ?","FORMATION_INFO"
"Quel genre de parcours propose cette formation ?","FORMATION_INFO"
"Qu'est-ce qui distingue cette filière des autres ?","FORMATION_INFO"
"Quelles sont les particularités générales de cette formation ?","FORMATION_INFO"
"Pouvez-vous me présenter cette filière sans entrer dans les détails ?","FORMATION_INFO"
"Je voudrais une présentation rapide de cette formation.","FORMATION_INFO"
"Pouvez-vous m'expliquer cette formation en quelques mots ?","FORMATION_INFO"
"Je cherche simplement des informations générales sur cette filière.","FORMATION_INFO"
"J'aimerais obtenir une présentation globale de cette formation.","FORMATION_INFO"

"Quelles sont les matières enseignées dans cette formation ?","FORMATION_MATIERES"
"Qu'est-ce qu'on étudie dans cette filière ?","FORMATION_MATIERES"
"Quels cours sont au programme de cette formation ?","FORMATION_MATIERES"
"Quelles matières vais-je suivre dans cette formation ?","FORMATION_MATIERES"
"Pouvez-vous me donner la liste des matières ?","FORMATION_MATIERES"
"Quels enseignements sont proposés dans cette filière ?","FORMATION_MATIERES"
"Quelles disciplines sont étudiées dans cette formation ?","FORMATION_MATIERES"
"Quels sont les cours dispensés dans cette filière ?","FORMATION_MATIERES"
"Quelles matières sont prévues au programme ?","FORMATION_MATIERES"
"Quel est le programme d'enseignement de cette formation ?","FORMATION_MATIERES"
"Je voudrais connaître les matières de cette filière.","FORMATION_MATIERES"
"Je cherche la liste des cours de cette formation.","FORMATION_MATIERES"
"Quels sont les principaux cours de cette formation ?","FORMATION_MATIERES"
"Quelles sont les matières principales de cette filière ?","FORMATION_MATIERES"
"Quels modules sont enseignés dans cette formation ?","FORMATION_MATIERES"
"Quels sont les modules au programme ?","FORMATION_MATIERES"
"Quelles unités d'enseignement sont proposées ?","FORMATION_MATIERES"
"Quelles UE sont prévues dans cette formation ?","FORMATION_MATIERES"
"Quelles disciplines composent cette filière ?","FORMATION_MATIERES"
"Quels enseignements composent le programme ?","FORMATION_MATIERES"
"Que contient le programme de cette formation ?","FORMATION_MATIERES"
"Que retrouve-t-on comme matières dans cette filière ?","FORMATION_MATIERES"
"Quels sujets sont abordés pendant cette formation ?","FORMATION_MATIERES"
"Quels sont les différents enseignements de cette formation ?","FORMATION_MATIERES"
"Pouvez-vous détailler les matières de cette filière ?","FORMATION_MATIERES"
"Pouvez-vous lister les cours de cette formation ?","FORMATION_MATIERES"
"Pouvez-vous me présenter le programme de cette filière ?","FORMATION_MATIERES"
"Je voudrais voir les matières prévues dans cette formation.","FORMATION_MATIERES"
"J'aimerais connaître les cours que l'on suit dans cette filière.","FORMATION_MATIERES"
"Je souhaite connaître les enseignements de cette formation.","FORMATION_MATIERES"
"Quelles matières sont incluses dans ce cursus ?","FORMATION_MATIERES"
"Quelles matières font partie de cette formation ?","FORMATION_MATIERES"
"Quels cours constituent cette filière ?","FORMATION_MATIERES"
"Quels sont les différents modules de cette formation ?","FORMATION_MATIERES"
"Quelles matières sont abordées durant le cursus ?","FORMATION_MATIERES"
"Qu'est-ce qui est enseigné dans cette formation ?","FORMATION_MATIERES"
"Qu'apprend-on comme matières dans cette filière ?","FORMATION_MATIERES"
"Quelles disciplines vais-je étudier ?","FORMATION_MATIERES"
"Quels enseignements vais-je suivre ?","FORMATION_MATIERES"
"Quels cours dois-je suivre dans cette formation ?","FORMATION_MATIERES"
"Quelles sont les matières prévues pendant le parcours ?","FORMATION_MATIERES"
"Quels sont les cours proposés aux étudiants ?","FORMATION_MATIERES"
"Quelles matières sont proposées aux étudiants de cette filière ?","FORMATION_MATIERES"
"Quels enseignements sont disponibles dans cette formation ?","FORMATION_MATIERES"
"Quels modules sont proposés dans cette filière ?","FORMATION_MATIERES"
"Quelles unités d'enseignement composent cette formation ?","FORMATION_MATIERES"
"Quels sont les éléments du programme pédagogique ?","FORMATION_MATIERES"
"Pouvez-vous me donner le contenu des enseignements ?","FORMATION_MATIERES"
"Je voudrais connaître le contenu pédagogique de cette formation.","FORMATION_MATIERES"
"Quel est le contenu des cours de cette filière ?","FORMATION_MATIERES"
"Comment est composé le programme de cette formation ?","FORMATION_MATIERES"
"Comment se répartissent les enseignements de cette filière ?","FORMATION_MATIERES"
"Quelles matières sont étudiées pendant le cursus ?","FORMATION_MATIERES"
"Quels cours retrouve-t-on dans le cursus ?","FORMATION_MATIERES"
"Quelles disciplines sont au programme de cette formation ?","FORMATION_MATIERES"
"Quels enseignements sont au programme de cette filière ?","FORMATION_MATIERES"
"Quels sont les cours principaux de ce cursus ?","FORMATION_MATIERES"
"Quelles matières dois-je étudier dans cette formation ?","FORMATION_MATIERES"
"Qu'est-ce que je vais étudier dans cette filière ?","FORMATION_MATIERES"
"Quelles sont les matières que comprend cette formation ?","FORMATION_MATIERES"
"Quels cours sont dispensés aux étudiants ?","FORMATION_MATIERES"
"Quels modules vais-je retrouver dans cette formation ?","FORMATION_MATIERES"
"Quelles sont les différentes unités d'enseignement ?","FORMATION_MATIERES"
"Je peux avoir le programme des matières ?","FORMATION_MATIERES"
"Je peux voir les matières enseignées ?","FORMATION_MATIERES"
"Vous pouvez me donner les cours de cette filière ?","FORMATION_MATIERES"
"Je voudrais savoir ce qu'on enseigne dans cette formation.","FORMATION_MATIERES"
"Je cherche à connaître le programme de cette filière.","FORMATION_MATIERES"
"Je voudrais connaître les différentes disciplines du cursus.","FORMATION_MATIERES"
"Quelles matières sont enseignées au cours du parcours ?","FORMATION_MATIERES"
"Quels sont les enseignements prévus durant la formation ?","FORMATION_MATIERES"
"Quelles matières sont abordées dans ce cursus ?","FORMATION_MATIERES"
"Quels sujets étudie-t-on dans cette filière ?","FORMATION_MATIERES"
"Quels sont les domaines étudiés dans les cours de cette formation ?","FORMATION_MATIERES"
"Quels enseignements font partie du cursus ?","FORMATION_MATIERES"
"Quelles matières sont prévues pour les étudiants ?","FORMATION_MATIERES"
"Quels cours sont inclus dans le programme ?","FORMATION_MATIERES"
"Quelles matières sont au programme de cette filière ?","FORMATION_MATIERES"
"Quels sont les modules du cursus ?","FORMATION_MATIERES"
"Quel est le détail des enseignements de cette formation ?","FORMATION_MATIERES"
"Pouvez-vous me donner le détail des cours ?","FORMATION_MATIERES"
"Pouvez-vous me montrer les différentes matières du cursus ?","FORMATION_MATIERES"
"Je voudrais consulter le programme d'enseignement.","FORMATION_MATIERES"
"Je souhaite voir les matières qui composent cette filière.","FORMATION_MATIERES"
"Quelles matières vais-je retrouver pendant mes études ?","FORMATION_MATIERES"
"Quels cours vais-je avoir durant cette formation ?","FORMATION_MATIERES"
"Quels enseignements sont prévus dans le parcours ?","FORMATION_MATIERES"
"Quelles sont les matières obligatoires de cette formation ?","FORMATION_MATIERES"
"Quelles sont les matières proposées dans ce cursus ?","FORMATION_MATIERES"
"Quel est le contenu des enseignements de cette filière ?","FORMATION_MATIERES"
"Quels cours sont enseignés dans cette formation ?","FORMATION_MATIERES"
"Quelles disciplines sont couvertes par le programme ?","FORMATION_MATIERES"
"Quels sont les différents enseignements proposés ?","FORMATION_MATIERES"
"Je voudrais savoir quelles matières font partie du programme.","FORMATION_MATIERES"
"Quelles matières étudie-t-on dans cette filière ?","FORMATION_MATIERES"
"Quels cours sont suivis pendant cette formation ?","FORMATION_MATIERES"
"Quelles matières sont dispensées dans cette filière ?","FORMATION_MATIERES"
"Pouvez-vous m'indiquer les modules enseignés ?","FORMATION_MATIERES"
"Pouvez-vous me donner les unités d'enseignement du cursus ?","FORMATION_MATIERES"
"Je veux connaître les cours prévus dans cette formation.","FORMATION_MATIERES"
"Je veux savoir ce qu'on étudie pendant cette filière.","FORMATION_MATIERES"

"J'aime voyager et découvrir de nouveaux endroits, quelle formation pourrait me convenir ?","RECOMMANDATION"
"J'aime voyager, quelle orientation pourrait correspondre à mon profil ?","RECOMMANDATION"
"Je suis passionné par les voyages, vers quelle formation pourrais-je m'orienter ?","RECOMMANDATION"
"J'aime découvrir de nouvelles cultures, quelle formation serait adaptée à mes goûts ?","RECOMMANDATION"
"Je suis attiré par le tourisme et les voyages, quelle formation me conseilleriez-vous ?","RECOMMANDATION"
"J'aime rencontrer des personnes venant de différents pays, quelle formation pourrait me correspondre ?","RECOMMANDATION"
"Je suis sociable et j'aime voyager, quelle formation serait faite pour moi ?","RECOMMANDATION"
"J'aime accueillir et aider les personnes, quelle formation pourrais-je choisir ?","RECOMMANDATION"
"J'aime être en contact avec les gens et découvrir de nouveaux endroits, quelle orientation me conviendrait ?","RECOMMANDATION"
"J'aime voyager et communiquer avec les autres, quelle formation pourrait être adaptée ?","RECOMMANDATION"
"Je suis à l'aise avec les gens et j'aime découvrir de nouvelles cultures, que pourrais-je étudier ?","RECOMMANDATION"
"J'aime organiser des voyages et des activités, quelle formation me conviendrait ?","RECOMMANDATION"
"J'aime préparer des sorties et organiser des activités pour les autres, quelle formation choisir ?","RECOMMANDATION"
"J'aime planifier des voyages, vers quelle formation pourrais-je m'orienter ?","RECOMMANDATION"
"Je suis organisé et j'aime préparer des événements et des activités, quelle formation serait adaptée ?","RECOMMANDATION"
"J'aime accueillir les visiteurs et leur faire découvrir des endroits, quelle formation pourrait me convenir ?","RECOMMANDATION"
"J'aime guider les personnes et leur faire découvrir de nouveaux lieux, quelle formation me conseilleriez-vous ?","RECOMMANDATION"
"J'aime expliquer les choses aux visiteurs, quelle formation pourrait correspondre à mon profil ?","RECOMMANDATION"
"J'aime rencontrer des touristes et échanger avec eux, quelle formation choisir ?","RECOMMANDATION"
"J'aime parler avec des personnes étrangères, quelle orientation pourrait me convenir ?","RECOMMANDATION"
"Je parle facilement avec les gens et j'aime voyager, vers quel domaine devrais-je aller ?","RECOMMANDATION"
"Je suis très sociable et j'aime recevoir des personnes, quelle formation serait adaptée ?","RECOMMANDATION"
"J'aime recevoir et prendre soin des personnes, quelle formation pourrait me correspondre ?","RECOMMANDATION"
"J'aime rendre service aux autres et être au contact du public, quelle formation choisir ?","RECOMMANDATION"
"Je suis accueillant et j'aime être au service des autres, quelle orientation serait adaptée ?","RECOMMANDATION"
"J'aime le contact humain et les environnements dynamiques, quelle formation me conviendrait ?","RECOMMANDATION"
"Je préfère un métier où je rencontre beaucoup de personnes, quelle formation pourrais-je choisir ?","RECOMMANDATION"
"Je n'aime pas rester toujours au même endroit et j'aime découvrir de nouvelles choses, quelle formation me conviendrait ?","RECOMMANDATION"
"J'aime bouger, voyager et rencontrer des personnes, quelle orientation serait adaptée à mon profil ?","RECOMMANDATION"
"Je voudrais une formation qui me permette d'être souvent en contact avec le public, que choisir ?","RECOMMANDATION"
"J'aime la cuisine et je suis également passionné par les voyages, quelle formation pourrait me convenir ?","RECOMMANDATION"
"J'aime cuisiner et découvrir de nouvelles cultures, vers quelle formation pourrais-je m'orienter ?","RECOMMANDATION"
"Je suis passionné par la gastronomie et les voyages, quelle formation me conseillez-vous ?","RECOMMANDATION"
"J'aime découvrir la cuisine d'autres pays, quelle formation pourrait correspondre à mes goûts ?","RECOMMANDATION"
"J'aime manger, découvrir de nouvelles cuisines et voyager, quelle orientation pourrait me convenir ?","RECOMMANDATION"
"Je suis intéressé par la gastronomie et le contact avec les gens, quelle formation choisir ?","RECOMMANDATION"
"J'aime la cuisine, le voyage et la découverte de nouvelles cultures, quelle formation serait adaptée ?","RECOMMANDATION"
"J'aime découvrir les spécialités culinaires de différents pays, quel domaine pourrait me correspondre ?","RECOMMANDATION"
"Je suis curieux des cultures étrangères et de leur cuisine, quelle formation pourrais-je envisager ?","RECOMMANDATION"
"J'aime voyager et découvrir les spécialités locales, quelle formation me conviendrait ?","RECOMMANDATION"
"J'aime organiser des activités pour les autres et j'aime voyager, quelle formation choisir ?","RECOMMANDATION"
"Je suis créatif, sociable et j'aime découvrir de nouveaux endroits, quelle formation pourrait me correspondre ?","RECOMMANDATION"
"Je suis dynamique et j'aime rencontrer de nouvelles personnes, quelle formation serait adaptée à mon profil ?","RECOMMANDATION"
"Je suis souriant, accueillant et j'aime le contact avec les clients, quelle formation pourrais-je choisir ?","RECOMMANDATION"
"Je suis à l'aise avec le public et j'aime découvrir de nouvelles cultures, quelle formation me conviendrait ?","RECOMMANDATION"
"J'aime travailler dans un environnement où les journées sont différentes, quelle formation choisir ?","RECOMMANDATION"
"Je préfère un métier dynamique avec beaucoup de contacts humains, quelle formation me conseilleriez-vous ?","RECOMMANDATION"
"J'aime organiser, accueillir et communiquer avec les autres, quelle formation pourrait me convenir ?","RECOMMANDATION"
"J'aime prendre soin des personnes et leur faire vivre une bonne expérience, quelle formation choisir ?","RECOMMANDATION"
"Je suis attentif aux besoins des autres et j'aime les accueillir, quelle orientation serait adaptée ?","RECOMMANDATION"
"J'aime le service, le contact humain et les environnements animés, quelle formation me correspondrait ?","RECOMMANDATION"
"Je voudrais travailler dans un domaine où je peux rencontrer des personnes différentes chaque jour, quelle formation choisir ?","RECOMMANDATION"
"J'aime découvrir de nouveaux lieux et aider les personnes à passer un bon moment, quelle formation serait adaptée ?","RECOMMANDATION"
"J'aime organiser des séjours et préparer des activités, quelle formation pourrais-je suivre ?","RECOMMANDATION"
"J'aime conseiller les personnes sur les endroits à découvrir, quelle formation me conviendrait ?","RECOMMANDATION"
"J'aime faire découvrir ma région aux autres, quelle orientation pourrait me correspondre ?","RECOMMANDATION"
"J'aime parler de lieux, de cultures et de voyages, quelle formation serait adaptée ?","RECOMMANDATION"
"Je suis passionné par les cultures étrangères et j'aime communiquer, quelle formation choisir ?","RECOMMANDATION"
"J'aime apprendre des langues et voyager, quelle formation pourrait me convenir ?","RECOMMANDATION"
"Je parle plusieurs langues et j'aime rencontrer des étrangers, quelle orientation serait adaptée ?","RECOMMANDATION"
"Je suis à l'aise en langues et j'aime le contact humain, quelle formation me conseilleriez-vous ?","RECOMMANDATION"
"J'aime communiquer en anglais et découvrir d'autres cultures, quelle formation pourrais-je choisir ?","RECOMMANDATION"
"Je suis sociable, à l'aise en langues et attiré par les voyages, quelle formation me correspondrait ?","RECOMMANDATION"
"J'aime les langues, le voyage et les échanges culturels, quelle orientation choisir ?","RECOMMANDATION"
"J'aime recevoir des visiteurs étrangers et communiquer avec eux, quelle formation serait adaptée ?","RECOMMANDATION"
"Je suis intéressé par l'accueil, le voyage et les échanges internationaux, quelle formation me conviendrait ?","RECOMMANDATION"
"J'aime les métiers qui impliquent de voyager et de rencontrer des gens, quelle formation choisir ?","RECOMMANDATION"
"Je cherche une formation qui combine contact humain, voyage et découverte, que me conseillez-vous ?","RECOMMANDATION"
"Quelle formation pourrait convenir à quelqu'un qui aime voyager, communiquer et accueillir ?","RECOMMANDATION"
"Quelle orientation conviendrait à une personne passionnée par les voyages et les cultures étrangères ?","RECOMMANDATION"
"Que conseilleriez-vous à quelqu'un qui aime voyager et rencontrer de nouvelles personnes ?","RECOMMANDATION"
"Que peut-on envisager comme formation quand on aime voyager et découvrir les cultures ?","RECOMMANDATION"
"Quel domaine pourrait convenir à quelqu'un qui aime voyager et être en contact avec le public ?","RECOMMANDATION"
"Quelle formation pourrait convenir à une personne sociable qui aime voyager ?","RECOMMANDATION"
"Quelle orientation serait adaptée à quelqu'un qui aime accueillir et communiquer ?","RECOMMANDATION"
"Que recommanderiez-vous à quelqu'un qui aime organiser des voyages et des activités ?","RECOMMANDATION"
"Quel parcours pourrait convenir à une personne qui aime la gastronomie et les voyages ?","RECOMMANDATION"
"Quelle formation serait adaptée à quelqu'un qui aime la cuisine, le voyage et les cultures étrangères ?","RECOMMANDATION"
"Que conseiller à une personne qui aime la gastronomie et rencontrer de nouvelles personnes ?","RECOMMANDATION"
"Quel domaine correspondrait à quelqu'un qui aime la cuisine et le contact avec les clients ?","RECOMMANDATION"
"Je ne sais pas quoi choisir, mais j'aime voyager et rencontrer des gens, pouvez-vous m'orienter ?","RECOMMANDATION"
"Je ne sais pas quelle formation choisir, j'aime beaucoup voyager et découvrir de nouvelles cultures.","RECOMMANDATION"
"Je cherche une orientation, j'aime les voyages, la cuisine et le contact humain.","RECOMMANDATION"
"Je ne sais pas vers quelle formation aller, mais j'aime organiser et accueillir.","RECOMMANDATION"
"Je cherche une formation qui corresponde à mon goût pour les voyages et les échanges avec les autres.","RECOMMANDATION"
"Je voudrais trouver une formation en rapport avec mon intérêt pour les voyages.","RECOMMANDATION"
"Je voudrais trouver une orientation qui corresponde à mon intérêt pour la gastronomie et les voyages.","RECOMMANDATION"
"Mon profil est plutôt sociable et j'aime beaucoup voyager, quelle formation choisir ?","RECOMMANDATION"
"Je suis curieux, sociable et passionné par les cultures étrangères, quelle formation me conviendrait ?","RECOMMANDATION"
"Je suis dynamique, j'aime voyager et j'aime aider les gens, quelle formation pourrais-je choisir ?","RECOMMANDATION"
"Je suis organisé, sociable et j'aime préparer des activités, quelle orientation me conseilleriez-vous ?","RECOMMANDATION"
"J'aime communiquer, accueillir et découvrir de nouveaux endroits, quel parcours pourrait me convenir ?","RECOMMANDATION"
"J'aime les voyages, les rencontres et la découverte, quelle formation serait faite pour moi ?","RECOMMANDATION"
"J'aime les nouvelles expériences et les échanges avec les autres, quelle orientation pourrait me convenir ?","RECOMMANDATION"
"J'aime découvrir de nouveaux endroits et raconter ce que j'ai découvert, quelle formation choisir ?","RECOMMANDATION"
"J'aime faire découvrir des endroits aux autres, quelle formation pourrait me correspondre ?","RECOMMANDATION"
"J'aime organiser des expériences pour les autres, quelle orientation pourrais-je envisager ?","RECOMMANDATION"

"Je ne sais pas quelle filière choisir","RECOMMANDATION"
"Je ne sais vraiment pas vers quoi m'orienter","RECOMMANDATION"
"Vous pouvez m'aider à trouver une filière adaptée à mon profil ?","RECOMMANDATION"
"Je suis complètement indécis sur mon orientation","RECOMMANDATION"
"Je ne sais pas encore ce que je veux faire après le bac","RECOMMANDATION"
"Quelle orientation pourrait me correspondre ?","RECOMMANDATION"
"Je cherche une filière qui me ressemble","RECOMMANDATION"
"J'aimerais trouver une formation adaptée à mes capacités","RECOMMANDATION"
"Je suis sociable et j'aime travailler avec les autres, que me conseillez-vous ?","RECOMMANDATION"
"J'aime aider les gens et communiquer, quelle filière pourrais-je choisir ?","RECOMMANDATION"
"Je suis plutôt réservé mais j'aime analyser les problèmes, quelle orientation serait adaptée ?","RECOMMANDATION"
"Je suis organisé et j'aime planifier les choses, vers quelle filière pourrais-je aller ?","RECOMMANDATION"
"Je suis créatif et j'aime imaginer de nouvelles choses, quelle orientation me conviendrait ?","RECOMMANDATION"
"Je suis très patient et minutieux, quelle filière pourrait me correspondre ?","RECOMMANDATION"
"J'aime travailler en équipe mais je suis aussi assez autonome, que pourriez-vous me conseiller ?","RECOMMANDATION"
"Je préfère travailler seul et j'aime les tâches qui demandent de la concentration, quelle filière choisir ?","RECOMMANDATION"
"Je suis bon en maths, quelle filière pourrait me convenir ?","RECOMMANDATION"
"Je suis plutôt bon en physique, vers quelle formation devrais-je m'orienter ?","RECOMMANDATION"
"J'aime beaucoup la chimie, quelle filière pourrais-je envisager ?","RECOMMANDATION"
"Je préfère la biologie aux mathématiques, quelle orientation serait adaptée ?","RECOMMANDATION"
"Je suis bon en français et en histoire, qu'est-ce qui pourrait me convenir ?","RECOMMANDATION"
"J'aime les langues étrangères, quelle filière pourrais-je choisir ?","RECOMMANDATION"
"Je suis à l'aise en informatique et en maths, que me conseillez-vous ?","RECOMMANDATION"
"J'aime les chiffres mais aussi le contact avec les gens, quelle orientation choisir ?","RECOMMANDATION"
"J'aime l'informatique mais je ne sais pas quelle filière prendre","RECOMMANDATION"
"Je suis bon en maths et j'aime résoudre des problèmes complexes","RECOMMANDATION"
"J'aime la chimie et faire des expériences pratiques, quelle formation me conviendrait ?","RECOMMANDATION"
"Je suis bon en français mais pas vraiment en maths, quelle filière pourrait me convenir ?","RECOMMANDATION"
"J'aime dessiner et concevoir des choses, vers quelle orientation aller ?","RECOMMANDATION"
"J'aime construire des choses et travailler avec mes mains, que me conseillez-vous ?","RECOMMANDATION"
"Je préfère les activités pratiques aux cours théoriques, quelle filière choisir ?","RECOMMANDATION"
"J'aime analyser des données et chercher des solutions, quelle orientation serait adaptée ?","RECOMMANDATION"
"Je suis logique et méthodique, quelle formation pourrait me correspondre ?","RECOMMANDATION"
"Je suis créatif mais j'aime aussi résoudre des problèmes, que pourrais-je faire ?","RECOMMANDATION"
"J'aime communiquer, convaincre et argumenter, quelle filière choisir ?","RECOMMANDATION"
"J'aime lire, écrire et défendre mes idées, quelle orientation me conseillez-vous ?","RECOMMANDATION"
"J'aime comprendre comment fonctionnent les choses, vers quel domaine devrais-je aller ?","RECOMMANDATION"
"Je m'intéresse aux entreprises et à leur fonctionnement, quelle formation choisir ?","RECOMMANDATION"
"J'aime organiser des activités et prendre des responsabilités, que me conseillez-vous ?","RECOMMANDATION"
"Je suis intéressé par les sciences mais je ne sais pas laquelle choisir","RECOMMANDATION"
"J'aime les sciences et le travail pratique, quelle orientation pourrait me convenir ?","RECOMMANDATION"
"Je suis à l'aise avec les ordinateurs, les chiffres et l'analyse","RECOMMANDATION"
"J'aime travailler avec des personnes et résoudre leurs problèmes, quelle filière choisir ?","RECOMMANDATION"
"Je suis sociable mais je préfère éviter les matières très scientifiques, que pourrais-je faire ?","RECOMMANDATION"
"J'aime les maths mais je préfère travailler avec des personnes plutôt qu'avec des machines","RECOMMANDATION"
"Je suis bon en sciences et j'aime manipuler, quelle orientation serait intéressante ?","RECOMMANDATION"
"J'aime la technologie mais je préfère les aspects créatifs","RECOMMANDATION"
"Je suis rigoureux, patient et j'aime travailler avec précision, quelle filière choisir ?","RECOMMANDATION"
"J'aime réfléchir avant d'agir et résoudre des problèmes, quelle formation me conviendrait ?","RECOMMANDATION"
"Je suis dynamique, sociable et j'aime prendre des initiatives, que me conseillez-vous ?","RECOMMANDATION"
"Je suis autonome, curieux et j'aime apprendre par moi-même, quelle orientation choisir ?","RECOMMANDATION"
"J'aime travailler sur ordinateur mais je ne veux pas forcément devenir informaticien, quelles possibilités ai-je ?","RECOMMANDATION"
"J'aime les chiffres mais je ne sais pas si je dois choisir une filière scientifique ou de gestion","RECOMMANDATION"
"J'aime le droit, argumenter et défendre mes idées, quelle orientation serait adaptée ?","RECOMMANDATION"
"Je m'intéresse aux questions sociales et au comportement humain, quelle formation pourrais-je choisir ?","RECOMMANDATION"
"J'aime l'environnement et les sciences, vers quelle filière devrais-je m'orienter ?","RECOMMANDATION"
"Je suis passionné par les animaux et la nature, quelle orientation pourrait me convenir ?","RECOMMANDATION"
"J'aime voyager, communiquer avec les gens et découvrir d'autres cultures, que me conseillez-vous ?","RECOMMANDATION"
"Je préfère une formation où je peux être créatif et travailler sur des projets","RECOMMANDATION"
"Je cherche une filière qui combine mes compétences en maths et mon intérêt pour la gestion","RECOMMANDATION"
"Je suis bon en communication mais aussi assez organisé, quelle orientation me conviendrait ?","RECOMMANDATION"
"J'aime les sciences mais je préfère travailler avec des personnes plutôt qu'en laboratoire","RECOMMANDATION"
"Je suis très analytique et j'aime travailler avec des données, quelle filière choisir ?","RECOMMANDATION"
"Je suis manuel, patient et précis, quelle formation pourrait me correspondre ?","RECOMMANDATION"
"J'aime diriger des projets et coordonner une équipe, que me conseillez-vous ?","RECOMMANDATION"
"Je n'aime pas la routine et je cherche une formation avec des activités variées","RECOMMANDATION"
"Je préfère une formation concrète avec beaucoup de pratique, laquelle choisir ?","RECOMMANDATION"
"Je veux une filière qui utilise mes points forts en maths sans être uniquement théorique","RECOMMANDATION"
"Je suis bon en expression orale et j'aime convaincre les autres, quelle orientation choisir ?","RECOMMANDATION"
"J'aime observer, analyser et comprendre pourquoi les choses fonctionnent comme elles fonctionnent","RECOMMANDATION"
"Je ne suis pas très fort en maths mais je suis bon pour communiquer et expliquer","RECOMMANDATION"
"Je suis bon en biologie et j'aime aider les autres, quelle filière pourrait me convenir ?","RECOMMANDATION"
"J'aime les expériences scientifiques mais aussi le travail en équipe","RECOMMANDATION"
"Je suis quelqu'un de très organisé et j'aime gérer plusieurs tâches à la fois","RECOMMANDATION"
"J'aime écrire, faire des recherches et analyser des documents, quelle orientation choisir ?","RECOMMANDATION"
"Je suis plutôt logique, calme et concentré, quelle filière pourrait me convenir ?","RECOMMANDATION"
"Je suis sociable, créatif et j'aime présenter mes idées devant les autres","RECOMMANDATION"
"J'aime résoudre des problèmes mais je préfère les problèmes concrets aux problèmes théoriques","RECOMMANDATION"
"Je cherche une orientation qui combine technologie et créativité","RECOMMANDATION"
"Je cherche une filière qui combine sciences et contact humain","RECOMMANDATION"
"Je cherche une formation qui combine gestion et informatique","RECOMMANDATION"
"Je cherche une formation qui combine droit et communication","RECOMMANDATION"
"Je cherche une formation qui combine sciences et environnement","RECOMMANDATION"
"Je cherche une formation où je pourrais utiliser mon sens de l'organisation","RECOMMANDATION"
"Je veux une orientation qui corresponde à mes matières préférées","RECOMMANDATION"
"Je veux choisir ma filière en fonction de mes points forts","RECOMMANDATION"
"Je voudrais être orienté selon mes goûts et mes compétences","RECOMMANDATION"
"Par rapport à mon profil, quelles filières pourraient me convenir ?","RECOMMANDATION"
"À partir de mes compétences, pouvez-vous me proposer des orientations ?","RECOMMANDATION"
"Compte tenu de mes matières préférées, quelles filières devrais-je envisager ?","RECOMMANDATION"
"Selon ma personnalité, quelle orientation pourrait être intéressante ?","RECOMMANDATION"
"Quel domaine serait adapté à quelqu'un comme moi ?","RECOMMANDATION"
"Qu'est-ce que vous me conseilleriez avec mon profil ?","RECOMMANDATION"
"Je vous donne mon profil et vous me dites ce qui pourrait me convenir","RECOMMANDATION"
"Si je vous décris mes points forts, pouvez-vous me proposer une filière ?","RECOMMANDATION"
"Je peux vous donner mes matières préférées pour que vous m'aidiez à choisir ?","RECOMMANDATION"
"Je vais vous décrire mes qualités et vous me dites quelle orientation choisir","RECOMMANDATION"

texte,intention
"Quelles compétences développe cette formation ?","FORMATION_COMPETENCES"
"Quelles compétences vais-je acquérir dans cette formation ?","FORMATION_COMPETENCES"
"Que vais-je savoir faire après avoir suivi cette formation ?","FORMATION_COMPETENCES"
"Quels savoir-faire vais-je acquérir avec cette formation ?","FORMATION_COMPETENCES"
"Quelles capacités vais-je développer pendant cette formation ?","FORMATION_COMPETENCES"
"Quelles aptitudes cette formation permet-elle de développer ?","FORMATION_COMPETENCES"
"Quels savoir-faire sont développés dans cette filière ?","FORMATION_COMPETENCES"
"Quelles compétences professionnelles vais-je acquérir ?","FORMATION_COMPETENCES"
"Quelles compétences techniques sont développées dans cette formation ?","FORMATION_COMPETENCES"
"Quelles compétences pratiques vais-je apprendre ?","FORMATION_COMPETENCES"
"Quelles compétences concrètes vais-je acquérir grâce à cette formation ?","FORMATION_COMPETENCES"
"Que serai-je capable de faire à la fin de cette formation ?","FORMATION_COMPETENCES"
"Qu'est-ce que je saurai faire après cette formation ?","FORMATION_COMPETENCES"
"Quels sont les principaux savoir-faire acquis dans cette formation ?","FORMATION_COMPETENCES"
"Quels sont les acquis de cette formation en matière de compétences ?","FORMATION_COMPETENCES"
"Quelles compétences sont visées par cette formation ?","FORMATION_COMPETENCES"
"Quelles compétences cette formation cherche-t-elle à transmettre ?","FORMATION_COMPETENCES"
"Quels savoir-faire cette formation cherche-t-elle à développer ?","FORMATION_COMPETENCES"
"Quels types de compétences développe cette filière ?","FORMATION_COMPETENCES"
"Quels domaines de compétences sont couverts par cette formation ?","FORMATION_COMPETENCES"
"Quelles compétences peut-on développer en suivant cette formation ?","FORMATION_COMPETENCES"
"Quelles capacités peut-on acquérir grâce à cette formation ?","FORMATION_COMPETENCES"
"Quels savoir-faire peut-on maîtriser après cette formation ?","FORMATION_COMPETENCES"
"Quelles aptitudes peut-on développer pendant cette formation ?","FORMATION_COMPETENCES"
"Que permet d'apprendre cette formation sur le plan professionnel ?","FORMATION_COMPETENCES"
"Quels acquis professionnels peut-on obtenir avec cette formation ?","FORMATION_COMPETENCES"
"Quelles compétences sont développées pendant les études ?","FORMATION_COMPETENCES"
"Quelles compétences vais-je développer au cours de mes études ?","FORMATION_COMPETENCES"
"Que vais-je apprendre à faire pendant cette formation ?","FORMATION_COMPETENCES"
"Quelles capacités vais-je acquérir pendant mon parcours ?","FORMATION_COMPETENCES"
"Quels savoir-faire vais-je développer durant mes études ?","FORMATION_COMPETENCES"
"Quelles compétences pourrai-je maîtriser à la fin de mes études ?","FORMATION_COMPETENCES"
"Quels savoir-faire professionnels vais-je maîtriser après cette formation ?","FORMATION_COMPETENCES"
"Quelles compétences professionnelles pourrai-je utiliser après mes études ?","FORMATION_COMPETENCES"
"Quels savoir-faire concrets cette formation permet-elle d'acquérir ?","FORMATION_COMPETENCES"
"Quelles compétences opérationnelles sont développées dans cette formation ?","FORMATION_COMPETENCES"
"Quelles capacités concrètes vais-je développer dans cette filière ?","FORMATION_COMPETENCES"
"Quelles compétences spécifiques sont acquises dans cette formation ?","FORMATION_COMPETENCES"
"Quels savoir-faire spécifiques sont développés dans cette filière ?","FORMATION_COMPETENCES"
"Quelles compétences les étudiants développent-ils dans cette formation ?","FORMATION_COMPETENCES"
"Qu'est-ce qu'un étudiant sera capable de faire après cette formation ?","FORMATION_COMPETENCES"
"Quels savoir-faire les étudiants acquièrent-ils dans cette filière ?","FORMATION_COMPETENCES"
"Quelles aptitudes les étudiants développent-ils au cours de cette formation ?","FORMATION_COMPETENCES"
"Quels acquis peut-on avoir à la fin de cette formation ?","FORMATION_COMPETENCES"
"Quelles compétences obtient-on après avoir terminé cette formation ?","FORMATION_COMPETENCES"
"Que peut-on savoir faire après avoir terminé cette filière ?","FORMATION_COMPETENCES"
"Quelles compétences sont attendues à l'issue de cette formation ?","FORMATION_COMPETENCES"
"Quels savoir-faire sont attendus en fin de parcours ?","FORMATION_COMPETENCES"
"Quelles capacités professionnelles peut-on acquérir après cette formation ?","FORMATION_COMPETENCES"
"Quelles compétences peut-on maîtriser grâce à cette formation ?","FORMATION_COMPETENCES"
"Quels savoir-faire professionnels cette formation permet-elle de développer ?","FORMATION_COMPETENCES"
"Quelles compétences cette formation permet-elle de mettre en pratique ?","FORMATION_COMPETENCES"
"Quelles compétences pourrai-je utiliser dans le monde professionnel ?","FORMATION_COMPETENCES"
"Qu'est-ce que cette formation va m'apprendre à faire concrètement ?","FORMATION_COMPETENCES"
"Quelles compétences concrètes pourrai-je utiliser après mes études ?","FORMATION_COMPETENCES"
"Quels savoir-faire pratiques vais-je développer ?","FORMATION_COMPETENCES"
"Quelles capacités pratiques vais-je acquérir dans cette formation ?","FORMATION_COMPETENCES"
"Quels sont les savoir-faire pratiques développés pendant le cursus ?","FORMATION_COMPETENCES"
"Quelles compétences techniques pourrai-je utiliser après cette formation ?","FORMATION_COMPETENCES"
"Quels savoir-faire techniques vais-je acquérir ?","FORMATION_COMPETENCES"
"Quelles capacités techniques cette formation permet-elle de développer ?","FORMATION_COMPETENCES"
"Quels acquis techniques vais-je obtenir avec cette formation ?","FORMATION_COMPETENCES"
"Quelles compétences professionnelles sont travaillées pendant le cursus ?","FORMATION_COMPETENCES"
"Quels savoir-faire professionnels sont développés pendant la formation ?","FORMATION_COMPETENCES"
"Quelles capacités professionnelles vais-je développer ?","FORMATION_COMPETENCES"
"Quels acquis professionnels vais-je obtenir à la fin du parcours ?","FORMATION_COMPETENCES"
"Quelles compétences sont transmises aux étudiants ?","FORMATION_COMPETENCES"
"Quels savoir-faire sont transmis pendant cette formation ?","FORMATION_COMPETENCES"
"Quelles capacités sont développées chez les étudiants ?","FORMATION_COMPETENCES"
"Qu'est-ce que les étudiants apprennent concrètement dans cette formation ?","FORMATION_COMPETENCES"
"Que saura faire un étudiant après cette formation ?","FORMATION_COMPETENCES"
"Quelles compétences peut-on acquérir pendant le cursus ?","FORMATION_COMPETENCES"
"Quels savoir-faire peut-on développer au cours de cette filière ?","FORMATION_COMPETENCES"
"Quelles capacités peut-on maîtriser après cette formation ?","FORMATION_COMPETENCES"
"Quelles compétences sont acquises au fil de la formation ?","FORMATION_COMPETENCES"
"Qu'est-ce qu'on apprend à faire dans cette filière ?","FORMATION_COMPETENCES"
"Que va m'apporter cette formation en termes de compétences ?","FORMATION_COMPETENCES"
"Quels savoir-faire cette formation peut-elle m'apporter ?","FORMATION_COMPETENCES"
"Quelles compétences puis-je espérer acquérir avec cette formation ?","FORMATION_COMPETENCES"
"Quelles compétences vais-je avoir à la fin de cette formation ?","FORMATION_COMPETENCES"
"Quels sont les acquis en termes de savoir-faire à la fin du cursus ?","FORMATION_COMPETENCES"
"Quelles compétences sont prévues comme acquis à la fin de la formation ?","FORMATION_COMPETENCES"
"Le programme de cette formation permet de développer quelles compétences ?","FORMATION_COMPETENCES"
"Quelles compétences sont ciblées par le programme ?","FORMATION_COMPETENCES"
"Quels savoir-faire sont ciblés par cette formation ?","FORMATION_COMPETENCES"
"Quelles compétences le programme cherche-t-il à développer ?","FORMATION_COMPETENCES"
"Quels acquis le programme de cette filière permet-il de développer ?","FORMATION_COMPETENCES"
"Quelles compétences sont travaillées dans les enseignements de cette formation ?","FORMATION_COMPETENCES"
"Quels savoir-faire sont travaillés pendant le cursus ?","FORMATION_COMPETENCES"
"Quelles compétences peut-on développer à travers les enseignements ?","FORMATION_COMPETENCES"
"Que permet de maîtriser cette formation ?","FORMATION_COMPETENCES"
"Quelles capacités cette filière permet-elle de maîtriser ?","FORMATION_COMPETENCES"
"Quels savoir-faire cette filière permet-elle de maîtriser ?","FORMATION_COMPETENCES"
"Quelles compétences cette filière permet-elle d'acquérir ?","FORMATION_COMPETENCES"
"Que pourrai-je faire concrètement après cette filière ?","FORMATION_COMPETENCES"
"Qu'est-ce que je pourrai réaliser après avoir suivi cette formation ?","FORMATION_COMPETENCES"
"Quels types de tâches pourrai-je réaliser après cette formation ?","FORMATION_COMPETENCES"
"Quelles activités professionnelles serai-je capable de réaliser après cette formation ?","FORMATION_COMPETENCES"
"Quelles compétences seront utiles dans mon futur métier après cette formation ?","FORMATION_COMPETENCES"
"Cette formation permet-elle d'acquérir des compétences professionnelles ?","FORMATION_COMPETENCES"
"Cette formation développe-t-elle des compétences techniques ?","FORMATION_COMPETENCES"
"Cette formation permet-elle d'apprendre des savoir-faire pratiques ?","FORMATION_COMPETENCES"
"Est-ce que cette formation développe des compétences concrètes ?","FORMATION_COMPETENCES"
"Est-ce qu'on acquiert des compétences professionnelles dans cette filière ?","FORMATION_COMPETENCES"
"Quelles compétences spécifiques vais-je pouvoir utiliser après cette formation ?","FORMATION_COMPETENCES"
"Quels savoir-faire vais-je pouvoir mettre en pratique après mes études ?","FORMATION_COMPETENCES"
"Quelles compétences pourrai-je mobiliser dans mon activité professionnelle ?","FORMATION_COMPETENCES"
"Quelles capacités cette formation me permettra-t-elle de mettre en pratique ?","FORMATION_COMPETENCES"
"Je voudrais connaître les compétences que cette formation permet d'acquérir.","FORMATION_COMPETENCES"
"Je voudrais savoir ce que cette formation va m'apprendre à faire.","FORMATION_COMPETENCES"
"J'aimerais connaître les savoir-faire que je pourrai acquérir.","FORMATION_COMPETENCES"
"Je voudrais connaître les compétences que je pourrai avoir à la fin du cursus.","FORMATION_COMPETENCES"
"Je souhaite connaître les compétences développées pendant cette formation.","FORMATION_COMPETENCES"
"Je veux savoir ce que je serai capable de faire après cette formation.","FORMATION_COMPETENCES"
"Je cherche à connaître les acquis professionnels de cette filière.","FORMATION_COMPETENCES"
"Je voudrais connaître les capacités développées dans cette formation.","FORMATION_COMPETENCES"
"Pouvez-vous m'expliquer ce que cette formation permet de savoir faire ?","FORMATION_COMPETENCES"
"Pouvez-vous me dire quels savoir-faire sont acquis à la fin du parcours ?","FORMATION_COMPETENCES"
"Pouvez-vous préciser les compétences développées au cours de cette filière ?","FORMATION_COMPETENCES"
"Pouvez-vous me donner les principaux acquis de cette formation ?","FORMATION_COMPETENCES"
"Quels sont les savoir-faire que je pourrai mettre en pratique après mes études ?","FORMATION_COMPETENCES"
"Quels acquis concrets vais-je avoir après cette formation ?","FORMATION_COMPETENCES"
"Quelles compétences vais-je pouvoir mettre en œuvre après cette formation ?","FORMATION_COMPETENCES"


"Quels sont les prérequis pour cette formation ?","FORMATION_PREREQUIS"
"Quels sont les prérequis nécessaires pour suivre cette formation ?","FORMATION_PREREQUIS"
"Quelles sont les conditions nécessaires avant d'intégrer cette formation ?","FORMATION_PREREQUIS"
"Que faut-il avoir pour pouvoir suivre cette formation ?","FORMATION_PREREQUIS"
"Quel niveau faut-il avoir pour cette formation ?","FORMATION_PREREQUIS"
"Quel diplôme faut-il avoir pour accéder à cette formation ?","FORMATION_PREREQUIS"
"Quel diplôme est nécessaire avant de commencer cette formation ?","FORMATION_PREREQUIS"
"Faut-il avoir un diplôme particulier pour suivre cette formation ?","FORMATION_PREREQUIS"
"Faut-il avoir le bac pour intégrer cette formation ?","FORMATION_PREREQUIS"
"Quel type de bac faut-il avoir pour cette formation ?","FORMATION_PREREQUIS"
"Quelle série de bac est nécessaire pour cette formation ?","FORMATION_PREREQUIS"
"Y a-t-il une série de bac recommandée pour cette formation ?","FORMATION_PREREQUIS"
"Quelles séries de bac permettent de suivre cette formation ?","FORMATION_PREREQUIS"
"Est-ce que toutes les séries de bac peuvent accéder à cette formation ?","FORMATION_PREREQUIS"
"Puis-je suivre cette formation avec mon bac ?","FORMATION_PREREQUIS"
"Mon bac me permet-il de suivre cette formation ?","FORMATION_PREREQUIS"
"Est-ce que mon niveau scolaire est suffisant pour cette formation ?","FORMATION_PREREQUIS"
"Quel niveau scolaire est demandé pour cette formation ?","FORMATION_PREREQUIS"
"Quel niveau d'études faut-il avoir avant cette formation ?","FORMATION_PREREQUIS"
"Quel niveau faut-il avoir avant de commencer cette formation ?","FORMATION_PREREQUIS"
"Faut-il avoir déjà fait des études dans ce domaine ?","FORMATION_PREREQUIS"
"Faut-il avoir des connaissances préalables pour cette formation ?","FORMATION_PREREQUIS"
"Quelles connaissances faut-il avoir avant de commencer cette formation ?","FORMATION_PREREQUIS"
"Quelles connaissances de base sont nécessaires pour cette formation ?","FORMATION_PREREQUIS"
"Faut-il avoir des bases particulières pour suivre cette formation ?","FORMATION_PREREQUIS"
"Quelles bases faut-il maîtriser avant d'intégrer cette formation ?","FORMATION_PREREQUIS"
"Quelles notions faut-il connaître avant de suivre cette formation ?","FORMATION_PREREQUIS"
"Dois-je avoir certaines connaissances avant de commencer cette formation ?","FORMATION_PREREQUIS"
"Y a-t-il des connaissances obligatoires avant de suivre cette formation ?","FORMATION_PREREQUIS"
"Quelles matières faut-il maîtriser avant d'intégrer cette formation ?","FORMATION_PREREQUIS"
"Faut-il être bon en mathématiques pour suivre cette formation ?","FORMATION_PREREQUIS"
"Faut-il avoir un bon niveau en français pour cette formation ?","FORMATION_PREREQUIS"
"Faut-il avoir des bases en informatique avant cette formation ?","FORMATION_PREREQUIS"
"Faut-il avoir des connaissances en sciences avant de suivre cette formation ?","FORMATION_PREREQUIS"
"Quelles matières faut-il avoir étudiées avant cette formation ?","FORMATION_PREREQUIS"
"Est-ce qu'il faut avoir étudié certaines matières au lycée ?","FORMATION_PREREQUIS"
"Y a-t-il des matières indispensables avant d'intégrer cette formation ?","FORMATION_PREREQUIS"
"Quelles compétences faut-il déjà avoir avant cette formation ?","FORMATION_PREREQUIS"
"Faut-il avoir certaines compétences avant de commencer cette formation ?","FORMATION_PREREQUIS"
"Quelles aptitudes sont nécessaires avant de suivre cette formation ?","FORMATION_PREREQUIS"
"Faut-il avoir une expérience particulière avant cette formation ?","FORMATION_PREREQUIS"
"Une expérience professionnelle est-elle nécessaire pour cette formation ?","FORMATION_PREREQUIS"
"Faut-il avoir déjà travaillé dans ce domaine pour intégrer cette formation ?","FORMATION_PREREQUIS"
"Est-ce qu'une expérience préalable est demandée ?","FORMATION_PREREQUIS"
"Faut-il avoir suivi une autre formation avant celle-ci ?","FORMATION_PREREQUIS"
"Y a-t-il une formation préalable obligatoire ?","FORMATION_PREREQUIS"
"Faut-il avoir validé un diplôme avant de commencer cette formation ?","FORMATION_PREREQUIS"
"Quel diplôme faut-il avoir obtenu au préalable ?","FORMATION_PREREQUIS"
"Quelles études faut-il avoir faites avant cette formation ?","FORMATION_PREREQUIS"
"Quel parcours scolaire faut-il avoir avant d'intégrer cette formation ?","FORMATION_PREREQUIS"
"Quel parcours faut-il avoir pour pouvoir suivre cette formation ?","FORMATION_PREREQUIS"
"Y a-t-il un niveau minimum requis pour cette formation ?","FORMATION_PREREQUIS"
"Quel est le niveau minimum demandé pour cette formation ?","FORMATION_PREREQUIS"
"Existe-t-il un niveau minimum pour accéder à cette formation ?","FORMATION_PREREQUIS"
"Quelles sont les conditions préalables pour cette formation ?","FORMATION_PREREQUIS"
"Quelles conditions faut-il remplir avant de suivre cette formation ?","FORMATION_PREREQUIS"
"Qu'est-ce qu'il faut avoir avant de commencer cette formation ?","FORMATION_PREREQUIS"
"Que faut-il maîtriser avant d'intégrer cette formation ?","FORMATION_PREREQUIS"
"Qu'est-ce que je dois savoir avant de commencer cette formation ?","FORMATION_PREREQUIS"
"Que dois-je connaître avant de m'inscrire à cette formation ?","FORMATION_PREREQUIS"
"Quelles bases dois-je avoir avant de suivre cette formation ?","FORMATION_PREREQUIS"
"Est-ce que je dois avoir des connaissances particulières avant de m'inscrire ?","FORMATION_PREREQUIS"
"Est-ce qu'il faut avoir un certain niveau pour être accepté dans cette formation ?","FORMATION_PREREQUIS"
"Est-ce qu'un diplôme précédent est obligatoire ?","FORMATION_PREREQUIS"
"Est-ce qu'un diplôme particulier est exigé ?","FORMATION_PREREQUIS"
"Est-ce qu'un bac spécifique est exigé ?","FORMATION_PREREQUIS"
"Est-ce qu'une série particulière au bac est exigée ?","FORMATION_PREREQUIS"
"Est-ce que je peux intégrer cette formation avec un bac littéraire ?","FORMATION_PREREQUIS"
"Est-ce que je peux intégrer cette formation avec un bac scientifique ?","FORMATION_PREREQUIS"
"Est-ce que je peux intégrer cette formation avec un bac technique ?","FORMATION_PREREQUIS"
"Est-ce que mon parcours scolaire convient pour cette formation ?","FORMATION_PREREQUIS"
"Mon niveau actuel est-il suffisant pour cette formation ?","FORMATION_PREREQUIS"
"Est-ce que je dois avoir des bases dans le domaine avant de m'inscrire ?","FORMATION_PREREQUIS"
"Est-ce qu'il faut maîtriser certaines notions avant cette formation ?","FORMATION_PREREQUIS"
"Y a-t-il des connaissances indispensables avant de commencer ?","FORMATION_PREREQUIS"
"Quelles connaissances sont considérées comme indispensables pour cette formation ?","FORMATION_PREREQUIS"
"Quels sont les niveaux requis pour pouvoir suivre cette formation ?","FORMATION_PREREQUIS"
"Quels diplômes sont acceptés comme prérequis pour cette formation ?","FORMATION_PREREQUIS"
"Quels parcours permettent d'accéder à cette formation ?","FORMATION_PREREQUIS"
"Quelles études préalables sont nécessaires ?","FORMATION_PREREQUIS"
"Faut-il avoir terminé le lycée avant de suivre cette formation ?","FORMATION_PREREQUIS"
"Faut-il avoir obtenu le baccalauréat avant de s'inscrire ?","FORMATION_PREREQUIS"
"Peut-on intégrer cette formation sans avoir de diplôme dans le domaine ?","FORMATION_PREREQUIS"
"Peut-on suivre cette formation sans expérience préalable ?","FORMATION_PREREQUIS"
"Peut-on commencer cette formation sans connaissances dans le domaine ?","FORMATION_PREREQUIS"
"Est-il nécessaire d'avoir des bases avant de commencer ?","FORMATION_PREREQUIS"
"Est-il nécessaire d'avoir une formation précédente ?","FORMATION_PREREQUIS"
"Est-il nécessaire d'avoir un certain niveau d'études ?","FORMATION_PREREQUIS"
"Quelles sont les bases nécessaires pour réussir dans cette formation ?","FORMATION_PREREQUIS"
"Quels acquis faut-il avoir avant de commencer cette formation ?","FORMATION_PREREQUIS"
"Quels acquis scolaires sont nécessaires pour cette formation ?","FORMATION_PREREQUIS"
"Quels prérequis scolaires sont demandés ?","FORMATION_PREREQUIS"
"Quels prérequis académiques faut-il avoir ?","FORMATION_PREREQUIS"
"Quelles connaissances préalables sont demandées ?","FORMATION_PREREQUIS"
"Quelles compétences préalables sont nécessaires ?","FORMATION_PREREQUIS"
"Quelles conditions faut-il respecter pour pouvoir commencer cette formation ?","FORMATION_PREREQUIS"
"Y a-t-il des conditions particulières avant de commencer cette formation ?","FORMATION_PREREQUIS"
"Quelles conditions dois-je remplir avant de suivre cette formation ?","FORMATION_PREREQUIS"
"Que dois-je avoir comme diplôme avant de choisir cette formation ?","FORMATION_PREREQUIS"
"Quel parcours scolaire est recommandé avant cette formation ?","FORMATION_PREREQUIS"
"Quelle série au bac est la plus adaptée comme prérequis pour cette formation ?","FORMATION_PREREQUIS"
"Faut-il avoir certaines bases scientifiques avant cette formation ?","FORMATION_PREREQUIS"
"Faut-il avoir certaines bases littéraires avant cette formation ?","FORMATION_PREREQUIS"
"Faut-il avoir certaines bases techniques avant cette formation ?","FORMATION_PREREQUIS"
"Faut-il déjà maîtriser certains outils avant de suivre cette formation ?","FORMATION_PREREQUIS"
"Y a-t-il des logiciels qu'il faut déjà connaître avant cette formation ?","FORMATION_PREREQUIS"
"Faut-il avoir des compétences particulières en informatique avant cette formation ?","FORMATION_PREREQUIS"
"Faut-il avoir des bases en langues avant d'intégrer cette formation ?","FORMATION_PREREQUIS"
"Est-ce qu'un niveau particulier en anglais est nécessaire ?","FORMATION_PREREQUIS"
"Est-ce qu'un niveau particulier en français est nécessaire ?","FORMATION_PREREQUIS"
"Quel niveau de connaissances faut-il avoir pour commencer cette formation ?","FORMATION_PREREQUIS"
"Quel profil scolaire est requis pour cette formation ?","FORMATION_PREREQUIS"
"Quel profil faut-il avoir avant d'intégrer cette formation ?","FORMATION_PREREQUIS"

"Quels sont les débouchés de cette formation ?","FORMATION_DEBOUCHES"
"Quels métiers peut-on exercer après cette formation ?","FORMATION_DEBOUCHES"
"Quels métiers sont accessibles avec cette formation ?","FORMATION_DEBOUCHES"
"Quels emplois peut-on trouver après cette formation ?","FORMATION_DEBOUCHES"
"Que peut-on faire comme métier après cette formation ?","FORMATION_DEBOUCHES"
"Dans quels métiers peut-on travailler après cette formation ?","FORMATION_DEBOUCHES"
"Quels sont les métiers possibles après cette formation ?","FORMATION_DEBOUCHES"
"Quels sont les débouchés professionnels de cette formation ?","FORMATION_DEBOUCHES"
"Quels métiers prépare cette formation ?","FORMATION_DEBOUCHES"
"Vers quels métiers cette formation peut-elle mener ?","FORMATION_DEBOUCHES"
"Quels emplois cette formation permet-elle de viser ?","FORMATION_DEBOUCHES"
"Dans quels domaines peut-on travailler après cette formation ?","FORMATION_DEBOUCHES"
"Quels secteurs recrutent les diplômés de cette formation ?","FORMATION_DEBOUCHES"
"Dans quels secteurs peut-on travailler après cette formation ?","FORMATION_DEBOUCHES"
"Quelles carrières sont possibles après cette formation ?","FORMATION_DEBOUCHES"
"Quelles possibilités professionnelles offre cette formation ?","FORMATION_DEBOUCHES"
"Quelles opportunités professionnelles existe-t-il après cette formation ?","FORMATION_DEBOUCHES"
"Quels postes peut-on occuper après cette formation ?","FORMATION_DEBOUCHES"
"À quels postes peut-on accéder avec cette formation ?","FORMATION_DEBOUCHES"
"Quel métier peut-on faire avec cette formation ?","FORMATION_DEBOUCHES"
"Quel travail peut-on faire après cette formation ?","FORMATION_DEBOUCHES"
"Quel type d'emploi peut-on obtenir après cette formation ?","FORMATION_DEBOUCHES"
"Quels métiers sont liés à cette formation ?","FORMATION_DEBOUCHES"
"Quels métiers sont associés à cette formation ?","FORMATION_DEBOUCHES"
"Quels métiers correspondent à cette formation ?","FORMATION_DEBOUCHES"
"Quels sont les principaux débouchés professionnels de cette filière ?","FORMATION_DEBOUCHES"
"Quels sont les débouchés de cette filière ?","FORMATION_DEBOUCHES"
"Quels métiers peut-on exercer après cette filière ?","FORMATION_DEBOUCHES"
"Quels emplois sont accessibles après cette filière ?","FORMATION_DEBOUCHES"
"Quels postes peut-on occuper après cette filière ?","FORMATION_DEBOUCHES"
"Vers quels métiers mène cette filière ?","FORMATION_DEBOUCHES"
"Dans quels secteurs peut-on travailler après cette filière ?","FORMATION_DEBOUCHES"
"Quelles carrières peut-on envisager après cette filière ?","FORMATION_DEBOUCHES"
"Quelles opportunités professionnelles offre cette filière ?","FORMATION_DEBOUCHES"
"Que peut-on devenir après avoir suivi cette filière ?","FORMATION_DEBOUCHES"
"Quel métier peut-on exercer après avoir terminé cette filière ?","FORMATION_DEBOUCHES"
"Quels métiers sont ouverts aux diplômés de cette filière ?","FORMATION_DEBOUCHES"
"Quels emplois sont ouverts aux diplômés de cette filière ?","FORMATION_DEBOUCHES"
"Quels postes sont accessibles avec ce diplôme ?","FORMATION_DEBOUCHES"
"Quels métiers peut-on exercer avec ce diplôme ?","FORMATION_DEBOUCHES"
"Quels débouchés offre ce diplôme ?","FORMATION_DEBOUCHES"
"Dans quels secteurs les diplômés peuvent-ils travailler ?","FORMATION_DEBOUCHES"
"Quels types de postes sont accessibles avec ce diplôme ?","FORMATION_DEBOUCHES"
"Quels métiers sont accessibles avec ce diplôme ?","FORMATION_DEBOUCHES"
"Que peut-on faire professionnellement avec ce diplôme ?","FORMATION_DEBOUCHES"
"Quels emplois sont possibles avec ce diplôme ?","FORMATION_DEBOUCHES"
"Quelles carrières peut-on poursuivre avec ce diplôme ?","FORMATION_DEBOUCHES"
"Quels secteurs professionnels sont accessibles avec cette formation ?","FORMATION_DEBOUCHES"
"Dans quel secteur peut-on travailler après cette formation ?","FORMATION_DEBOUCHES"
"Quels domaines professionnels sont accessibles après cette formation ?","FORMATION_DEBOUCHES"
"Quels métiers sont les plus courants après cette formation ?","FORMATION_DEBOUCHES"
"Quels sont les principaux métiers accessibles après cette formation ?","FORMATION_DEBOUCHES"
"Quels postes sont généralement occupés par les diplômés de cette formation ?","FORMATION_DEBOUCHES"
"Quels emplois occupent généralement les diplômés de cette formation ?","FORMATION_DEBOUCHES"
"Que deviennent les diplômés de cette formation ?","FORMATION_DEBOUCHES"
"Quels métiers exercent les personnes ayant suivi cette formation ?","FORMATION_DEBOUCHES"
"Dans quels domaines travaillent les diplômés de cette formation ?","FORMATION_DEBOUCHES"
"Quels débouchés professionnels sont possibles après les études ?","FORMATION_DEBOUCHES"
"Quelles possibilités d'emploi offre cette formation ?","FORMATION_DEBOUCHES"
"Quelles possibilités de carrière offre cette formation ?","FORMATION_DEBOUCHES"
"Quels métiers puis-je envisager après cette formation ?","FORMATION_DEBOUCHES"
"Quel métier pourrais-je exercer après cette formation ?","FORMATION_DEBOUCHES"
"Quels emplois pourrais-je rechercher après cette formation ?","FORMATION_DEBOUCHES"
"Dans quel domaine pourrais-je travailler après cette formation ?","FORMATION_DEBOUCHES"
"Quels postes pourrais-je occuper après mes études dans cette filière ?","FORMATION_DEBOUCHES"
"Quels métiers puis-je viser avec cette formation ?","FORMATION_DEBOUCHES"
"Quels secteurs professionnels puis-je intégrer après cette formation ?","FORMATION_DEBOUCHES"
"Quels métiers sont accessibles aux étudiants diplômés de cette formation ?","FORMATION_DEBOUCHES"
"Quels débouchés professionnels sont accessibles après cette formation ?","FORMATION_DEBOUCHES"
"Quels métiers peut-on viser en ayant suivi cette formation ?","FORMATION_DEBOUCHES"
"Quels emplois peut-on viser après cette formation ?","FORMATION_DEBOUCHES"
"Quelles professions peut-on exercer après cette formation ?","FORMATION_DEBOUCHES"
"Quelles professions sont accessibles avec cette formation ?","FORMATION_DEBOUCHES"
"Quelles fonctions peut-on occuper après cette formation ?","FORMATION_DEBOUCHES"
"Quels types de fonctions sont accessibles après cette formation ?","FORMATION_DEBOUCHES"
"Quels postes professionnels sont accessibles après cette formation ?","FORMATION_DEBOUCHES"
"Quels métiers sont envisageables après cette formation ?","FORMATION_DEBOUCHES"
"Quelles professions sont envisageables après cette formation ?","FORMATION_DEBOUCHES"
"Quelles orientations professionnelles sont possibles après cette formation ?","FORMATION_DEBOUCHES"
"Quelles perspectives professionnelles offre cette formation ?","FORMATION_DEBOUCHES"
"Quelles perspectives de carrière offre cette formation ?","FORMATION_DEBOUCHES"
"Quels sont les emplois possibles après avoir suivi cette formation ?","FORMATION_DEBOUCHES"
"Quels sont les métiers possibles après avoir obtenu ce diplôme ?","FORMATION_DEBOUCHES"
"Que peut-on faire après avoir obtenu ce diplôme ?","FORMATION_DEBOUCHES"
"Quels métiers sont accessibles après l'obtention de ce diplôme ?","FORMATION_DEBOUCHES"
"Quels secteurs d'activité sont accessibles après cette formation ?","FORMATION_DEBOUCHES"
"Dans quels secteurs d'activité peut-on travailler avec cette formation ?","FORMATION_DEBOUCHES"
"Quels secteurs d'activité recrutent après cette formation ?","FORMATION_DEBOUCHES"
"Quelles entreprises peuvent recruter les diplômés de cette formation ?","FORMATION_DEBOUCHES"
"Quels types d'entreprises recrutent les diplômés de cette formation ?","FORMATION_DEBOUCHES"
"Dans quels environnements professionnels peut-on travailler après cette formation ?","FORMATION_DEBOUCHES"
"Quels postes sont proposés aux diplômés de cette formation ?","FORMATION_DEBOUCHES"
"Quels emplois sont proposés après cette formation ?","FORMATION_DEBOUCHES"
"Quelles carrières professionnelles sont possibles avec cette formation ?","FORMATION_DEBOUCHES"
"Quels débouchés professionnels peut-on avoir avec cette formation ?","FORMATION_DEBOUCHES"
"Quels métiers cette formation permet-elle d'envisager ?","FORMATION_DEBOUCHES"
"Cette formation ouvre la porte à quels métiers ?","FORMATION_DEBOUCHES"
"Cette formation mène à quels métiers ?","FORMATION_DEBOUCHES"
"Cette formation permet de travailler dans quels domaines ?","FORMATION_DEBOUCHES"
"Cette formation permet d'accéder à quels emplois ?","FORMATION_DEBOUCHES"
"Après cette formation, dans quel domaine peut-on travailler ?","FORMATION_DEBOUCHES"
"Après cette formation, quels métiers sont possibles ?","FORMATION_DEBOUCHES"
"Après cette formation, quelles carrières sont envisageables ?","FORMATION_DEBOUCHES"
"Après cette formation, quels emplois peut-on rechercher ?","FORMATION_DEBOUCHES"
"Après cette formation, où peut-on travailler ?","FORMATION_DEBOUCHES"

"Comment se passe l'admission à cette formation ?","FORMATION_ADMISSION"
"Quelle est la procédure d'admission pour cette formation ?","FORMATION_ADMISSION"
"Comment être admis dans cette formation ?","FORMATION_ADMISSION"
"Comment peut-on intégrer cette formation ?","FORMATION_ADMISSION"
"Quelles sont les conditions d'admission à cette formation ?","FORMATION_ADMISSION"
"Quelles sont les modalités d'admission ?","FORMATION_ADMISSION"
"Quelles sont les étapes pour être admis dans cette formation ?","FORMATION_ADMISSION"
"Comment faire pour intégrer cette formation ?","FORMATION_ADMISSION"
"Comment s'inscrire à cette formation ?","FORMATION_ADMISSION"
"Quelle est la procédure pour s'inscrire à cette formation ?","FORMATION_ADMISSION"
"Quelles démarches faut-il effectuer pour intégrer cette formation ?","FORMATION_ADMISSION"
"Quelles démarches sont nécessaires pour l'admission ?","FORMATION_ADMISSION"
"Comment déposer une candidature pour cette formation ?","FORMATION_ADMISSION"
"Comment candidater à cette formation ?","FORMATION_ADMISSION"
"Comment faire une demande d'admission ?","FORMATION_ADMISSION"
"Comment demander une admission dans cette formation ?","FORMATION_ADMISSION"
"Quelles sont les démarches pour demander une admission ?","FORMATION_ADMISSION"
"Comment se déroule la sélection des candidats ?","FORMATION_ADMISSION"
"Y a-t-il une sélection pour intégrer cette formation ?","FORMATION_ADMISSION"
"Comment les candidats sont-ils sélectionnés ?","FORMATION_ADMISSION"
"Quels sont les critères de sélection pour cette formation ?","FORMATION_ADMISSION"
"Sur quels critères les candidats sont-ils sélectionnés ?","FORMATION_ADMISSION"
"Comment sont choisis les candidats admis ?","FORMATION_ADMISSION"
"Comment savoir si je suis admis dans cette formation ?","FORMATION_ADMISSION"
"Comment connaître les résultats d'admission ?","FORMATION_ADMISSION"
"Quand sont publiés les résultats d'admission ?","FORMATION_ADMISSION"
"À quelle date les résultats d'admission sont-ils disponibles ?","FORMATION_ADMISSION"
"Quand aura lieu l'admission pour cette formation ?","FORMATION_ADMISSION"
"Quelles sont les dates d'admission ?","FORMATION_ADMISSION"
"Quelle est la période d'admission pour cette formation ?","FORMATION_ADMISSION"
"Quand faut-il faire sa demande d'admission ?","FORMATION_ADMISSION"
"Quelle est la date limite pour candidater ?","FORMATION_ADMISSION"
"Quelle est la date limite d'inscription ?","FORMATION_ADMISSION"
"Quand se termine la période de candidature ?","FORMATION_ADMISSION"
"À partir de quand peut-on candidater à cette formation ?","FORMATION_ADMISSION"
"Quand commencent les inscriptions pour cette formation ?","FORMATION_ADMISSION"
"Quand ouvrent les admissions ?","FORMATION_ADMISSION"
"Les admissions sont-elles encore ouvertes ?","FORMATION_ADMISSION"
"Est-il encore possible de candidater à cette formation ?","FORMATION_ADMISSION"
"Peut-on encore s'inscrire à cette formation ?","FORMATION_ADMISSION"
"Comment déposer son dossier de candidature ?","FORMATION_ADMISSION"
"Où faut-il déposer le dossier d'admission ?","FORMATION_ADMISSION"
"Comment envoyer son dossier de candidature ?","FORMATION_ADMISSION"
"Peut-on déposer le dossier en ligne ?","FORMATION_ADMISSION"
"Comment faire une candidature en ligne ?","FORMATION_ADMISSION"
"Existe-t-il une plateforme pour candidater ?","FORMATION_ADMISSION"
"Sur quel site faut-il faire la candidature ?","FORMATION_ADMISSION"
"Quelle plateforme utiliser pour l'admission ?","FORMATION_ADMISSION"
"Comment accéder au formulaire de candidature ?","FORMATION_ADMISSION"
"Où trouver le formulaire d'admission ?","FORMATION_ADMISSION"
"Quels documents faut-il fournir pour l'admission ?","FORMATION_ADMISSION"
"Quels documents sont demandés pour candidater ?","FORMATION_ADMISSION"
"Quelles pièces faut-il fournir pour le dossier d'admission ?","FORMATION_ADMISSION"
"Quelles pièces justificatives sont nécessaires pour l'admission ?","FORMATION_ADMISSION"
"Quels documents dois-je préparer pour ma candidature ?","FORMATION_ADMISSION"
"Que faut-il mettre dans le dossier de candidature ?","FORMATION_ADMISSION"
"Quels éléments doivent figurer dans le dossier d'admission ?","FORMATION_ADMISSION"
"Le dossier de candidature doit-il contenir une lettre de motivation ?","FORMATION_ADMISSION"
"Faut-il fournir un CV pour candidater à cette formation ?","FORMATION_ADMISSION"
"Faut-il fournir des justificatifs pour l'admission ?","FORMATION_ADMISSION"
"Quels justificatifs sont nécessaires pour l'inscription ?","FORMATION_ADMISSION"
"Y a-t-il des frais de candidature ?","FORMATION_ADMISSION"
"Faut-il payer pour déposer une candidature ?","FORMATION_ADMISSION"
"Combien coûte la procédure de candidature ?","FORMATION_ADMISSION"
"Les frais de dossier sont-ils obligatoires ?","FORMATION_ADMISSION"
"Y a-t-il un concours pour intégrer cette formation ?","FORMATION_ADMISSION"
"Faut-il passer un concours pour être admis ?","FORMATION_ADMISSION"
"Comment se déroule le concours d'admission ?","FORMATION_ADMISSION"
"Quelles sont les épreuves du concours d'admission ?","FORMATION_ADMISSION"
"Y a-t-il un examen d'entrée pour cette formation ?","FORMATION_ADMISSION"
"Faut-il passer un test d'entrée ?","FORMATION_ADMISSION"
"Y a-t-il un test de sélection pour cette formation ?","FORMATION_ADMISSION"
"Comment se déroule le test d'admission ?","FORMATION_ADMISSION"
"Y a-t-il un entretien pour être admis ?","FORMATION_ADMISSION"
"Comment se passe l'entretien d'admission ?","FORMATION_ADMISSION"
"Quels sont les critères pris en compte lors de l'entretien ?","FORMATION_ADMISSION"
"Comment se déroule l'entretien de sélection ?","FORMATION_ADMISSION"
"Est-ce qu'une sélection sur dossier est prévue ?","FORMATION_ADMISSION"
"L'admission se fait-elle sur dossier ?","FORMATION_ADMISSION"
"Comment fonctionne la sélection sur dossier ?","FORMATION_ADMISSION"
"Quels éléments sont évalués lors de l'admission ?","FORMATION_ADMISSION"
"Comment sont évaluées les candidatures ?","FORMATION_ADMISSION"
"Est-ce que l'admission est automatique après la candidature ?","FORMATION_ADMISSION"
"Faut-il attendre une confirmation après avoir candidaté ?","FORMATION_ADMISSION"
"Comment reçoit-on la réponse après une candidature ?","FORMATION_ADMISSION"
"Comment suis-je informé de la décision d'admission ?","FORMATION_ADMISSION"
"Par quel moyen reçoit-on la réponse d'admission ?","FORMATION_ADMISSION"
"Que se passe-t-il après le dépôt du dossier ?","FORMATION_ADMISSION"
"Quelles sont les étapes après avoir envoyé ma candidature ?","FORMATION_ADMISSION"
"Combien de temps faut-il attendre après une candidature ?","FORMATION_ADMISSION"
"Quel est le délai de traitement des candidatures ?","FORMATION_ADMISSION"
"Combien de temps prend la procédure d'admission ?","FORMATION_ADMISSION"
"Peut-on modifier son dossier après l'avoir envoyé ?","FORMATION_ADMISSION"
"Peut-on suivre l'état de sa candidature ?","FORMATION_ADMISSION"
"Comment suivre ma demande d'admission ?","FORMATION_ADMISSION"
"Où consulter le statut de ma candidature ?","FORMATION_ADMISSION"
"Que faire si ma candidature est refusée ?","FORMATION_ADMISSION"
"Peut-on faire appel après un refus d'admission ?","FORMATION_ADMISSION"
"Peut-on se réinscrire après un refus ?","FORMATION_ADMISSION"
"Comment confirmer son admission une fois accepté ?","FORMATION_ADMISSION"
"Que faut-il faire après avoir été admis ?","FORMATION_ADMISSION"
"Comment confirmer ma place après l'admission ?","FORMATION_ADMISSION"
"Quelle est la procédure après l'admission ?","FORMATION_ADMISSION"
"Comment finaliser son inscription après avoir été admis ?","FORMATION_ADMISSION"
"Quelle est la différence entre candidature et admission ?","FORMATION_ADMISSION"
"Comment fonctionne l'admission dans cette formation ?","FORMATION_ADMISSION"
"Quelles démarches dois-je suivre pour être admis ?","FORMATION_ADMISSION"
"Comment obtenir une place dans cette formation ?","FORMATION_ADMISSION"
"Quelles sont les modalités pour intégrer cette formation ?","FORMATION_ADMISSION"

"Quelle est la différence entre ces deux formations ?","COMPARAISON_FORMATIONS"
"Quelle est la différence entre ces deux filières ?","COMPARAISON_FORMATIONS"
"Pouvez-vous comparer ces deux formations ?","COMPARAISON_FORMATIONS"
"Je voudrais comparer deux formations.","COMPARAISON_FORMATIONS"
"Quelles sont les différences entre ces formations ?","COMPARAISON_FORMATIONS"
"Quelle formation est différente de l'autre ?","COMPARAISON_FORMATIONS"
"En quoi ces deux formations sont-elles différentes ?","COMPARAISON_FORMATIONS"
"Comparez-moi ces deux filières.","COMPARAISON_FORMATIONS"
"Quelle est la différence entre ces deux filières d'études ?","COMPARAISON_FORMATIONS"
"Comment comparer ces deux formations ?","COMPARAISON_FORMATIONS"
"Quels sont les points communs entre ces deux formations ?","COMPARAISON_FORMATIONS"
"Quelles sont les différences et les similitudes entre ces formations ?","COMPARAISON_FORMATIONS"
"Ces deux formations sont-elles similaires ?","COMPARAISON_FORMATIONS"
"Ces deux filières sont-elles proches ?","COMPARAISON_FORMATIONS"
"Quelle différence y a-t-il entre ces deux parcours ?","COMPARAISON_FORMATIONS"
"Quelle est la différence entre ces deux parcours de formation ?","COMPARAISON_FORMATIONS"
"Comment ces deux formations se distinguent-elles ?","COMPARAISON_FORMATIONS"
"Sur quels points ces deux formations diffèrent-elles ?","COMPARAISON_FORMATIONS"
"Qu'est-ce qui différencie ces deux formations ?","COMPARAISON_FORMATIONS"
"Qu'est-ce qui distingue ces deux filières ?","COMPARAISON_FORMATIONS"
"Pouvez-vous faire une comparaison entre ces deux formations ?","COMPARAISON_FORMATIONS"
"J'aimerais avoir une comparaison de ces deux formations.","COMPARAISON_FORMATIONS"
"Je voudrais connaître les différences entre ces deux formations.","COMPARAISON_FORMATIONS"
"Je souhaite comparer ces deux filières.","COMPARAISON_FORMATIONS"
"Pouvez-vous m'expliquer la différence entre ces deux filières ?","COMPARAISON_FORMATIONS"
"Quelle est la meilleure des deux formations ?","COMPARAISON_FORMATIONS"
"Laquelle de ces deux formations est la plus intéressante ?","COMPARAISON_FORMATIONS"
"Quelle formation est la plus complète entre les deux ?","COMPARAISON_FORMATIONS"
"Laquelle de ces deux filières offre le plus de possibilités ?","COMPARAISON_FORMATIONS"
"Quelle est la plus avantageuse entre ces deux formations ?","COMPARAISON_FORMATIONS"
"Quelle formation est la plus adaptée entre ces deux options ?","COMPARAISON_FORMATIONS"
"Pouvez-vous m'aider à départager ces deux formations ?","COMPARAISON_FORMATIONS"
"Comment choisir entre ces deux formations ?","COMPARAISON_FORMATIONS"
"J'hésite entre deux formations, pouvez-vous les comparer ?","COMPARAISON_FORMATIONS"
"Je suis partagé entre deux filières, quelles sont leurs différences ?","COMPARAISON_FORMATIONS"
"Je voudrais savoir laquelle choisir entre ces deux formations.","COMPARAISON_FORMATIONS"
"Pouvez-vous comparer le contenu de ces deux formations ?","COMPARAISON_FORMATIONS"
"Quelle formation propose le meilleur programme entre les deux ?","COMPARAISON_FORMATIONS"
"Comment les programmes de ces deux formations se comparent-ils ?","COMPARAISON_FORMATIONS"
"Quelles sont les différences entre les programmes de ces deux formations ?","COMPARAISON_FORMATIONS"
"Les matières sont-elles les mêmes dans ces deux formations ?","COMPARAISON_FORMATIONS"
"Quelle est la différence entre les matières de ces deux formations ?","COMPARAISON_FORMATIONS"
"Comparez les matières enseignées dans ces deux formations.","COMPARAISON_FORMATIONS"
"Quelle formation propose les matières les plus différentes ?","COMPARAISON_FORMATIONS"
"Les compétences développées sont-elles les mêmes dans ces deux formations ?","COMPARAISON_FORMATIONS"
"Quelle est la différence entre les compétences développées dans ces deux formations ?","COMPARAISON_FORMATIONS"
"Pouvez-vous comparer les compétences acquises dans ces deux formations ?","COMPARAISON_FORMATIONS"
"Quelle formation permet d'acquérir le plus de compétences ?","COMPARAISON_FORMATIONS"
"Les débouchés sont-ils les mêmes pour ces deux formations ?","COMPARAISON_FORMATIONS"
"Quelle est la différence entre les débouchés de ces deux formations ?","COMPARAISON_FORMATIONS"
"Pouvez-vous comparer les débouchés de ces deux filières ?","COMPARAISON_FORMATIONS"
"Quelle formation offre les meilleurs débouchés entre les deux ?","COMPARAISON_FORMATIONS"
"Dans quels secteurs travaillent les diplômés de ces deux formations ?","COMPARAISON_FORMATIONS"
"Quelle est la différence entre les métiers accessibles avec ces deux formations ?","COMPARAISON_FORMATIONS"
"Comparez les métiers accessibles après ces deux formations.","COMPARAISON_FORMATIONS"
"Quelle formation offre le plus de débouchés professionnels ?","COMPARAISON_FORMATIONS"
"Les conditions d'admission sont-elles différentes entre ces deux formations ?","COMPARAISON_FORMATIONS"
"Quelle est la différence entre les conditions d'admission de ces deux formations ?","COMPARAISON_FORMATIONS"
"Comparez les conditions d'admission de ces deux formations.","COMPARAISON_FORMATIONS"
"Laquelle de ces deux formations est la plus facile d'accès ?","COMPARAISON_FORMATIONS"
"Les prérequis sont-ils les mêmes pour ces deux formations ?","COMPARAISON_FORMATIONS"
"Quelle est la différence entre les prérequis de ces deux formations ?","COMPARAISON_FORMATIONS"
"Comparez les prérequis de ces deux filières.","COMPARAISON_FORMATIONS"
"Faut-il le même niveau pour accéder à ces deux formations ?","COMPARAISON_FORMATIONS"
"Quelle formation demande le plus de prérequis ?","COMPARAISON_FORMATIONS"
"Quelle formation est la plus exigeante entre les deux ?","COMPARAISON_FORMATIONS"
"Laquelle de ces deux formations est la plus difficile ?","COMPARAISON_FORMATIONS"
"Quelle formation demande le plus de travail ?","COMPARAISON_FORMATIONS"
"Quelle est la différence de niveau entre ces deux formations ?","COMPARAISON_FORMATIONS"
"Comparez le niveau de difficulté de ces deux formations.","COMPARAISON_FORMATIONS"
"Ces deux formations ont-elles le même niveau d'études ?","COMPARAISON_FORMATIONS"
"Quelle formation est la plus technique entre les deux ?","COMPARAISON_FORMATIONS"
"Laquelle est la plus orientée pratique ?","COMPARAISON_FORMATIONS"
"Laquelle est la plus orientée théorique ?","COMPARAISON_FORMATIONS"
"Comparez l'aspect pratique de ces deux formations.","COMPARAISON_FORMATIONS"
"Comparez l'aspect théorique de ces deux formations.","COMPARAISON_FORMATIONS"
"Quelle formation contient le plus de matières pratiques ?","COMPARAISON_FORMATIONS"
"Quelle formation contient le plus d'enseignements théoriques ?","COMPARAISON_FORMATIONS"
"Les deux formations préparent-elles aux mêmes métiers ?","COMPARAISON_FORMATIONS"
"Est-ce que ces deux formations mènent aux mêmes métiers ?","COMPARAISON_FORMATIONS"
"Quelle est la différence entre les carrières possibles avec ces deux formations ?","COMPARAISON_FORMATIONS"
"Comparez les perspectives professionnelles de ces deux formations.","COMPARAISON_FORMATIONS"
"Quelle formation offre les meilleures perspectives professionnelles ?","COMPARAISON_FORMATIONS"
"Les compétences professionnelles acquises sont-elles différentes ?","COMPARAISON_FORMATIONS"
"Quelle formation développe le plus de compétences professionnelles ?","COMPARAISON_FORMATIONS"
"Comparez les compétences professionnelles de ces deux formations.","COMPARAISON_FORMATIONS"
"Les matières étudiées sont-elles très différentes entre ces deux filières ?","COMPARAISON_FORMATIONS"
"Quelle formation est la plus polyvalente entre les deux ?","COMPARAISON_FORMATIONS"
"Quelle formation est la plus spécialisée ?","COMPARAISON_FORMATIONS"
"Comparez la spécialisation de ces deux formations.","COMPARAISON_FORMATIONS"
"Ces deux formations ont-elles le même objectif ?","COMPARAISON_FORMATIONS"
"Quels sont les objectifs respectifs de ces deux formations ?","COMPARAISON_FORMATIONS"
"Comparez les objectifs de ces deux filières.","COMPARAISON_FORMATIONS"
"Quelle formation correspond au domaine le plus large ?","COMPARAISON_FORMATIONS"
"Quelle est la différence entre les parcours proposés par ces deux formations ?","COMPARAISON_FORMATIONS"
"Comparez les parcours de ces deux formations.","COMPARAISON_FORMATIONS"
"Ces deux formations offrent-elles les mêmes possibilités de carrière ?","COMPARAISON_FORMATIONS"
"Quelle formation offre le plus de possibilités après les études ?","COMPARAISON_FORMATIONS"
"Je veux connaître les avantages de chacune de ces deux formations.","COMPARAISON_FORMATIONS"
"Quels sont les avantages et les inconvénients de ces deux formations ?","COMPARAISON_FORMATIONS"
"Pouvez-vous comparer les avantages de ces deux filières ?","COMPARAISON_FORMATIONS"
"Quelle est la plus intéressante entre ces deux filières ?","COMPARAISON_FORMATIONS"
"Quelle formation choisir entre ces deux possibilités ?","COMPARAISON_FORMATIONS"
"J'hésite entre ces deux formations, quelles sont leurs différences ?","COMPARAISON_FORMATIONS"
"J'hésite entre ces deux filières, laquelle est la plus intéressante ?","COMPARAISON_FORMATIONS"
"Pouvez-vous m'aider à comparer deux formations qui m'intéressent ?","COMPARAISON_FORMATIONS"
"Je voudrais mettre ces deux formations en comparaison.","COMPARAISON_FORMATIONS"
"Pouvez-vous me dire laquelle de ces formations est la plus avantageuse ?","COMPARAISON_FORMATIONS"
"Quelles différences dois-je connaître avant de choisir entre ces deux formations ?","COMPARAISON_FORMATIONS"
"Quels sont les points forts de chacune de ces formations ?","COMPARAISON_FORMATIONS"
"Quelle formation semble la plus intéressante lorsqu'on compare les deux ?","COMPARAISON_FORMATIONS"
"Comparez ces deux formations sur les matières, les compétences et les débouchés.","COMPARAISON_FORMATIONS"
"Je voudrais une comparaison complète de ces deux formations.","COMPARAISON_FORMATIONS"

phrase,intention
"Pouvez-vous analyser mon profil ?","ANALYSE_PROFIL"
"Que pensez-vous de mon profil ?","ANALYSE_PROFIL"
"Pouvez-vous évaluer mon profil ?","ANALYSE_PROFIL"
"J'aimerais avoir une analyse de mon profil.","ANALYSE_PROFIL"
"Que pouvez-vous dire sur mon profil ?","ANALYSE_PROFIL"
"Comment décririez-vous mon profil ?","ANALYSE_PROFIL"
"Quels sont les points forts de mon profil ?","ANALYSE_PROFIL"
"Quels sont mes principaux points forts ?","ANALYSE_PROFIL"
"Quels sont mes points faibles ?","ANALYSE_PROFIL"
"Quelles sont mes principales qualités ?","ANALYSE_PROFIL"
"Quelles sont mes principales difficultés ?","ANALYSE_PROFIL"
"Quels sont mes atouts selon mon profil ?","ANALYSE_PROFIL"
"Quels sont mes points forts et mes points faibles ?","ANALYSE_PROFIL"
"Pouvez-vous identifier mes points forts ?","ANALYSE_PROFIL"
"Pouvez-vous identifier mes points faibles ?","ANALYSE_PROFIL"
"Que révèle mon profil ?","ANALYSE_PROFIL"
"Que pouvez-vous déduire de mon profil ?","ANALYSE_PROFIL"
"Comment interpréter mon profil ?","ANALYSE_PROFIL"
"Pouvez-vous interpréter mes réponses ?","ANALYSE_PROFIL"
"Que disent mes réponses sur mon profil ?","ANALYSE_PROFIL"
"Pouvez-vous analyser mes réponses ?","ANALYSE_PROFIL"
"Qu'est-ce que mes réponses montrent sur moi ?","ANALYSE_PROFIL"
"Quel est mon profil selon mes réponses ?","ANALYSE_PROFIL"
"Comment définir mon profil à partir de mes réponses ?","ANALYSE_PROFIL"
"Quel type de profil ai-je ?","ANALYSE_PROFIL"
"Pouvez-vous déterminer mon profil ?","ANALYSE_PROFIL"
"Pouvez-vous établir mon profil à partir de mes réponses ?","ANALYSE_PROFIL"
"J'aimerais comprendre mon profil.","ANALYSE_PROFIL"
"Je voudrais mieux comprendre mes capacités.","ANALYSE_PROFIL"
"J'aimerais savoir quels sont mes atouts.","ANALYSE_PROFIL"
"Je voudrais connaître mes points forts.","ANALYSE_PROFIL"
"Je voudrais connaître mes points faibles.","ANALYSE_PROFIL"
"J'aimerais comprendre mes aptitudes.","ANALYSE_PROFIL"
"Pouvez-vous analyser mes aptitudes ?","ANALYSE_PROFIL"
"Pouvez-vous évaluer mes capacités ?","ANALYSE_PROFIL"
"Quelles sont mes principales aptitudes ?","ANALYSE_PROFIL"
"Quelles capacités ressortent de mon profil ?","ANALYSE_PROFIL"
"Quelles aptitudes ressortent de mes réponses ?","ANALYSE_PROFIL"
"Quelles qualités ressortent de mon profil ?","ANALYSE_PROFIL"
"Quelles caractéristiques ressortent de mon profil ?","ANALYSE_PROFIL"
"Quel genre de profil semble correspondre à mes réponses ?","ANALYSE_PROFIL"
"Quel profil se dégage de mes réponses ?","ANALYSE_PROFIL"
"Quelle analyse pouvez-vous faire de mes réponses ?","ANALYSE_PROFIL"
"Pouvez-vous me faire un bilan de mon profil ?","ANALYSE_PROFIL"
"Quel bilan pouvez-vous faire de mon profil ?","ANALYSE_PROFIL"
"Pouvez-vous faire le bilan de mes aptitudes ?","ANALYSE_PROFIL"
"Pouvez-vous faire un bilan de mes compétences ?","ANALYSE_PROFIL"
"Comment évaluez-vous mes compétences ?","ANALYSE_PROFIL"
"Quelles compétences ressortent de mon profil ?","ANALYSE_PROFIL"
"Quelles compétences semblent être mes points forts ?","ANALYSE_PROFIL"
"Quelles sont mes capacités principales ?","ANALYSE_PROFIL"
"Dans quels domaines suis-je naturellement à l'aise ?","ANALYSE_PROFIL"
"Dans quels domaines semble-t-il que je sois à l'aise ?","ANALYSE_PROFIL"
"Quels sont mes domaines de prédilection ?","ANALYSE_PROFIL"
"Quelles activités semblent correspondre à mes aptitudes ?","ANALYSE_PROFIL"
"Quels types d'activités correspondent à mes capacités ?","ANALYSE_PROFIL"
"Que montrent mes matières préférées sur mon profil ?","ANALYSE_PROFIL"
"Que révèlent mes matières préférées ?","ANALYSE_PROFIL"
"Que peut-on comprendre de mes goûts scolaires ?","ANALYSE_PROFIL"
"Que disent mes matières préférées sur mes aptitudes ?","ANALYSE_PROFIL"
"Pouvez-vous analyser mes matières préférées ?","ANALYSE_PROFIL"
"Comment interpréter mes résultats scolaires ?","ANALYSE_PROFIL"
"Que révèlent mes résultats scolaires sur mon profil ?","ANALYSE_PROFIL"
"Pouvez-vous analyser mes résultats ?","ANALYSE_PROFIL"
"Que pensez-vous de mes compétences ?","ANALYSE_PROFIL"
"Comment évalueriez-vous mes compétences ?","ANALYSE_PROFIL"
"Quel est mon niveau selon mes réponses ?","ANALYSE_PROFIL"
"Comment évaluer mon niveau ?","ANALYSE_PROFIL"
"Quel est mon profil académique ?","ANALYSE_PROFIL"
"Comment décririez-vous mon profil scolaire ?","ANALYSE_PROFIL"
"Que pouvez-vous dire de mon profil scolaire ?","ANALYSE_PROFIL"
"Pouvez-vous analyser mon parcours scolaire ?","ANALYSE_PROFIL"
"Que révèle mon parcours scolaire ?","ANALYSE_PROFIL"
"Quels sont mes domaines de compétence ?","ANALYSE_PROFIL"
"Dans quels domaines ai-je le plus de capacités ?","ANALYSE_PROFIL"
"Dans quelles matières suis-je le plus à l'aise ?","ANALYSE_PROFIL"
"Quelles matières semblent correspondre à mes aptitudes ?","ANALYSE_PROFIL"
"Quels sont mes domaines de force ?","ANALYSE_PROFIL"
"Quels aspects de mon profil sont les plus intéressants ?","ANALYSE_PROFIL"
"Quels sont les éléments importants de mon profil ?","ANALYSE_PROFIL"
"Quels traits ressortent de mon profil ?","ANALYSE_PROFIL"
"Quelles tendances voyez-vous dans mon profil ?","ANALYSE_PROFIL"
"Quelle tendance générale ressort de mes réponses ?","ANALYSE_PROFIL"
"Y a-t-il un profil particulier qui ressort de mes réponses ?","ANALYSE_PROFIL"
"Pouvez-vous identifier les caractéristiques principales de mon profil ?","ANALYSE_PROFIL"
"Pouvez-vous résumer mon profil ?","ANALYSE_PROFIL"
"Pouvez-vous me faire un résumé de mon profil ?","ANALYSE_PROFIL"
"Comment résumeriez-vous mon profil ?","ANALYSE_PROFIL"
"Que retenez-vous de mon profil ?","ANALYSE_PROFIL"
"Quels éléments caractérisent mon profil ?","ANALYSE_PROFIL"
"Quelles sont les caractéristiques de mon profil ?","ANALYSE_PROFIL"
"Comment voyez-vous mon profil ?","ANALYSE_PROFIL"
"Quelle image donne mon profil ?","ANALYSE_PROFIL"
"Qu'est-ce qui ressort principalement de mon profil ?","ANALYSE_PROFIL"
"Qu'est-ce qui ressort de mes réponses ?","ANALYSE_PROFIL"
"Quels enseignements peut-on tirer de mon profil ?","ANALYSE_PROFIL"
"Quels enseignements peut-on tirer de mes réponses ?","ANALYSE_PROFIL"
"Pouvez-vous tirer un bilan de mes réponses ?","ANALYSE_PROFIL"
"Pouvez-vous analyser mes goûts et mes aptitudes ?","ANALYSE_PROFIL"
"Que disent mes goûts sur mon profil ?","ANALYSE_PROFIL"
"Que révèlent mes centres d'intérêt ?","ANALYSE_PROFIL"
"Pouvez-vous analyser mes centres d'intérêt ?","ANALYSE_PROFIL"
"Quels sont mes principaux centres d'intérêt selon mes réponses ?","ANALYSE_PROFIL"
"Comment mes goûts influencent-ils mon profil ?","ANALYSE_PROFIL"
"Quelles aptitudes semblent ressortir de mes centres d'intérêt ?","ANALYSE_PROFIL"
"Quel profil correspond à mes goûts et à mes aptitudes ?","ANALYSE_PROFIL"
"Pouvez-vous faire une analyse globale de mon profil ?","ANALYSE_PROFIL"
"J'aimerais connaître mon profil plus en détail.","ANALYSE_PROFIL"
"Je veux comprendre ce qui caractérise mon profil.","ANALYSE_PROFIL"
"Je voudrais savoir ce qui ressort de mon profil.","ANALYSE_PROFIL"
"Je voudrais savoir quelles sont mes principales forces.","ANALYSE_PROFIL"
"Je voudrais comprendre mes capacités à partir de mes réponses.","ANALYSE_PROFIL"

"Pourquoi cette formation m'a-t-elle été recommandée ?","EXPLICATION_RECOMMANDATION"
"Pourquoi me recommandez-vous cette formation ?","EXPLICATION_RECOMMANDATION"
"Pourquoi cette formation correspond-elle à mon profil ?","EXPLICATION_RECOMMANDATION"
"Pourquoi avez-vous choisi cette formation pour moi ?","EXPLICATION_RECOMMANDATION"
"Pourquoi cette formation est-elle adaptée à mon profil ?","EXPLICATION_RECOMMANDATION"
"Pouvez-vous m'expliquer pourquoi cette formation m'a été proposée ?","EXPLICATION_RECOMMANDATION"
"Pourquoi cette formation est-elle considérée comme adaptée à mon profil ?","EXPLICATION_RECOMMANDATION"
"Sur quels critères cette formation m'a-t-elle été recommandée ?","EXPLICATION_RECOMMANDATION"
"Quels sont les critères qui ont conduit à cette recommandation ?","EXPLICATION_RECOMMANDATION"
"Quels éléments de mon profil justifient cette recommandation ?","EXPLICATION_RECOMMANDATION"
"Qu'est-ce qui dans mon profil justifie cette recommandation ?","EXPLICATION_RECOMMANDATION"
"Pourquoi pensez-vous que cette formation me correspond ?","EXPLICATION_RECOMMANDATION"
"Pourquoi pensez-vous que cette formation est faite pour moi ?","EXPLICATION_RECOMMANDATION"
"Qu'est-ce qui fait que cette formation me correspond ?","EXPLICATION_RECOMMANDATION"
"Qu'est-ce qui dans mon profil correspond à cette formation ?","EXPLICATION_RECOMMANDATION"
"Pourquoi cette formation plutôt qu'une autre ?","EXPLICATION_RECOMMANDATION"
"Pourquoi avez-vous retenu cette formation plutôt qu'une autre ?","EXPLICATION_RECOMMANDATION"
"Pourquoi celle-ci a-t-elle été choisie ?","EXPLICATION_RECOMMANDATION"
"Pourquoi m'avez-vous proposé cette formation ?","EXPLICATION_RECOMMANDATION"
"Pourquoi cette formation ressort-elle dans ma recommandation ?","EXPLICATION_RECOMMANDATION"
"Pourquoi cette formation apparaît-elle parmi mes recommandations ?","EXPLICATION_RECOMMANDATION"
"Comment avez-vous déterminé que cette formation me convenait ?","EXPLICATION_RECOMMANDATION"
"Comment êtes-vous arrivé à cette recommandation ?","EXPLICATION_RECOMMANDATION"
"Comment avez-vous choisi cette formation pour moi ?","EXPLICATION_RECOMMANDATION"
"Comment avez-vous établi cette recommandation ?","EXPLICATION_RECOMMANDATION"
"Comment cette recommandation a-t-elle été déterminée ?","EXPLICATION_RECOMMANDATION"
"Sur quoi vous êtes-vous basé pour me recommander cette formation ?","EXPLICATION_RECOMMANDATION"
"Sur quoi repose cette recommandation ?","EXPLICATION_RECOMMANDATION"
"Sur quels éléments vous êtes-vous basé ?","EXPLICATION_RECOMMANDATION"
"Quels éléments avez-vous pris en compte pour cette recommandation ?","EXPLICATION_RECOMMANDATION"
"Quels aspects de mon profil avez-vous pris en compte ?","EXPLICATION_RECOMMANDATION"
"Quels critères avez-vous utilisés pour me recommander cette formation ?","EXPLICATION_RECOMMANDATION"
"Quels sont les critères utilisés pour cette recommandation ?","EXPLICATION_RECOMMANDATION"
"Quels éléments de mon profil ont influencé cette recommandation ?","EXPLICATION_RECOMMANDATION"
"Quelles caractéristiques de mon profil correspondent à cette formation ?","EXPLICATION_RECOMMANDATION"
"Quelles sont les raisons de cette recommandation ?","EXPLICATION_RECOMMANDATION"
"Pouvez-vous me donner les raisons de cette recommandation ?","EXPLICATION_RECOMMANDATION"
"Pouvez-vous justifier cette recommandation ?","EXPLICATION_RECOMMANDATION"
"Pouvez-vous expliquer votre choix ?","EXPLICATION_RECOMMANDATION"
"Pouvez-vous expliquer pourquoi vous avez fait ce choix ?","EXPLICATION_RECOMMANDATION"
"J'aimerais comprendre cette recommandation.","EXPLICATION_RECOMMANDATION"
"Je voudrais comprendre pourquoi cette formation m'a été recommandée.","EXPLICATION_RECOMMANDATION"
"Je voudrais savoir pourquoi cette formation m'a été proposée.","EXPLICATION_RECOMMANDATION"
"Je veux comprendre pourquoi cette formation correspond à mon profil.","EXPLICATION_RECOMMANDATION"
"Je voudrais connaître les raisons de cette recommandation.","EXPLICATION_RECOMMANDATION"
"Je voudrais savoir comment vous avez choisi cette formation.","EXPLICATION_RECOMMANDATION"
"Je voudrais savoir sur quoi repose votre recommandation.","EXPLICATION_RECOMMANDATION"
"Je veux savoir quels critères ont été utilisés.","EXPLICATION_RECOMMANDATION"
"Je veux comprendre comment fonctionne cette recommandation.","EXPLICATION_RECOMMANDATION"
"Pourquoi mon profil a-t-il conduit à cette formation ?","EXPLICATION_RECOMMANDATION"
"Comment mon profil a-t-il conduit à cette recommandation ?","EXPLICATION_RECOMMANDATION"
"Quel lien y a-t-il entre mon profil et cette formation ?","EXPLICATION_RECOMMANDATION"
"Quel rapport y a-t-il entre mes réponses et cette recommandation ?","EXPLICATION_RECOMMANDATION"
"Comment mes réponses ont-elles influencé la recommandation ?","EXPLICATION_RECOMMANDATION"
"Quelles réponses ont influencé cette recommandation ?","EXPLICATION_RECOMMANDATION"
"Quelles informations de mon profil ont été utilisées ?","EXPLICATION_RECOMMANDATION"
"Quelles informations avez-vous utilisées pour faire cette recommandation ?","EXPLICATION_RECOMMANDATION"
"Quelles de mes préférences ont conduit à cette recommandation ?","EXPLICATION_RECOMMANDATION"
"Comment mes préférences ont-elles influencé cette recommandation ?","EXPLICATION_RECOMMANDATION"
"Pourquoi mes goûts correspondent-ils à cette formation ?","EXPLICATION_RECOMMANDATION"
"Quels de mes centres d'intérêt correspondent à cette formation ?","EXPLICATION_RECOMMANDATION"
"Quels sont les points communs entre mon profil et cette formation ?","EXPLICATION_RECOMMANDATION"
"Quelles caractéristiques rendent cette formation adaptée à mon profil ?","EXPLICATION_RECOMMANDATION"
"Quelles compétences de mon profil correspondent à cette formation ?","EXPLICATION_RECOMMANDATION"
"Quelles aptitudes ont été prises en compte dans cette recommandation ?","EXPLICATION_RECOMMANDATION"
"Quelles matières que j'apprécie ont influencé cette recommandation ?","EXPLICATION_RECOMMANDATION"
"Pourquoi mes matières préférées m'orientent-elles vers cette formation ?","EXPLICATION_RECOMMANDATION"
"Est-ce que mes compétences ont influencé cette recommandation ?","EXPLICATION_RECOMMANDATION"
"Est-ce que mes goûts ont été pris en compte dans cette recommandation ?","EXPLICATION_RECOMMANDATION"
"Est-ce que mes préférences ont été prises en compte ?","EXPLICATION_RECOMMANDATION"
"Est-ce que mon niveau scolaire a influencé cette recommandation ?","EXPLICATION_RECOMMANDATION"
"Quels aspects de mon parcours ont conduit à cette recommandation ?","EXPLICATION_RECOMMANDATION"
"Mon parcours explique-t-il cette recommandation ?","EXPLICATION_RECOMMANDATION"
"Pourquoi cette formation apparaît-elle comme la plus adaptée ?","EXPLICATION_RECOMMANDATION"
"Pourquoi cette formation est-elle mieux adaptée que les autres ?","EXPLICATION_RECOMMANDATION"
"Qu'est-ce qui rend cette formation plus adaptée que les autres ?","EXPLICATION_RECOMMANDATION"
"Pourquoi cette formation arrive-t-elle en première position ?","EXPLICATION_RECOMMANDATION"
"Pourquoi cette formation est-elle classée en premier ?","EXPLICATION_RECOMMANDATION"
"Comment avez-vous classé les formations pour moi ?","EXPLICATION_RECOMMANDATION"
"Pourquoi cette formation a-t-elle obtenu cette recommandation ?","EXPLICATION_RECOMMANDATION"
"Pourquoi cette formation a-t-elle été mieux classée ?","EXPLICATION_RECOMMANDATION"
"Quels critères ont permis de classer cette formation ?","EXPLICATION_RECOMMANDATION"
"Pourquoi cette formation a-t-elle obtenu un meilleur score ?","EXPLICATION_RECOMMANDATION"
"Que signifie le score attribué à cette recommandation ?","EXPLICATION_RECOMMANDATION"
"Comment le score de cette recommandation a-t-il été calculé ?","EXPLICATION_RECOMMANDATION"
"Pourquoi cette formation a-t-elle obtenu ce score ?","EXPLICATION_RECOMMANDATION"
"Comment avez-vous évalué la correspondance avec mon profil ?","EXPLICATION_RECOMMANDATION"
"Comment avez-vous mesuré la compatibilité entre mon profil et cette formation ?","EXPLICATION_RECOMMANDATION"
"Pourquoi estimez-vous que mon profil est compatible avec cette formation ?","EXPLICATION_RECOMMANDATION"
"Quels éléments montrent que cette formation me convient ?","EXPLICATION_RECOMMANDATION"
"Qu'est-ce qui montre que cette formation est adaptée à mes capacités ?","EXPLICATION_RECOMMANDATION"
"Pouvez-vous détailler les raisons pour lesquelles cette formation m'est recommandée ?","EXPLICATION_RECOMMANDATION"
"Pouvez-vous détailler les critères de cette recommandation ?","EXPLICATION_RECOMMANDATION"
"Pouvez-vous expliquer le raisonnement derrière cette recommandation ?","EXPLICATION_RECOMMANDATION"
"Quel est le raisonnement derrière cette recommandation ?","EXPLICATION_RECOMMANDATION"
"Pourquoi cette recommandation a-t-elle été faite à partir de mon profil ?","EXPLICATION_RECOMMANDATION"
"Comment justifiez-vous cette recommandation par rapport à mon profil ?","EXPLICATION_RECOMMANDATION"
"Pourquoi cette formation est-elle ressortie de mon profil ?","EXPLICATION_RECOMMANDATION"
"Qu'est-ce qui a fait ressortir cette formation ?","EXPLICATION_RECOMMANDATION"
"Pourquoi cette formation est-elle ressortie plutôt qu'une autre ?","EXPLICATION_RECOMMANDATION"
"Quels éléments ont fait ressortir cette formation ?","EXPLICATION_RECOMMANDATION"
"Pourquoi cette formation m'a-t-elle été attribuée comme recommandation ?","EXPLICATION_RECOMMANDATION"
"Pouvez-vous m'expliquer le lien entre mes réponses et la formation recommandée ?","EXPLICATION_RECOMMANDATION"
"Pourquoi cette formation est-elle considérée comme un bon choix pour mon profil ?","EXPLICATION_RECOMMANDATION"
"Quels éléments de mon profil correspondent aux caractéristiques de cette formation ?","EXPLICATION_RECOMMANDATION"
"Pourquoi mon profil correspond-il aux caractéristiques de cette formation ?","EXPLICATION_RECOMMANDATION"

"Pouvez-vous m'aider ?","CLARIFICATION"
"J'ai besoin d'aide.","CLARIFICATION"
"Je voudrais des informations.","CLARIFICATION"
"Donnez-moi des informations.","CLARIFICATION"
"Je voudrais en savoir plus.","CLARIFICATION"
"Pouvez-vous m'en dire plus ?","CLARIFICATION"
"Je veux plus de détails.","CLARIFICATION"
"Pouvez-vous m'expliquer ?","CLARIFICATION"
"Expliquez-moi cela.","CLARIFICATION"
"Je voudrais comprendre.","CLARIFICATION"
"Je ne comprends pas.","CLARIFICATION"
"Pouvez-vous préciser ?","CLARIFICATION"
"Pouvez-vous être plus précis ?","CLARIFICATION"
"Pouvez-vous détailler ?","CLARIFICATION"
"J'aimerais avoir plus de précisions.","CLARIFICATION"
"Je voudrais davantage d'informations.","CLARIFICATION"
"Donnez-moi plus de détails.","CLARIFICATION"
"Pouvez-vous m'aider à comprendre ?","CLARIFICATION"
"Qu'est-ce que vous pouvez me proposer ?","CLARIFICATION"
"Que pouvez-vous me proposer ?","CLARIFICATION"
"Qu'est-ce que vous pouvez faire pour moi ?","CLARIFICATION"
"Comment pouvez-vous m'aider ?","CLARIFICATION"
"Je cherche quelque chose.","CLARIFICATION"
"Je cherche une formation.","CLARIFICATION"
"Je voudrais choisir.","CLARIFICATION"
"Je ne sais pas quoi choisir.","CLARIFICATION"
"Je ne sais pas quoi faire.","CLARIFICATION"
"Je suis perdu.","CLARIFICATION"
"Je suis un peu perdu dans mon choix.","CLARIFICATION"
"Je ne sais pas par où commencer.","CLARIFICATION"
"Par où commencer ?","CLARIFICATION"
"Que dois-je faire ?","CLARIFICATION"
"Que puis-je faire ?","CLARIFICATION"
"Comment faire ?","CLARIFICATION"
"Comment ça marche ?","CLARIFICATION"
"Ça fonctionne comment ?","CLARIFICATION"
"Comment cela fonctionne-t-il ?","CLARIFICATION"
"Pouvez-vous m'orienter ?","CLARIFICATION"
"Pouvez-vous me guider ?","CLARIFICATION"
"J'aurais besoin d'être guidé.","CLARIFICATION"
"J'aurais besoin de conseils.","CLARIFICATION"
"Je voudrais un conseil.","CLARIFICATION"
"Pouvez-vous me conseiller ?","CLARIFICATION"
"Je voudrais savoir quelque chose.","CLARIFICATION"
"J'ai une question.","CLARIFICATION"
"J'ai une demande.","CLARIFICATION"
"Je voudrais poser une question.","CLARIFICATION"
"Pouvez-vous répondre à ma question ?","CLARIFICATION"
"Je voudrais avoir une réponse.","CLARIFICATION"
"Pouvez-vous m'aider concernant cela ?","CLARIFICATION"
"Je voudrais des renseignements.","CLARIFICATION"
"J'aimerais obtenir des renseignements.","CLARIFICATION"
"Je cherche des renseignements.","CLARIFICATION"
"Pouvez-vous me renseigner ?","CLARIFICATION"
"J'aimerais avoir des explications.","CLARIFICATION"
"Je voudrais une explication.","CLARIFICATION"
"Pouvez-vous m'éclairer ?","CLARIFICATION"
"Pouvez-vous m'éclairer sur ce sujet ?","CLARIFICATION"
"J'aimerais y voir plus clair.","CLARIFICATION"
"Je voudrais y voir plus clair.","CLARIFICATION"
"Pouvez-vous m'aider à y voir plus clair ?","CLARIFICATION"
"Je ne sais pas exactement ce qu'il me faut.","CLARIFICATION"
"Je ne sais pas exactement ce que je cherche.","CLARIFICATION"
"Je ne sais pas comment formuler ma demande.","CLARIFICATION"
"Je ne sais pas quoi demander.","CLARIFICATION"
"Je ne sais pas quoi vous demander.","CLARIFICATION"
"Pouvez-vous m'aider à préciser ma demande ?","CLARIFICATION"
"Pouvez-vous m'aider à formuler ma demande ?","CLARIFICATION"
"Je voudrais quelque chose qui me corresponde.","CLARIFICATION"
"Je cherche quelque chose qui pourrait me convenir.","CLARIFICATION"
"Je cherche une solution adaptée.","CLARIFICATION"
"Je voudrais trouver quelque chose d'adapté.","CLARIFICATION"
"Je voudrais savoir ce qui me convient.","CLARIFICATION"
"Je ne sais pas quelle option choisir.","CLARIFICATION"
"Je ne sais pas quelle option prendre.","CLARIFICATION"
"J'hésite.","CLARIFICATION"
"Je suis indécis.","CLARIFICATION"
"Je ne sais vraiment pas.","CLARIFICATION"
"Je ne sais pas.","CLARIFICATION"
"Pouvez-vous m'aider à faire un choix ?","CLARIFICATION"
"Pouvez-vous m'aider dans ma démarche ?","CLARIFICATION"
"Je voudrais être accompagné.","CLARIFICATION"
"J'ai besoin d'être orienté.","CLARIFICATION"
"Je voudrais être orienté.","CLARIFICATION"
"Pouvez-vous m'aider à m'orienter ?","CLARIFICATION"
"Je cherche des conseils pour mon orientation.","CLARIFICATION"
"J'aimerais avoir des conseils pour mon orientation.","CLARIFICATION"
"Je voudrais des informations sur les formations.","CLARIFICATION"
"J'aimerais en savoir plus sur les formations.","CLARIFICATION"
"Je voudrais connaître les possibilités.","CLARIFICATION"
"Quelles sont les possibilités ?","CLARIFICATION"
"Qu'est-ce qui est possible ?","CLARIFICATION"
"Que puis-je envisager ?","CLARIFICATION"
"Qu'est-ce que je peux faire ?","CLARIFICATION"
"Je voudrais savoir ce qui est possible pour moi.","CLARIFICATION"
"Je voudrais savoir ce que je peux faire.","CLARIFICATION"
"Pouvez-vous m'aider avec mon orientation ?","CLARIFICATION"
"Je voudrais parler de mon orientation.","CLARIFICATION"
"J'ai besoin d'aide pour mon orientation.","CLARIFICATION"
"Je ne sais pas comment m'orienter.","CLARIFICATION"
"Je voudrais mieux comprendre les possibilités.","CLARIFICATION"
"Pouvez-vous m'aider à déterminer ce dont j'ai besoin ?","CLARIFICATION"
"Je voudrais savoir comment procéder.","CLARIFICATION"
"Quelle est la suite ?","CLARIFICATION"
"Et maintenant, je fais quoi ?","CLARIFICATION"
"Que dois-je choisir ?","CLARIFICATION"
"Pouvez-vous m'aider avec ça ?","CLARIFICATION"
"Vous pouvez m'aider avec ça ?","CLARIFICATION"
"J'ai besoin d'aide pour ça.","CLARIFICATION"
"Je voudrais des informations à ce sujet.","CLARIFICATION"
"Pouvez-vous m'en dire davantage à ce sujet ?","CLARIFICATION"
"Qu'est-ce que cela signifie ?","CLARIFICATION"
"Pouvez-vous expliquer davantage ?","CLARIFICATION"
"Pouvez-vous développer ?","CLARIFICATION"
"Pouvez-vous préciser votre réponse ?","CLARIFICATION"
"Je voudrais une réponse plus précise.","CLARIFICATION"
"J'aimerais avoir plus de contexte.","CLARIFICATION"
