Horodateur;Vous êtes actuellement :;Quelle était votre série au Baccalauréat ?;Quelles étaient vos matières préférées au lycée ?;Dans quelles matières vous étiez doués?;Dans quelles activités pensez-vous être naturellement à l'aise ?;Parmi les activités suivantes, lesquelles vous attirent le plus ?;Quel type de problème aimez-vous le plus résoudre ?;Quel type d'activité pédagogique vous attire le plus ?;Aimez-vous plutôt la pratique ou les leçons (théorie) ?;Quel rythme de travail vous correspond le mieux ?;Dans quel environnement aimeriez-vous travailler ?;Quels sont vos domaines d'intérêt principaux ? (Ex: programmation, musique, voyage, dessins, chimie, ...) Mentionnez-en plusieurs si vous en avez;Préférez-vous travailler principalement ?;Qu'est-ce qui est le plus important pour vous dans le choix d'une formation ?;Avez-vous étudié ou étudiez-vous à l'ISPM ?;Si oui, quelle est / a été votre filière (mention) à l'ISPM ?;Si vous êtes diplômé(e) / professionnel(le), quel est votre métier actuel ?;Si vous êtes diplômés, avec le recul, quel est votre niveau de satisfaction concernant l'adéquation entre votre formation et votre métier ?
2026-08-25 19:28:09.000000;Professionnel(le) diplômé(e) / Actif(ve);Série L;Philosophie, Histoire / Géographie;Français / Langues, Histoire / Géographie, Philosophie, Arts / Design;Rédiger, Argumenter, Mémoriser, Observer;Défendre une idée ou argumenter, Étudier des lois, règles et réglementations, Communiquer et travailler avec des personnes, Faire des calculs et résoudre des problèmes mathématiques;Problèmes juridiques et réglementaires, Problèmes liés à la communication et au commerce, Problèmes liés à la gestion d'une organisation;Faire des sorties / visites de terrain, Réaliser des expériences;Équilibré entre Théorie et Pratique;Travail avec des tâches variées;Laboratoire;théâtre, architecture;En grande équipe;Avoir un salaire intéressant, Utiliser mes matières préférées;Non;;Architecte;1
2026-08-30 20:43:22.000000;Professionnel(le) diplômé(e) / Actif(ve);Série Technique;Technologie / Sciences industrielles, Mathématiques;Technologie / Sciences industrielles, Mathématiques, Physique;Manipuler des outils, Dessiner / concevoir, Résoudre des problèmes, Calculer;Concevoir des systèmes techniques, Comprendre et utiliser des machines, Concevoir et construire des objets ou infrastructures, Observer et comprendre des phénomènes scientifiques, Faire de la recherche scientifique;Problèmes liés aux machines et aux systèmes, Problèmes liés à la construction et aux infrastructures;Faire des présentations / exposés, Faire des recherches documentaires, Travailler en groupe, Réaliser des expériences;Orienté très fortement Pratique & Projets;Je ne sais pas encore;Environnement naturel;économie;Cela m'est égal;Travailler dans un domaine scientifique, Avoir de bonnes opportunités d'emploi, Faire de la recherche;Oui;ESIIA : Electronique Système Informatique et Intelligence Artificielle;Directeur marketing;1
2026-08-27 09:03:44.000000;Étudiant(e);Série C;Chimie, Physique;Mathématiques, Physique, Chimie;Calculer, Analyser des informations, Résoudre des problèmes, Expérimenter;Analyser des chiffres et des données, Faire des calculs et résoudre des problèmes mathématiques, Observer et comprendre des phénomènes scientifiques, Étudier le vivant, les plantes ou les animaux, Gérer les finances et la comptabilité;Problèmes mathématiques et logiques, Problèmes scientifiques et expérimentaux;Faire des recherches documentaires, Faire des présentations / exposés, Faire des travaux pratiques, Faire des sorties / visites de terrain;Orienté très fortement Pratique & Projets;Travail avec des tâches variées;Bureau / administration;entrepreneuriat, jardinage, histoire;En petite équipe;Utiliser mes matières préférées, Travailler dans mon domaine de passion, Pouvoir évoluer professionnellement;Non;;;
2026-08-27 11:24:47.000000;Étudiant(e);Série A1 /Série A2;Histoire / Géographie, Philosophie, Français / Langues, Gestion / Comptabilité;Français / Langues, Histoire / Géographie, Philosophie, Gestion / Comptabilité;Rédiger, Argumenter, Mémoriser, Observer, Résoudre des problèmes, Diriger une équipe;Défendre une idée ou argumenter, Étudier des lois, règles et réglementations, Communiquer et travailler avec des personnes, Organiser et coordonner des projets;Problèmes liés à la gestion d'une organisation, Problèmes liés à la communication et au commerce;Réaliser un projet, Réaliser des expériences, Travailler en groupe;Équilibré entre Théorie et Pratique;Je ne sais pas encore;Centre de recherche;entrepreneuriat, physique, architecture;Seul(e);Travailler avec des personnes, Avoir de bonnes opportunités d'emploi, Travailler avec des technologies, Résoudre des problèmes, Avoir un métier stable;Non;;;
2026-08-21 12:31:52.000000;Professionnel(le) diplômé(e) / Actif(ve);Autre;Histoire / Géographie, Français / Langues;Français / Langues, Histoire / Géographie;Organiser, Communiquer, Travailler avec des personnes;Organiser et coordonner des projets, Gérer une entreprise ou une organisation, Gérer les finances et la comptabilité, Comprendre et utiliser des machines;Problèmes liés à l'environnement, Problèmes économiques et financiers;Réaliser des expériences, Faire des sorties / visites de terrain, Travailler en groupe, Réaliser un projet, Résoudre des exercices;Orienté très fortement Pratique & Projets;Travail principalement régulier et structuré;Usine / environnement industriel;physique, programmation, biologie;Avec beaucoup de contacts avec des clients / utilisateurs;Travailler avec des personnes, Créer ma propre entreprise;Non;;Gestionnaire de ressources humaines;4
2026-08-28 08:14:51.000000;Étudiant(e);Série OSE;Sciences de la vie / Biologie, Histoire / Géographie;Sciences de la vie / Biologie, Histoire / Géographie, Français / Langues, Économie;Organiser, Communiquer, Travailler avec des personnes, Dessiner / concevoir, Calculer;Organiser et coordonner des projets, Gérer une entreprise ou une organisation;Problèmes économiques et financiers, Problèmes liés à l'environnement;Faire des travaux pratiques, Travailler en groupe;Orienté fortement Théorie, Leçons;Je ne sais pas encore;Milieu rural;jardinage, robotique, sport;Avec beaucoup de contacts avec des partenaires;Travailler avec des technologies, Utiliser mes points forts, Travailler dans mon domaine de passion;Non;;;
2026-08-23 04:31:52.000000;Professionnel(le) diplômé(e) / Actif(ve);Série S;Physique, Chimie;Mathématiques, Physique, Chimie, Philosophie;Calculer, Analyser des informations, Résoudre des problèmes, Expérimenter, Argumenter, Organiser;Analyser des chiffres et des données, Faire des calculs et résoudre des problèmes mathématiques, Observer et comprendre des phénomènes scientifiques;Problèmes techniques et industriels, Problèmes scientifiques et expérimentaux, Problèmes mathématiques et logiques;Faire des travaux pratiques, Participer à des simulations ou études de cas, Faire des recherches documentaires;Orienté fortement Théorie, Leçons;Travail principalement régulier et structuré;Milieu rural;théâtre, sport, jeux vidéo;En grande équipe;Utiliser mes matières préférées, Faire quelque chose que j'aime, Avoir un salaire intéressant, Faire de la recherche;Non;;Médecin;4
2026-08-20 20:34:46.000000;Étudiant(e);Série Technique;Physique, Technologie / Sciences industrielles, Arts / Design;Technologie / Sciences industrielles, Mathématiques, Physique;Manipuler des outils, Dessiner / concevoir, Résoudre des problèmes, Calculer, Mémoriser, Diriger une équipe;Concevoir des systèmes techniques, Comprendre et utiliser des machines, Concevoir et construire des objets ou infrastructures;Je ne sais pas encore, Problèmes liés aux machines et aux systèmes, Problèmes techniques et industriels, Problèmes liés à la construction et aux infrastructures;Réaliser un projet, Participer à des simulations ou études de cas;Orienté très fortement Pratique & Projets;Travail principalement régulier et structuré;Terrain agricole;finance;Seul(e);Pouvoir évoluer professionnellement, Être utile à la société, Travailler dans mon domaine de passion, Créer ma propre entreprise;Non;;;
2026-08-29 01:37:53.000000;Étudiant(e);Série D;Sciences de la vie / Biologie, Mathématiques, Français / Langues;Sciences de la vie / Biologie, Chimie, Mathématiques, Français / Langues, Philosophie;Observer, Expérimenter, Résoudre des problèmes, Analyser des informations, Calculer;Étudier le vivant, les plantes ou les animaux, Réaliser des expériences en laboratoire, Observer et comprendre des phénomènes scientifiques, Protéger l'environnement;Problèmes liés à l'agriculture et à l'élevage, Problèmes liés à la santé, aux médicaments ou aux produits biologiques, Problèmes scientifiques et expérimentaux;Faire des recherches documentaires, Travailler en groupe, Faire des présentations / exposés, Faire des travaux pratiques, Réaliser un projet;Équilibré entre Théorie et Pratique;Travail principalement régulier et structuré;Hôtel / restaurant;dessin, physique, environnement;En petite équipe;Avoir un salaire intéressant, Avoir la possibilité de travailler à l'étranger;Oui;ICMP : Industries Chimiques, Minières et Pétrolières;;
2026-08-25 05:56:40.000000;Étudiant(e);Autre;Histoire / Géographie, Français / Langues;Français / Langues, Histoire / Géographie, Chimie;Organiser, Communiquer, Travailler avec des personnes, Résoudre des problèmes;Organiser et coordonner des projets, Gérer une entreprise ou une organisation, Travailler dans l'agriculture ou l'élevage;Problèmes économiques et financiers, Problèmes liés à l'environnement;Faire des travaux pratiques, Travailler en groupe;Orienté très fortement Pratique & Projets;Travail principalement régulier et structuré;Hôtel / restaurant;économie;Avec beaucoup de contacts avec des partenaires;Être utile à la société, Travailler avec des personnes, Travailler dans un domaine scientifique;Non;;;
2026-08-27 21:13:24.000000;Étudiant(e);Autre;Français / Langues, Histoire / Géographie, Informatique;Français / Langues, Histoire / Géographie;Organiser, Communiquer, Travailler avec des personnes, Analyser des informations;Organiser et coordonner des projets, Gérer une entreprise ou une organisation, Vendre, négocier ou développer une activité commerciale;Problèmes liés à l'environnement, Problèmes économiques et financiers;Réaliser un projet, Faire des travaux pratiques, Réaliser des expériences, Résoudre des exercices, Faire des présentations / exposés;Équilibré entre Théorie et Pratique;Je ne sais pas encore;Centre de recherche;robotique, sport;En grande équipe;Faire quelque chose que j'aime, Créer ma propre entreprise, Avoir un salaire intéressant, Utiliser mes matières préférées;Non;;;
2026-08-22 11:35:58.000000;Professionnel(le) diplômé(e) / Actif(ve);Série A1 /Série A2;Français / Langues, Histoire / Géographie;Français / Langues, Histoire / Géographie, Philosophie;Rédiger, Argumenter, Mémoriser, Observer;Défendre une idée ou argumenter, Étudier des lois, règles et réglementations, Communiquer et travailler avec des personnes, Développer des logiciels ou utiliser des technologies numériques;Problèmes liés à la communication et au commerce, Problèmes liés à la gestion d'une organisation, Problèmes juridiques et réglementaires;Participer à des simulations ou études de cas, Faire des présentations / exposés, Faire des recherches documentaires;Orienté fortement Théorie, Leçons;Travail avec des tâches variées;Entreprise / organisation;dessin, architecture, environnement, entrepreneuriat;Seul(e);Avoir un métier stable, Travailler dans mon domaine de passion;Non;;Agent de développement durable;5
2026-08-23 21:04:13.000000;Professionnel(le) diplômé(e) / Actif(ve);Autre;Histoire / Géographie, Français / Langues;Français / Langues, Histoire / Géographie, Chimie, Gestion / Comptabilité;Organiser, Communiquer, Travailler avec des personnes;Organiser et coordonner des projets, Gérer une entreprise ou une organisation, Cuisiner et découvrir la gastronomie;Problèmes liés à l'environnement, Problèmes économiques et financiers;Faire des sorties / visites de terrain, Faire des recherches documentaires, Résoudre des exercices, Participer à des simulations ou études de cas, Réaliser un projet;Orienté très fortement Pratique & Projets;Je ne sais pas encore;Milieu rural;marketing;Avec beaucoup de contacts avec des clients / utilisateurs;Faire quelque chose que j'aime, Utiliser mes matières préférées, Travailler dans mon domaine de passion, Utiliser mes points forts, Résoudre des problèmes;Non;;Développeur web;3
2026-08-22 18:08:33.000000;Professionnel(le) diplômé(e) / Actif(ve);Série Technique;Physique, Technologie / Sciences industrielles;Technologie / Sciences industrielles, Mathématiques, Physique, Sciences de la vie / Biologie;Manipuler des outils, Dessiner / concevoir, Résoudre des problèmes, Calculer, Organiser;Concevoir des systèmes techniques, Comprendre et utiliser des machines, Concevoir et construire des objets ou infrastructures;Problèmes techniques et industriels, Problèmes liés à la construction et aux infrastructures;Faire des travaux pratiques, Résoudre des exercices;Équilibré entre Théorie et Pratique;Travail principalement régulier et structuré;Établissement de santé / pharmaceutique;cuisine;En binôme;Résoudre des problèmes, Avoir un métier stable, Utiliser mes matières préférées;Oui;ESIIA : Electronique Système Informatique et Intelligence Artificielle;Consultant;4
2026-08-23 22:48:03.000000;Professionnel(le) diplômé(e) / Actif(ve);Série C;Chimie, Mathématiques, Informatique;Mathématiques, Physique, Chimie, Économie, Gestion / Comptabilité;Calculer, Analyser des informations, Résoudre des problèmes, Expérimenter;Analyser des chiffres et des données, Faire des calculs et résoudre des problèmes mathématiques, Observer et comprendre des phénomènes scientifiques, Communiquer et travailler avec des personnes, Concevoir et construire des objets ou infrastructures;Problèmes scientifiques et expérimentaux, Problèmes mathématiques et logiques, Problèmes techniques et industriels;Participer à des simulations ou études de cas, Résoudre des exercices, Réaliser un projet;Équilibré entre Théorie et Pratique;Travail avec des tâches variées;Laboratoire;programmation, échecs;Avec beaucoup de contacts avec des partenaires;Travailler avec des technologies, Faire de la recherche, Résoudre des problèmes, Être utile à la société;Non;;Chercheur;5
2026-08-29 10:53:39.000000;Professionnel(le) diplômé(e) / Actif(ve);Série C;Mathématiques, Physique, Technologie / Sciences industrielles;Mathématiques, Physique, Chimie;Calculer, Analyser des informations, Résoudre des problèmes, Expérimenter;Analyser des chiffres et des données, Faire des calculs et résoudre des problèmes mathématiques, Observer et comprendre des phénomènes scientifiques, Organiser et coordonner des projets;Problèmes mathématiques et logiques, Problèmes scientifiques et expérimentaux;Faire des recherches documentaires, Faire des sorties / visites de terrain, Résoudre des exercices;Orienté très fortement Pratique & Projets;Travail avec des tâches variées;Commerce / magasin;bricolage, marketing, finance;Avec beaucoup de contacts avec des partenaires;Avoir la possibilité de travailler à l'étranger, Travailler dans un domaine scientifique;Non;;Biochimiste;1
2026-08-30 02:52:06.000000;Étudiant(e);Série C;Mathématiques, Physique, Chimie, Technologie / Sciences industrielles;Mathématiques, Physique, Chimie, Arts / Design;Calculer, Analyser des informations, Résoudre des problèmes, Expérimenter, Travailler avec des personnes;Analyser des chiffres et des données, Faire des calculs et résoudre des problèmes mathématiques, Observer et comprendre des phénomènes scientifiques, Travailler dans le tourisme, Organiser et coordonner des projets;Problèmes mathématiques et logiques, Problèmes techniques et industriels;Faire des travaux pratiques, Faire des recherches documentaires, Participer à des simulations ou études de cas;Orienté très fortement Pratique & Projets;Travail avec des tâches variées;Commerce / magasin;mode;En binôme;Avoir de bonnes opportunités d'emploi, Utiliser mes points forts, Faire quelque chose que j'aime, Travailler avec des technologies, Être utile à la société;Oui;ISAIA : Informatique Statistique Appliquée et Intelligence Artificielle;;
2026-08-25 10:15:20.000000;Étudiant(e);Série L;Français / Langues, Histoire / Géographie;Français / Langues, Histoire / Géographie, Philosophie, Économie, Gestion / Comptabilité;Rédiger, Argumenter, Mémoriser, Observer, Programmer, Travailler avec des personnes;Défendre une idée ou argumenter, Étudier des lois, règles et réglementations, Communiquer et travailler avec des personnes, Observer et comprendre des phénomènes scientifiques, Faire des calculs et résoudre des problèmes mathématiques;Problèmes juridiques et réglementaires, Problèmes liés à la gestion d'une organisation;Résoudre des exercices, Réaliser des expériences, Faire des recherches documentaires, Réaliser un projet;Orienté fortement Théorie, Leçons;Travail avec des tâches variées;Milieu rural;photographie, lecture, cuisine;Seul(e);Pouvoir évoluer professionnellement, Faire de la recherche, Travailler avec des personnes, Être utile à la société;Non;;;
2026-08-21 18:29:50.000000;Étudiant(e);Série C;Mathématiques, Physique, Chimie, Technologie / Sciences industrielles;Mathématiques, Physique, Chimie;Calculer, Analyser des informations, Résoudre des problèmes, Expérimenter, Observer;Analyser des chiffres et des données, Faire des calculs et résoudre des problèmes mathématiques, Observer et comprendre des phénomènes scientifiques, Étudier des lois, règles et réglementations, Faire de la recherche scientifique;Problèmes scientifiques et expérimentaux, Je ne sais pas encore;Faire des recherches documentaires, Travailler en groupe;Orienté fortement Théorie, Leçons;Je ne sais pas encore;Terrain agricole;animaux;En petite équipe;Faire de la recherche, Avoir un salaire intéressant;Oui;ESIIA : Electronique Système Informatique et Intelligence Artificielle;;
2026-08-24 05:41:31.000000;Étudiant(e);Série C;Mathématiques, Physique, Chimie, Informatique;Mathématiques, Physique, Chimie, Informatique, Technologie / Sciences industrielles;Calculer, Analyser des informations, Résoudre des problèmes, Expérimenter, Rédiger, Mémoriser;Analyser des chiffres et des données, Faire des calculs et résoudre des problèmes mathématiques, Observer et comprendre des phénomènes scientifiques;Problèmes techniques et industriels, Problèmes scientifiques et expérimentaux, Problèmes mathématiques et logiques;Participer à des simulations ou études de cas, Réaliser des expériences, Réaliser un projet, Faire des travaux pratiques;Équilibré entre Théorie et Pratique;Travail principalement régulier et structuré;Établissement de santé / pharmaceutique;architecture, histoire, animaux, chant;En petite équipe;Pouvoir évoluer professionnellement, Travailler avec des personnes, Avoir un métier stable;Non;;;
2026-08-25 19:30:47.000000;Étudiant(e);Série L;Français / Langues, Histoire / Géographie, Philosophie, Gestion / Comptabilité;Français / Langues, Histoire / Géographie, Philosophie;Rédiger, Argumenter, Mémoriser, Observer, Travailler avec des personnes;Défendre une idée ou argumenter, Étudier des lois, règles et réglementations, Communiquer et travailler avec des personnes;Problèmes juridiques et réglementaires, Problèmes liés à la communication et au commerce, Problèmes liés à la gestion d'une organisation;Résoudre des exercices, Travailler en groupe;Orienté fortement Théorie, Leçons;Travail avec des tâches variées;Établissement de santé / pharmaceutique;architecture, peinture, astronomie;En binôme;Résoudre des problèmes, Pouvoir évoluer professionnellement;Oui;FIC : Finances et Comptabilités;;
2026-08-22 19:47:29.000000;Professionnel(le) diplômé(e) / Actif(ve);Série A1 /Série A2;Français / Langues, Philosophie, Histoire / Géographie, Économie;Français / Langues, Histoire / Géographie, Philosophie, Sciences de la vie / Biologie;Rédiger, Argumenter, Mémoriser, Observer, Dessiner / concevoir, Diriger une équipe;Défendre une idée ou argumenter, Étudier des lois, règles et réglementations, Communiquer et travailler avec des personnes, Créer et concevoir des contenus, Concevoir et construire des objets ou infrastructures;Problèmes juridiques et réglementaires, Problèmes liés à la gestion d'une organisation;Participer à des simulations ou études de cas, Réaliser des expériences, Travailler en groupe;Équilibré entre Théorie et Pratique;Travail avec des tâches variées;Entreprise / organisation;économie;Avec beaucoup de contacts avec des partenaires;Résoudre des problèmes, Travailler dans mon domaine de passion, Faire de la recherche;Oui;CAA : Commerce et Administration des Affaires;Ingénieur industriel;2
2026-08-23 12:14:18.000000;Professionnel(le) diplômé(e) / Actif(ve);Série C;Chimie, Physique, Mathématiques, Technologie / Sciences industrielles;Mathématiques, Physique, Chimie, Gestion / Comptabilité, Technologie / Sciences industrielles;Calculer, Analyser des informations, Résoudre des problèmes, Expérimenter, Organiser;Analyser des chiffres et des données, Faire des calculs et résoudre des problèmes mathématiques, Observer et comprendre des phénomènes scientifiques;Problèmes scientifiques et expérimentaux, Problèmes mathématiques et logiques, Problèmes techniques et industriels;Réaliser un projet, Participer à des simulations ou études de cas;Équilibré entre Théorie et Pratique;Travail avec des tâches variées;Bureau / administration;robotique;Cela m'est égal;Travailler avec des technologies, Avoir un métier stable, Travailler dans mon domaine de passion, Utiliser mes matières préférées;Non;;Avocat;5
2026-08-30 21:37:10.000000;Étudiant(e);Série L;Français / Langues, Philosophie, Histoire / Géographie;Français / Langues, Histoire / Géographie, Philosophie;Rédiger, Argumenter, Mémoriser, Observer, Expérimenter;Défendre une idée ou argumenter, Étudier des lois, règles et réglementations, Communiquer et travailler avec des personnes;Problèmes liés à la gestion d'une organisation, Problèmes juridiques et réglementaires, Problèmes liés à la communication et au commerce;Faire des présentations / exposés, Faire des recherches documentaires, Faire des travaux pratiques;Équilibré entre Théorie et Pratique;Travail principalement régulier et structuré;Tribunal / administration juridique;design, théâtre;Cela m'est égal;Utiliser mes matières préférées, Avoir la possibilité de travailler à l'étranger, Créer ma propre entreprise, Pouvoir évoluer professionnellement;Oui;EMP : Economie et Management de Projet;;
2026-08-30 05:54:32.000000;Étudiant(e);Série D;Sciences de la vie / Biologie, Chimie, Physique, Français / Langues;Sciences de la vie / Biologie, Chimie, Mathématiques, Philosophie;Observer, Expérimenter, Résoudre des problèmes, Analyser des informations, Programmer, Mémoriser;Étudier le vivant, les plantes ou les animaux, Réaliser des expériences en laboratoire, Observer et comprendre des phénomènes scientifiques, Développer des logiciels ou utiliser des technologies numériques, Étudier les propriétés des substances et des matériaux;Problèmes liés à la santé, aux médicaments ou aux produits biologiques, Problèmes liés à l'agriculture et à l'élevage, Problèmes scientifiques et expérimentaux;Réaliser des expériences, Réaliser un projet, Faire des travaux pratiques, Faire des présentations / exposés;Équilibré entre Théorie et Pratique;Travail avec des tâches variées;Tribunal / administration juridique;mathématiques, cinéma;Avec beaucoup de contacts avec des clients / utilisateurs;Avoir un métier stable, Travailler avec des technologies, Être utile à la société;Non;;;
2026-08-21 01:52:54.000000;Professionnel(le) diplômé(e) / Actif(ve);Série OSE;Sciences de la vie / Biologie, Histoire / Géographie, Français / Langues, Économie;Sciences de la vie / Biologie, Histoire / Géographie;Organiser, Communiquer, Travailler avec des personnes, Rédiger, Résoudre des problèmes;Organiser et coordonner des projets, Gérer une entreprise ou une organisation, Développer des logiciels ou utiliser des technologies numériques;Problèmes liés à l'environnement, Problèmes économiques et financiers;Travailler en groupe, Faire des travaux pratiques, Faire des recherches documentaires;Équilibré entre Théorie et Pratique;Travail avec des tâches variées;Établissement de santé / pharmaceutique;écriture, lecture, cuisine, jardinage;Avec beaucoup de contacts avec des partenaires;Résoudre des problèmes, Créer ma propre entreprise, Avoir de bonnes opportunités d'emploi;Oui;CAA : Commerce et Administration des Affaires;Analyste financier;3
2026-08-27 12:44:54.000000;Professionnel(le) diplômé(e) / Actif(ve);Série L;Philosophie, Histoire / Géographie;Français / Langues, Histoire / Géographie, Philosophie, Chimie;Rédiger, Argumenter, Mémoriser, Observer, Calculer;Défendre une idée ou argumenter, Étudier des lois, règles et réglementations, Communiquer et travailler avec des personnes, Étudier le vivant, les plantes ou les animaux, Étudier les propriétés des substances et des matériaux;Problèmes liés à la communication et au commerce, Problèmes juridiques et réglementaires, Problèmes liés à la gestion d'une organisation;Faire des sorties / visites de terrain, Faire des travaux pratiques;Équilibré entre Théorie et Pratique;Travail principalement régulier et structuré;Laboratoire;sport;En binôme;Avoir un métier stable, Avoir la possibilité de travailler à l'étranger, Travailler avec des technologies, Travailler avec des personnes, Être utile à la société;Non;;Développeur web;1
2026-08-30 17:10:36.000000;Étudiant(e);Série OSE;Français / Langues, Sciences de la vie / Biologie;Sciences de la vie / Biologie, Histoire / Géographie, Technologie / Sciences industrielles;Organiser, Communiquer, Travailler avec des personnes, Argumenter, Mémoriser;Organiser et coordonner des projets, Gérer une entreprise ou une organisation, Étudier le vivant, les plantes ou les animaux;Problèmes économiques et financiers, Problèmes liés à l'environnement;Résoudre des exercices, Faire des présentations / exposés, Réaliser un projet;Orienté très fortement Pratique & Projets;Travail avec des tâches variées;Usine / environnement industriel;photographie, économie, cinéma;Avec beaucoup de contacts avec des partenaires;Résoudre des problèmes, Créer ma propre entreprise, Faire quelque chose que j'aime, Avoir la possibilité de travailler à l'étranger;Non;;;
2026-08-24 02:23:24.000000;Étudiant(e);Série S;Physique, Chimie, Technologie / Sciences industrielles;Mathématiques, Physique, Chimie;Calculer, Analyser des informations, Résoudre des problèmes, Expérimenter;Analyser des chiffres et des données, Faire des calculs et résoudre des problèmes mathématiques, Observer et comprendre des phénomènes scientifiques;Problèmes scientifiques et expérimentaux, Problèmes mathématiques et logiques;Participer à des simulations ou études de cas, Faire des recherches documentaires, Faire des sorties / visites de terrain;Orienté très fortement Pratique & Projets;Je ne sais pas encore;Établissement de santé / pharmaceutique;dessin;En petite équipe;Utiliser mes matières préférées, Créer ma propre entreprise, Travailler avec des personnes, Être utile à la société;Non;;;
2026-08-25 12:10:03.000000;Étudiant(e);Autre;Histoire / Géographie, Français / Langues, Informatique;Français / Langues, Histoire / Géographie, Mathématiques, Philosophie;Organiser, Communiquer, Travailler avec des personnes, Rédiger, Diriger une équipe;Organiser et coordonner des projets, Gérer une entreprise ou une organisation;Problèmes liés à l'environnement, Je ne sais pas encore, Problèmes économiques et financiers;Réaliser des expériences, Faire des travaux pratiques, Réaliser un projet, Faire des recherches documentaires;Équilibré entre Théorie et Pratique;Je ne sais pas encore;Milieu rural;lecture, entrepreneuriat;Cela m'est égal;Travailler avec des personnes, Utiliser mes points forts;Oui;CAA : Commerce et Administration des Affaires;;
2026-08-28 06:20:41.000000;Étudiant(e);Série OSE;Français / Langues, Histoire / Géographie, Sciences de la vie / Biologie;Sciences de la vie / Biologie, Histoire / Géographie;Organiser, Communiquer, Travailler avec des personnes;Organiser et coordonner des projets, Gérer une entreprise ou une organisation;Problèmes économiques et financiers, Problèmes liés à l'environnement;Travailler en groupe, Faire des travaux pratiques, Participer à des simulations ou études de cas, Faire des présentations / exposés, Faire des sorties / visites de terrain;Orienté fortement Théorie, Leçons;Travail avec des tâches variées;Tribunal / administration juridique;animaux, économie, géopolitique;En binôme;Faire de la recherche, Travailler dans mon domaine de passion, Utiliser mes points forts, Travailler avec des personnes, Créer ma propre entreprise;Oui;CAA : Commerce et Administration des Affaires;;
2026-08-20 10:49:28.000000;Étudiant(e);Série C;Mathématiques, Physique;Mathématiques, Physique, Chimie, Histoire / Géographie;Calculer, Analyser des informations, Résoudre des problèmes, Expérimenter;Analyser des chiffres et des données, Faire des calculs et résoudre des problèmes mathématiques, Observer et comprendre des phénomènes scientifiques;Je ne sais pas encore, Problèmes scientifiques et expérimentaux;Réaliser un projet, Faire des présentations / exposés, Faire des sorties / visites de terrain, Participer à des simulations ou études de cas;Orienté fortement Théorie, Leçons;Travail principalement régulier et structuré;Je ne sais pas encore;musique;Avec beaucoup de contacts avec des partenaires;Résoudre des problèmes, Travailler dans un domaine scientifique, Travailler avec des personnes, Utiliser mes matières préférées, Avoir un salaire intéressant;Oui;ESIIA : Electronique Système Informatique et Intelligence Artificielle;;
2026-08-27 07:28:34.000000;Professionnel(le) diplômé(e) / Actif(ve);Série D;Physique, Sciences de la vie / Biologie;Sciences de la vie / Biologie, Chimie, Mathématiques, Français / Langues;Observer, Expérimenter, Résoudre des problèmes, Analyser des informations, Dessiner / concevoir;Étudier le vivant, les plantes ou les animaux, Réaliser des expériences en laboratoire, Observer et comprendre des phénomènes scientifiques, Gérer une entreprise ou une organisation, Vendre, négocier ou développer une activité commerciale;Problèmes liés à la santé, aux médicaments ou aux produits biologiques, Problèmes liés à l'agriculture et à l'élevage;Participer à des simulations ou études de cas, Faire des présentations / exposés;Orienté fortement Théorie, Leçons;Travail principalement régulier et structuré;Bureau / administration;peinture, chant;En petite équipe;Être utile à la société, Pouvoir évoluer professionnellement, Utiliser mes points forts;Non;;Ingénieur civil;4
2026-08-23 04:53:09.000000;Étudiant(e);Série S;Physique, Mathématiques, Informatique;Mathématiques, Physique, Chimie, Gestion / Comptabilité;Calculer, Analyser des informations, Résoudre des problèmes, Expérimenter;Analyser des chiffres et des données, Faire des calculs et résoudre des problèmes mathématiques, Observer et comprendre des phénomènes scientifiques, Comprendre et utiliser des machines;Problèmes mathématiques et logiques, Problèmes techniques et industriels, Problèmes scientifiques et expérimentaux;Travailler en groupe, Réaliser un projet, Faire des recherches documentaires, Faire des sorties / visites de terrain, Faire des travaux pratiques;Orienté fortement Théorie, Leçons;Travail principalement régulier et structuré;Environnement informatique / numérique;bricolage, chant, sport;Seul(e);Utiliser mes matières préférées, Avoir la possibilité de travailler à l'étranger, Être utile à la société, Avoir un métier stable;Oui;IGGLIA : Informatique de Gestion Génie Logiciel et Intelligence Artificielle;;
2026-08-29 21:01:20.000000;Professionnel(le) diplômé(e) / Actif(ve);Série Technique;Technologie / Sciences industrielles, Mathématiques, Physique;Technologie / Sciences industrielles, Mathématiques, Physique, Français / Langues, Histoire / Géographie;Manipuler des outils, Dessiner / concevoir, Résoudre des problèmes, Calculer, Mémoriser;Concevoir des systèmes techniques, Comprendre et utiliser des machines, Concevoir et construire des objets ou infrastructures, Organiser et coordonner des projets, Observer et comprendre des phénomènes scientifiques;Problèmes liés à la construction et aux infrastructures, Problèmes liés aux machines et aux systèmes, Problèmes techniques et industriels;Résoudre des exercices, Faire des sorties / visites de terrain, Faire des travaux pratiques, Participer à des simulations ou études de cas, Faire des recherches documentaires;Équilibré entre Théorie et Pratique;Travail avec des tâches variées;Environnement naturel;jardinage, robotique, mathématiques, chant;En grande équipe;Créer ma propre entreprise, Travailler dans un domaine scientifique, Travailler dans mon domaine de passion, Faire quelque chose que j'aime, Avoir de bonnes opportunités d'emploi;Non;;Chef de projet;4
2026-08-27 07:17:21.000000;Étudiant(e);Série D;Chimie, Mathématiques, Histoire / Géographie;Sciences de la vie / Biologie, Chimie, Mathématiques, Philosophie, Gestion / Comptabilité;Observer, Expérimenter, Résoudre des problèmes, Analyser des informations;Étudier le vivant, les plantes ou les animaux, Réaliser des expériences en laboratoire, Observer et comprendre des phénomènes scientifiques;Problèmes scientifiques et expérimentaux, Problèmes liés à l'agriculture et à l'élevage, Problèmes liés à la santé, aux médicaments ou aux produits biologiques;Faire des sorties / visites de terrain, Faire des recherches documentaires, Réaliser un projet;Orienté très fortement Pratique & Projets;Je ne sais pas encore;Banque / institution financière;peinture, cuisine, physique;Seul(e);Faire quelque chose que j'aime, Utiliser mes points forts;Non;;;
2026-08-25 14:10:58.000000;Étudiant(e);Série L;Français / Langues, Histoire / Géographie, Gestion / Comptabilité;Français / Langues, Histoire / Géographie, Philosophie, Chimie, Sciences de la vie / Biologie;Rédiger, Argumenter, Mémoriser, Observer;Défendre une idée ou argumenter, Étudier des lois, règles et réglementations, Communiquer et travailler avec des personnes;Problèmes juridiques et réglementaires, Problèmes liés à la communication et au commerce, Problèmes liés à la gestion d'une organisation;Faire des travaux pratiques, Résoudre des exercices;Équilibré entre Théorie et Pratique;Je ne sais pas encore;Entreprise / organisation;musique, mode, astronomie, entrepreneuriat;Avec beaucoup de contacts avec des clients / utilisateurs;Être utile à la société, Créer ma propre entreprise, Avoir un métier stable, Travailler avec des technologies, Travailler dans un domaine scientifique;Oui;FIC : Finances et Comptabilités;;
2026-08-28 20:42:26.000000;Étudiant(e);Série S;Chimie, Physique, Mathématiques;Mathématiques, Physique, Chimie, Gestion / Comptabilité;Calculer, Analyser des informations, Résoudre des problèmes, Expérimenter, Organiser;Analyser des chiffres et des données, Faire des calculs et résoudre des problèmes mathématiques, Observer et comprendre des phénomènes scientifiques;Problèmes scientifiques et expérimentaux, Problèmes mathématiques et logiques, Problèmes techniques et industriels;Faire des sorties / visites de terrain, Participer à des simulations ou études de cas, Faire des recherches documentaires, Faire des travaux pratiques;Équilibré entre Théorie et Pratique;Je ne sais pas encore;Terrain agricole;musique, mode, échecs;Seul(e);Travailler avec des personnes, Utiliser mes matières préférées, Utiliser mes points forts, Travailler dans mon domaine de passion;Oui;ISAIA : Informatique Statistique Appliquée et Intelligence Artificielle;;
2026-08-24 06:34:43.000000;Professionnel(le) diplômé(e) / Actif(ve);Série OSE;Histoire / Géographie, Français / Langues;Sciences de la vie / Biologie, Histoire / Géographie;Organiser, Communiquer, Travailler avec des personnes, Dessiner / concevoir, Calculer;Organiser et coordonner des projets, Gérer une entreprise ou une organisation, Communiquer et travailler avec des personnes, Faire des calculs et résoudre des problèmes mathématiques;Problèmes liés à l'environnement, Problèmes économiques et financiers;Faire des recherches documentaires, Réaliser un projet;Équilibré entre Théorie et Pratique;Travail avec des tâches variées;Hôtel / restaurant;musique, marketing;En grande équipe;Avoir la possibilité de travailler à l'étranger, Travailler dans mon domaine de passion, Travailler avec des personnes, Travailler avec des technologies, Travailler dans un domaine scientifique;Oui;EMP : Economie et Management de Projet;Chef cuisinier;5
2026-08-28 01:43:44.000000;Étudiant(e);Série S;Mathématiques, Chimie, Physique;Mathématiques, Physique, Chimie, Arts / Design;Calculer, Analyser des informations, Résoudre des problèmes, Expérimenter, Diriger une équipe;Analyser des chiffres et des données, Faire des calculs et résoudre des problèmes mathématiques, Observer et comprendre des phénomènes scientifiques;Problèmes scientifiques et expérimentaux, Problèmes techniques et industriels;Faire des sorties / visites de terrain, Réaliser un projet, Faire des travaux pratiques, Travailler en groupe, Réaliser des expériences;Orienté fortement Théorie, Leçons;Travail avec des tâches variées;Usine / environnement industriel;marketing;En grande équipe;Utiliser mes matières préférées, Créer ma propre entreprise, Avoir un salaire intéressant, Pouvoir évoluer professionnellement;Non;;;
2026-08-25 03:05:32.000000;Étudiant(e);Série Technique;Technologie / Sciences industrielles, Mathématiques, Informatique;Technologie / Sciences industrielles, Mathématiques, Physique;Manipuler des outils, Dessiner / concevoir, Résoudre des problèmes, Calculer, Argumenter;Concevoir des systèmes techniques, Comprendre et utiliser des machines, Concevoir et construire des objets ou infrastructures;Problèmes liés aux machines et aux systèmes, Problèmes liés à la construction et aux infrastructures;Participer à des simulations ou études de cas, Travailler en groupe, Faire des présentations / exposés, Faire des travaux pratiques, Faire des recherches documentaires;Orienté fortement Théorie, Leçons;Travail avec des tâches variées;Environnement naturel;physique;En grande équipe;Utiliser mes points forts, Travailler dans un domaine scientifique;Oui;ESIIA : Electronique Système Informatique et Intelligence Artificielle;;
2026-08-27 16:11:11.000000;Étudiant(e);Série Technique;Technologie / Sciences industrielles, Physique, Mathématiques;Technologie / Sciences industrielles, Mathématiques, Physique, Chimie, Philosophie;Manipuler des outils, Dessiner / concevoir, Résoudre des problèmes, Calculer, Organiser;Concevoir des systèmes techniques, Comprendre et utiliser des machines, Concevoir et construire des objets ou infrastructures, Gérer les finances et la comptabilité;Problèmes liés aux machines et aux systèmes, Problèmes techniques et industriels, Problèmes liés à la construction et aux infrastructures;Résoudre des exercices, Faire des présentations / exposés, Faire des sorties / visites de terrain;Équilibré entre Théorie et Pratique;Je ne sais pas encore;Atelier;biologie, écriture;Avec beaucoup de contacts avec des clients / utilisateurs;Créer ma propre entreprise, Avoir de bonnes opportunités d'emploi;Non;;;
2026-08-21 06:25:48.000000;Étudiant(e);Série OSE;Histoire / Géographie, Français / Langues, Sciences de la vie / Biologie, Économie;Sciences de la vie / Biologie, Histoire / Géographie;Organiser, Communiquer, Travailler avec des personnes, Programmer, Argumenter;Organiser et coordonner des projets, Gérer une entreprise ou une organisation, Étudier les propriétés des substances et des matériaux, Découvrir et faire découvrir des cultures;Problèmes liés à l'environnement, Je ne sais pas encore, Problèmes économiques et financiers;Faire des présentations / exposés, Réaliser un projet, Faire des sorties / visites de terrain, Travailler en groupe, Réaliser des expériences;Orienté très fortement Pratique & Projets;Je ne sais pas encore;Commerce / magasin;architecture, peinture;Avec beaucoup de contacts avec des clients / utilisateurs;Utiliser mes matières préférées, Être utile à la société, Avoir un salaire intéressant, Utiliser mes points forts;Oui;CAA : Commerce et Administration des Affaires;;
2026-08-30 20:12:46.000000;Étudiant(e);Série C;Chimie, Mathématiques, Physique, Informatique;Mathématiques, Physique, Chimie;Calculer, Analyser des informations, Résoudre des problèmes, Expérimenter, Observer;Analyser des chiffres et des données, Faire des calculs et résoudre des problèmes mathématiques, Observer et comprendre des phénomènes scientifiques, Travailler dans l'agriculture ou l'élevage, Découvrir et faire découvrir des cultures;Problèmes techniques et industriels, Problèmes mathématiques et logiques, Problèmes scientifiques et expérimentaux;Réaliser un projet, Travailler en groupe, Faire des sorties / visites de terrain, Faire des recherches documentaires, Faire des présentations / exposés;Équilibré entre Théorie et Pratique;Travail avec des tâches variées;Tribunal / administration juridique;bricolage, histoire, programmation;En grande équipe;Travailler dans mon domaine de passion, Résoudre des problèmes, Avoir un métier stable, Travailler avec des personnes, Utiliser mes matières préférées;Non;;;
2026-08-30 23:53:17.000000;Étudiant(e);Série A1 /Série A2;Philosophie, Français / Langues, Histoire / Géographie, Économie;Français / Langues, Histoire / Géographie, Philosophie, Chimie;Rédiger, Argumenter, Mémoriser, Observer, Calculer;Défendre une idée ou argumenter, Étudier des lois, règles et réglementations, Communiquer et travailler avec des personnes, Travailler dans l'agriculture ou l'élevage;Problèmes liés à la gestion d'une organisation, Problèmes liés à la communication et au commerce, Problèmes juridiques et réglementaires;Réaliser des expériences, Faire des sorties / visites de terrain, Faire des présentations / exposés, Faire des travaux pratiques, Réaliser un projet;Orienté fortement Théorie, Leçons;Travail avec des tâches variées;Commerce / magasin;jardinage, chant, animaux, langues;En grande équipe;Faire quelque chose que j'aime, Utiliser mes points forts, Avoir un métier stable, Pouvoir évoluer professionnellement;Non;;;
2026-08-26 15:26:38.000000;Professionnel(le) diplômé(e) / Actif(ve);Série L;Histoire / Géographie, Philosophie, Français / Langues;Français / Langues, Histoire / Géographie, Philosophie, Sciences de la vie / Biologie, Mathématiques;Rédiger, Argumenter, Mémoriser, Observer;Défendre une idée ou argumenter, Étudier des lois, règles et réglementations, Communiquer et travailler avec des personnes;Problèmes liés à la gestion d'une organisation, Je ne sais pas encore, Problèmes juridiques et réglementaires, Problèmes liés à la communication et au commerce;Faire des présentations / exposés, Faire des travaux pratiques, Faire des recherches documentaires;Orienté fortement Théorie, Leçons;Travail principalement régulier et structuré;Atelier;sport, langues, jardinage, astronomie;En grande équipe;Travailler avec des technologies, Faire quelque chose que j'aime;Non;;Ingénieur logiciel;1
2026-08-22 14:03:16.000000;Étudiant(e);Série D;Sciences de la vie / Biologie, Mathématiques, Chimie, Histoire / Géographie;Sciences de la vie / Biologie, Chimie, Mathématiques, Technologie / Sciences industrielles, Économie;Observer, Expérimenter, Résoudre des problèmes, Analyser des informations;Étudier le vivant, les plantes ou les animaux, Réaliser des expériences en laboratoire, Observer et comprendre des phénomènes scientifiques;Problèmes liés à la santé, aux médicaments ou aux produits biologiques, Problèmes liés à l'agriculture et à l'élevage, Problèmes scientifiques et expérimentaux;Faire des travaux pratiques, Faire des recherches documentaires, Faire des présentations / exposés;Orienté fortement Théorie, Leçons;Je ne sais pas encore;Chantier;cuisine, marketing, écriture;En binôme;Avoir de bonnes opportunités d'emploi, Résoudre des problèmes;Non;;;
2026-08-30 06:30:41.000000;Étudiant(e);Série L;Histoire / Géographie, Français / Langues;Français / Langues, Histoire / Géographie, Philosophie;Rédiger, Argumenter, Mémoriser, Observer, Diriger une équipe, Travailler avec des personnes;Défendre une idée ou argumenter, Étudier des lois, règles et réglementations, Communiquer et travailler avec des personnes, Concevoir des systèmes techniques, Concevoir et construire des objets ou infrastructures;Problèmes juridiques et réglementaires, Problèmes liés à la gestion d'une organisation, Problèmes liés à la communication et au commerce;Faire des présentations / exposés, Travailler en groupe, Faire des sorties / visites de terrain, Réaliser des expériences;Orienté fortement Théorie, Leçons;Travail principalement régulier et structuré;Entreprise / organisation;électronique;Avec beaucoup de contacts avec des clients / utilisateurs;Travailler avec des personnes, Utiliser mes matières préférées, Être utile à la société, Pouvoir évoluer professionnellement;Oui;EMP : Economie et Management de Projet;;
2026-08-21 20:03:53.000000;Étudiant(e);Série Technique;Physique, Mathématiques, Technologie / Sciences industrielles;Technologie / Sciences industrielles, Mathématiques, Physique;Manipuler des outils, Dessiner / concevoir, Résoudre des problèmes, Calculer, Argumenter;Concevoir des systèmes techniques, Comprendre et utiliser des machines, Concevoir et construire des objets ou infrastructures;Problèmes techniques et industriels, Problèmes liés à la construction et aux infrastructures;Faire des travaux pratiques, Faire des recherches documentaires, Réaliser des expériences, Faire des présentations / exposés;Orienté fortement Théorie, Leçons;Travail principalement régulier et structuré;Bureau / administration;danse;Avec beaucoup de contacts avec des partenaires;Avoir un métier stable, Travailler avec des personnes, Avoir de bonnes opportunités d'emploi, Utiliser mes matières préférées, Utiliser mes points forts;Non;;;
2026-08-27 09:20:34.000000;Professionnel(le) diplômé(e) / Actif(ve);Série A1 /Série A2;Histoire / Géographie, Français / Langues, Arts / Design;Français / Langues, Histoire / Géographie, Philosophie;Rédiger, Argumenter, Mémoriser, Observer;Défendre une idée ou argumenter, Étudier des lois, règles et réglementations, Communiquer et travailler avec des personnes;Problèmes juridiques et réglementaires, Problèmes liés à la gestion d'une organisation, Problèmes liés à la communication et au commerce;Faire des présentations / exposés, Travailler en groupe, Faire des sorties / visites de terrain;Orienté très fortement Pratique & Projets;Je ne sais pas encore;Commerce / magasin;entrepreneuriat, robotique, architecture;Avec beaucoup de contacts avec des clients / utilisateurs;Utiliser mes points forts, Créer ma propre entreprise;Oui;DTJA : Droit et Techniques Juridiques des Affaires;Ingénieur environnement;3
2026-08-25 22:47:43.000000;Étudiant(e);Série OSE;Français / Langues, Sciences de la vie / Biologie, Économie;Sciences de la vie / Biologie, Histoire / Géographie, Économie;Organiser, Communiquer, Travailler avec des personnes, Mémoriser;Organiser et coordonner des projets, Gérer une entreprise ou une organisation, Analyser des chiffres et des données;Problèmes liés à l'environnement, Problèmes économiques et financiers;Faire des recherches documentaires, Résoudre des exercices, Faire des présentations / exposés, Réaliser un projet, Faire des sorties / visites de terrain;Orienté fortement Théorie, Leçons;Travail principalement régulier et structuré;Milieu rural;marketing, géopolitique, animaux;Avec beaucoup de contacts avec des partenaires;Utiliser mes points forts, Créer ma propre entreprise, Travailler avec des personnes, Travailler dans mon domaine de passion, Résoudre des problèmes;Non;;;
2026-08-28 19:54:53.000000;Étudiant(e);Série OSE;Sciences de la vie / Biologie, Histoire / Géographie, Français / Langues, Économie;Sciences de la vie / Biologie, Histoire / Géographie;Organiser, Communiquer, Travailler avec des personnes, Programmer, Expérimenter;Organiser et coordonner des projets, Gérer une entreprise ou une organisation, Travailler dans l'agriculture ou l'élevage, Défendre une idée ou argumenter;Problèmes liés à l'environnement, Problèmes économiques et financiers;Participer à des simulations ou études de cas, Faire des travaux pratiques, Réaliser des expériences;Orienté très fortement Pratique & Projets;Travail avec des tâches variées;Chantier;programmation;En petite équipe;Travailler avec des technologies, Avoir un métier stable, Créer ma propre entreprise, Travailler avec des personnes, Être utile à la société;Non;;;
2026-08-29 09:21:15.000000;Étudiant(e);Série L;Philosophie, Français / Langues, Histoire / Géographie, Gestion / Comptabilité;Français / Langues, Histoire / Géographie, Philosophie, Gestion / Comptabilité;Rédiger, Argumenter, Mémoriser, Observer, Programmer;Défendre une idée ou argumenter, Étudier des lois, règles et réglementations, Communiquer et travailler avec des personnes, Faire des calculs et résoudre des problèmes mathématiques;Problèmes liés à la gestion d'une organisation, Problèmes liés à la communication et au commerce, Problèmes juridiques et réglementaires;Réaliser un projet, Faire des recherches documentaires;Orienté très fortement Pratique & Projets;Travail avec des tâches variées;Terrain agricole;mathématiques, langues, dessin, mode;Avec beaucoup de contacts avec des clients / utilisateurs;Avoir un salaire intéressant, Travailler dans un domaine scientifique, Faire quelque chose que j'aime, Avoir un métier stable;Oui;TEH : Tourisme , Environnement et Hôtellerie;;
2026-08-25 18:13:08.000000;Étudiant(e);Série OSE;Histoire / Géographie, Sciences de la vie / Biologie, Français / Langues, Économie;Sciences de la vie / Biologie, Histoire / Géographie, Chimie, Arts / Design;Organiser, Communiquer, Travailler avec des personnes, Résoudre des problèmes;Organiser et coordonner des projets, Gérer une entreprise ou une organisation;Problèmes liés à l'environnement, Problèmes économiques et financiers;Faire des recherches documentaires, Réaliser un projet, Travailler en groupe;Orienté très fortement Pratique & Projets;Je ne sais pas encore;Terrain agricole;théâtre, jardinage, astronomie;Avec beaucoup de contacts avec des clients / utilisateurs;Pouvoir évoluer professionnellement, Avoir un métier stable, Résoudre des problèmes;Oui;EMP : Economie et Management de Projet;;
2026-08-30 05:28:05.000000;Professionnel(le) diplômé(e) / Actif(ve);Série Technique;Technologie / Sciences industrielles, Mathématiques;Technologie / Sciences industrielles, Mathématiques, Physique, Français / Langues;Manipuler des outils, Dessiner / concevoir, Résoudre des problèmes, Calculer, Analyser des informations, Communiquer;Concevoir des systèmes techniques, Comprendre et utiliser des machines, Concevoir et construire des objets ou infrastructures;Problèmes liés aux machines et aux systèmes, Problèmes techniques et industriels;Réaliser un projet, Faire des présentations / exposés, Faire des travaux pratiques;Équilibré entre Théorie et Pratique;Travail avec des tâches variées;Environnement naturel;jeux vidéo;Seul(e);Travailler dans un domaine scientifique, Avoir un salaire intéressant, Utiliser mes matières préférées, Travailler avec des technologies;Non;;Directeur marketing;5
2026-08-30 18:16:13.000000;Étudiant(e);Série D;Mathématiques, Physique, Français / Langues;Sciences de la vie / Biologie, Chimie, Mathématiques;Observer, Expérimenter, Résoudre des problèmes, Analyser des informations, Organiser, Manipuler des outils;Étudier le vivant, les plantes ou les animaux, Réaliser des expériences en laboratoire, Observer et comprendre des phénomènes scientifiques, Défendre une idée ou argumenter, Faire de la recherche scientifique;Problèmes liés à la santé, aux médicaments ou aux produits biologiques, Problèmes liés à l'agriculture et à l'élevage, Problèmes scientifiques et expérimentaux;Participer à des simulations ou études de cas, Faire des recherches documentaires;Orienté très fortement Pratique & Projets;Travail avec des tâches variées;Usine / environnement industriel;lecture;En binôme;Faire quelque chose que j'aime, Être utile à la société, Faire de la recherche, Pouvoir évoluer professionnellement;Non;;;
2026-08-20 01:00:52.000000;Étudiant(e);Série A1 /Série A2;Français / Langues, Philosophie;Français / Langues, Histoire / Géographie, Philosophie, Chimie, Physique;Rédiger, Argumenter, Mémoriser, Observer, Calculer, Communiquer;Défendre une idée ou argumenter, Étudier des lois, règles et réglementations, Communiquer et travailler avec des personnes, Comprendre et utiliser des machines;Problèmes liés à la communication et au commerce, Problèmes juridiques et réglementaires, Problèmes liés à la gestion d'une organisation;Résoudre des exercices, Réaliser des expériences;Équilibré entre Théorie et Pratique;Travail avec des tâches variées;Environnement naturel;physique, électronique, économie;En petite équipe;Créer ma propre entreprise, Être utile à la société, Utiliser mes points forts, Faire quelque chose que j'aime;Non;;;
2026-08-25 22:35:16.000000;Étudiant(e);Autre;Français / Langues, Histoire / Géographie, Arts / Design;Français / Langues, Histoire / Géographie, Gestion / Comptabilité;Organiser, Communiquer, Travailler avec des personnes;Organiser et coordonner des projets, Gérer une entreprise ou une organisation, Découvrir et faire découvrir des cultures, Défendre une idée ou argumenter;Problèmes économiques et financiers, Problèmes liés à l'environnement;Résoudre des exercices, Faire des recherches documentaires, Réaliser des expériences;Équilibré entre Théorie et Pratique;Travail avec des tâches variées;Terrain agricole;environnement, jeux vidéo, cuisine;En petite équipe;Avoir un métier stable, Avoir un salaire intéressant;Oui;TEH : Tourisme , Environnement et Hôtellerie;;
2026-08-27 06:22:22.000000;Professionnel(le) diplômé(e) / Actif(ve);Série Technique;Technologie / Sciences industrielles, Mathématiques;Technologie / Sciences industrielles, Mathématiques, Physique, Français / Langues;Manipuler des outils, Dessiner / concevoir, Résoudre des problèmes, Calculer;Concevoir des systèmes techniques, Comprendre et utiliser des machines, Concevoir et construire des objets ou infrastructures;Problèmes liés à la construction et aux infrastructures, Problèmes techniques et industriels, Problèmes liés aux machines et aux systèmes;Faire des travaux pratiques, Faire des présentations / exposés, Réaliser des expériences, Participer à des simulations ou études de cas;Orienté fortement Théorie, Leçons;Travail avec des tâches variées;Chantier;physique, animaux, cuisine;En grande équipe;Être utile à la société, Avoir la possibilité de travailler à l'étranger;Oui;ESIIA : Electronique Système Informatique et Intelligence Artificielle;Consultant;3
2026-08-22 03:19:19.000000;Étudiant(e);Série D;Mathématiques, Chimie, Physique;Sciences de la vie / Biologie, Chimie, Mathématiques;Observer, Expérimenter, Résoudre des problèmes, Analyser des informations, Manipuler des outils, Mémoriser;Étudier le vivant, les plantes ou les animaux, Réaliser des expériences en laboratoire, Observer et comprendre des phénomènes scientifiques, Travailler dans le tourisme, Comprendre et utiliser des machines;Problèmes liés à l'agriculture et à l'élevage, Problèmes liés à la santé, aux médicaments ou aux produits biologiques;Participer à des simulations ou études de cas, Travailler en groupe, Faire des travaux pratiques, Faire des sorties / visites de terrain, Réaliser des expériences;Orienté fortement Théorie, Leçons;Travail avec des tâches variées;Banque / institution financière;écriture, finance;Cela m'est égal;Faire de la recherche, Avoir un salaire intéressant, Avoir la possibilité de travailler à l'étranger, Faire quelque chose que j'aime;Oui;PIP : Pharmacologie et Industries Pharmaceutiques;;
2026-08-29 03:06:01.000000;Étudiant(e);Autre;Français / Langues, Histoire / Géographie, Informatique;Français / Langues, Histoire / Géographie, Arts / Design, Chimie;Organiser, Communiquer, Travailler avec des personnes, Rédiger;Organiser et coordonner des projets, Gérer une entreprise ou une organisation;Problèmes liés à l'environnement, Problèmes économiques et financiers;Faire des présentations / exposés, Participer à des simulations ou études de cas, Faire des travaux pratiques, Travailler en groupe, Faire des recherches documentaires;Orienté fortement Théorie, Leçons;Je ne sais pas encore;Environnement informatique / numérique;économie, mode, jardinage;Avec beaucoup de contacts avec des clients / utilisateurs;Travailler avec des technologies, Utiliser mes matières préférées, Être utile à la société;Non;;;
2026-08-30 12:53:41.000000;Étudiant(e);Série OSE;Sciences de la vie / Biologie, Histoire / Géographie, Français / Langues, Économie;Sciences de la vie / Biologie, Histoire / Géographie, Mathématiques;Organiser, Communiquer, Travailler avec des personnes, Calculer;Organiser et coordonner des projets, Gérer une entreprise ou une organisation, Étudier les propriétés des substances et des matériaux, Développer des logiciels ou utiliser des technologies numériques;Problèmes liés à l'environnement, Problèmes économiques et financiers;Travailler en groupe, Faire des présentations / exposés, Participer à des simulations ou études de cas;Orienté très fortement Pratique & Projets;Je ne sais pas encore;Centre de recherche;économie, mathématiques, jardinage;En binôme;Faire quelque chose que j'aime, Créer ma propre entreprise, Pouvoir évoluer professionnellement, Utiliser mes matières préférées;Non;;;
2026-08-22 13:17:27.000000;Étudiant(e);Série S;Physique, Chimie;Mathématiques, Physique, Chimie, Technologie / Sciences industrielles;Calculer, Analyser des informations, Résoudre des problèmes, Expérimenter, Diriger une équipe, Communiquer;Analyser des chiffres et des données, Faire des calculs et résoudre des problèmes mathématiques, Observer et comprendre des phénomènes scientifiques, Gérer les finances et la comptabilité;Problèmes mathématiques et logiques, Problèmes scientifiques et expérimentaux;Faire des travaux pratiques, Réaliser un projet, Résoudre des exercices, Faire des recherches documentaires;Orienté très fortement Pratique & Projets;Travail principalement régulier et structuré;Établissement de santé / pharmaceutique;chimie, photographie;En grande équipe;Utiliser mes matières préférées, Travailler dans mon domaine de passion;Oui;ICMP : Industries Chimiques, Minières et Pétrolières;;
2026-08-21 10:49:10.000000;Professionnel(le) diplômé(e) / Actif(ve);Série Technique;Physique, Technologie / Sciences industrielles;Technologie / Sciences industrielles, Mathématiques, Physique, Économie;Manipuler des outils, Dessiner / concevoir, Résoudre des problèmes, Calculer, Travailler avec des personnes, Mémoriser;Concevoir des systèmes techniques, Comprendre et utiliser des machines, Concevoir et construire des objets ou infrastructures, Développer des logiciels ou utiliser des technologies numériques, Découvrir et faire découvrir des cultures;Problèmes liés à la construction et aux infrastructures, Problèmes techniques et industriels, Problèmes liés aux machines et aux systèmes;Réaliser des expériences, Faire des recherches documentaires, Faire des présentations / exposés, Réaliser un projet, Participer à des simulations ou études de cas;Orienté fortement Théorie, Leçons;Je ne sais pas encore;Commerce / magasin;langues, chant, architecture;Avec beaucoup de contacts avec des clients / utilisateurs;Résoudre des problèmes, Faire de la recherche, Avoir de bonnes opportunités d'emploi, Avoir la possibilité de travailler à l'étranger, Faire quelque chose que j'aime;Oui;ESIIA : Electronique Système Informatique et Intelligence Artificielle;Ingénieur logiciel;2
2026-08-29 14:59:26.000000;Professionnel(le) diplômé(e) / Actif(ve);Série OSE;Sciences de la vie / Biologie, Français / Langues, Économie;Sciences de la vie / Biologie, Histoire / Géographie, Arts / Design;Organiser, Communiquer, Travailler avec des personnes;Organiser et coordonner des projets, Gérer une entreprise ou une organisation, Concevoir des systèmes techniques;Problèmes liés à l'environnement, Problèmes économiques et financiers;Travailler en groupe, Faire des présentations / exposés, Réaliser des expériences;Équilibré entre Théorie et Pratique;Travail principalement régulier et structuré;Commerce / magasin;jeux vidéo, chimie, design;En petite équipe;Faire de la recherche, Pouvoir évoluer professionnellement, Avoir un métier stable;Non;;Biochimiste;1
2026-08-27 17:58:12.000000;Étudiant(e);Série C;Chimie, Mathématiques, Technologie / Sciences industrielles;Mathématiques, Physique, Chimie, Arts / Design, Sciences de la vie / Biologie;Calculer, Analyser des informations, Résoudre des problèmes, Expérimenter;Analyser des chiffres et des données, Faire des calculs et résoudre des problèmes mathématiques, Observer et comprendre des phénomènes scientifiques, Étudier le vivant, les plantes ou les animaux, Organiser et coordonner des projets;Problèmes techniques et industriels, Problèmes mathématiques et logiques;Faire des travaux pratiques, Faire des présentations / exposés;Équilibré entre Théorie et Pratique;Travail avec des tâches variées;Centre de recherche;cinéma;Seul(e);Avoir un métier stable, Avoir de bonnes opportunités d'emploi, Avoir un salaire intéressant, Utiliser mes matières préférées;Oui;ISAIA : Informatique Statistique Appliquée et Intelligence Artificielle;;
2026-08-21 01:20:15.000000;Professionnel(le) diplômé(e) / Actif(ve);Série C;Physique, Mathématiques, Chimie, Technologie / Sciences industrielles;Mathématiques, Physique, Chimie;Calculer, Analyser des informations, Résoudre des problèmes, Expérimenter;Analyser des chiffres et des données, Faire des calculs et résoudre des problèmes mathématiques, Observer et comprendre des phénomènes scientifiques;Problèmes scientifiques et expérimentaux, Problèmes mathématiques et logiques, Problèmes techniques et industriels;Faire des sorties / visites de terrain, Participer à des simulations ou études de cas, Travailler en groupe, Réaliser un projet;Orienté très fortement Pratique & Projets;Travail avec des tâches variées;Tribunal / administration juridique;lecture, environnement;En binôme;Pouvoir évoluer professionnellement, Travailler dans un domaine scientifique, Travailler avec des technologies, Faire de la recherche, Avoir la possibilité de travailler à l'étranger;Oui;IMTICIA : Informatique Multimédia Technologie de L'information et de la Communication et Intelligence Artificielle;Pharmacien;4
2026-08-29 07:29:04.000000;Étudiant(e);Série A1 /Série A2;Philosophie, Français / Langues;Français / Langues, Histoire / Géographie, Philosophie, Technologie / Sciences industrielles;Rédiger, Argumenter, Mémoriser, Observer, Manipuler des outils;Défendre une idée ou argumenter, Étudier des lois, règles et réglementations, Communiquer et travailler avec des personnes, Faire de la recherche scientifique;Problèmes liés à la communication et au commerce, Problèmes liés à la gestion d'une organisation, Problèmes juridiques et réglementaires;Travailler en groupe, Réaliser des expériences, Faire des recherches documentaires;Équilibré entre Théorie et Pratique;Je ne sais pas encore;Milieu rural;mode, finance, danse, astronomie;Cela m'est égal;Créer ma propre entreprise, Travailler dans un domaine scientifique, Avoir un salaire intéressant, Travailler dans mon domaine de passion;Oui;EMP : Economie et Management de Projet;;
2026-08-30 02:35:11.000000;Professionnel(le) diplômé(e) / Actif(ve);Série C;Mathématiques, Physique, Chimie;Mathématiques, Physique, Chimie, Économie, Français / Langues;Calculer, Analyser des informations, Résoudre des problèmes, Expérimenter, Rédiger;Analyser des chiffres et des données, Faire des calculs et résoudre des problèmes mathématiques, Observer et comprendre des phénomènes scientifiques, Communiquer et travailler avec des personnes;Problèmes mathématiques et logiques, Problèmes scientifiques et expérimentaux;Faire des travaux pratiques, Travailler en groupe;Orienté fortement Théorie, Leçons;Je ne sais pas encore;Entreprise / organisation;environnement, programmation;Avec beaucoup de contacts avec des partenaires;Avoir de bonnes opportunités d'emploi, Travailler avec des personnes, Avoir la possibilité de travailler à l'étranger, Utiliser mes matières préférées, Travailler dans mon domaine de passion;Oui;ISAIA : Informatique Statistique Appliquée et Intelligence Artificielle;Responsable qualité;3
2026-08-21 14:07:50.000000;Étudiant(e);Série Technique;Physique, Mathématiques, Technologie / Sciences industrielles, Arts / Design;Technologie / Sciences industrielles, Mathématiques, Physique, Économie, Gestion / Comptabilité;Manipuler des outils, Dessiner / concevoir, Résoudre des problèmes, Calculer;Concevoir des systèmes techniques, Comprendre et utiliser des machines, Concevoir et construire des objets ou infrastructures, Vendre, négocier ou développer une activité commerciale, Communiquer et travailler avec des personnes;Problèmes liés à la construction et aux infrastructures, Problèmes liés aux machines et aux systèmes;Réaliser des expériences, Participer à des simulations ou études de cas;Orienté fortement Théorie, Leçons;Travail principalement régulier et structuré;Banque / institution financière;langues;En grande équipe;Avoir de bonnes opportunités d'emploi, Travailler dans mon domaine de passion;Oui;GCA : Génie Civil et Architecture;;
2026-08-29 09:21:19.000000;Étudiant(e);Série D;Sciences de la vie / Biologie, Physique, Histoire / Géographie;Sciences de la vie / Biologie, Chimie, Mathématiques, Français / Langues;Observer, Expérimenter, Résoudre des problèmes, Analyser des informations;Étudier le vivant, les plantes ou les animaux, Réaliser des expériences en laboratoire, Observer et comprendre des phénomènes scientifiques, Défendre une idée ou argumenter;Problèmes liés à l'agriculture et à l'élevage, Problèmes liés à la santé, aux médicaments ou aux produits biologiques, Problèmes scientifiques et expérimentaux;Faire des recherches documentaires, Faire des sorties / visites de terrain, Faire des présentations / exposés;Équilibré entre Théorie et Pratique;Travail avec des tâches variées;Environnement informatique / numérique;cuisine, voyage;Avec beaucoup de contacts avec des clients / utilisateurs;Faire quelque chose que j'aime, Faire de la recherche;Non;;;
2026-08-23 20:51:02.000000;Étudiant(e);Série L;Philosophie, Histoire / Géographie, Français / Langues, Gestion / Comptabilité;Français / Langues, Histoire / Géographie, Philosophie, Sciences de la vie / Biologie;Rédiger, Argumenter, Mémoriser, Observer;Défendre une idée ou argumenter, Étudier des lois, règles et réglementations, Communiquer et travailler avec des personnes, Concevoir des systèmes techniques;Problèmes liés à la gestion d'une organisation, Problèmes juridiques et réglementaires, Problèmes liés à la communication et au commerce;Résoudre des exercices, Faire des présentations / exposés, Faire des travaux pratiques, Réaliser un projet, Travailler en groupe;Équilibré entre Théorie et Pratique;Travail principalement régulier et structuré;Milieu rural;environnement, danse;En binôme;Faire quelque chose que j'aime, Avoir la possibilité de travailler à l'étranger;Non;;;
2026-08-23 00:09:14.000000;Étudiant(e);Série Technique;Physique, Mathématiques;Technologie / Sciences industrielles, Mathématiques, Physique, Économie, Gestion / Comptabilité;Manipuler des outils, Dessiner / concevoir, Résoudre des problèmes, Calculer, Communiquer, Mémoriser;Concevoir des systèmes techniques, Comprendre et utiliser des machines, Concevoir et construire des objets ou infrastructures, Créer et concevoir des contenus;Problèmes liés à la construction et aux infrastructures, Problèmes techniques et industriels, Problèmes liés aux machines et aux systèmes;Résoudre des exercices, Faire des sorties / visites de terrain, Faire des travaux pratiques;Orienté très fortement Pratique & Projets;Travail principalement régulier et structuré;Établissement de santé / pharmaceutique;histoire, robotique, langues;En petite équipe;Travailler dans mon domaine de passion, Faire quelque chose que j'aime, Pouvoir évoluer professionnellement, Avoir la possibilité de travailler à l'étranger;Non;;;
2026-08-20 16:57:35.000000;Étudiant(e);Série L;Français / Langues, Histoire / Géographie, Philosophie;Français / Langues, Histoire / Géographie, Philosophie, Mathématiques;Rédiger, Argumenter, Mémoriser, Observer, Manipuler des outils;Défendre une idée ou argumenter, Étudier des lois, règles et réglementations, Communiquer et travailler avec des personnes;Problèmes juridiques et réglementaires, Problèmes liés à la gestion d'une organisation, Problèmes liés à la communication et au commerce;Faire des présentations / exposés, Faire des travaux pratiques;Équilibré entre Théorie et Pratique;Travail principalement régulier et structuré;Tribunal / administration juridique;économie, architecture;Cela m'est égal;Utiliser mes matières préférées, Pouvoir évoluer professionnellement, Travailler avec des technologies;Non;;;
2026-08-20 23:54:48.000000;Professionnel(le) diplômé(e) / Actif(ve);Série Technique;Physique, Mathématiques, Technologie / Sciences industrielles, Arts / Design;Technologie / Sciences industrielles, Mathématiques, Physique, Arts / Design, Économie;Manipuler des outils, Dessiner / concevoir, Résoudre des problèmes, Calculer, Organiser, Travailler avec des personnes;Concevoir des systèmes techniques, Comprendre et utiliser des machines, Concevoir et construire des objets ou infrastructures;Je ne sais pas encore, Problèmes liés aux machines et aux systèmes, Problèmes techniques et industriels;Réaliser un projet, Faire des travaux pratiques, Travailler en groupe;Orienté très fortement Pratique & Projets;Travail principalement régulier et structuré;Bureau / administration;chant, théâtre;Avec beaucoup de contacts avec des partenaires;Utiliser mes points forts, Avoir un salaire intéressant, Résoudre des problèmes, Créer ma propre entreprise;Non;;Développeur web;5
2026-08-29 14:06:12.000000;Étudiant(e);Série D;Chimie, Physique, Mathématiques, Histoire / Géographie;Sciences de la vie / Biologie, Chimie, Mathématiques;Observer, Expérimenter, Résoudre des problèmes, Analyser des informations, Calculer;Étudier le vivant, les plantes ou les animaux, Réaliser des expériences en laboratoire, Observer et comprendre des phénomènes scientifiques, Faire des calculs et résoudre des problèmes mathématiques;Problèmes scientifiques et expérimentaux, Problèmes liés à la santé, aux médicaments ou aux produits biologiques, Je ne sais pas encore;Résoudre des exercices, Faire des travaux pratiques;Équilibré entre Théorie et Pratique;Travail principalement régulier et structuré;Hôtel / restaurant;sport, entrepreneuriat;Avec beaucoup de contacts avec des clients / utilisateurs;Travailler dans mon domaine de passion, Créer ma propre entreprise, Travailler dans un domaine scientifique, Faire de la recherche;Non;;;
2026-08-22 05:34:10.000000;Étudiant(e);Série A1 /Série A2;Philosophie, Français / Langues, Histoire / Géographie;Français / Langues, Histoire / Géographie, Philosophie;Rédiger, Argumenter, Mémoriser, Observer, Manipuler des outils;Défendre une idée ou argumenter, Étudier des lois, règles et réglementations, Communiquer et travailler avec des personnes, Analyser des chiffres et des données;Problèmes liés à la communication et au commerce, Problèmes liés à la gestion d'une organisation;Résoudre des exercices, Travailler en groupe, Faire des présentations / exposés, Réaliser des expériences;Orienté très fortement Pratique & Projets;Travail avec des tâches variées;Terrain agricole;design, théâtre, histoire, économie;Avec beaucoup de contacts avec des partenaires;Travailler avec des technologies, Avoir de bonnes opportunités d'emploi, Avoir un salaire intéressant;Oui;CAA : Commerce et Administration des Affaires;;
2026-08-23 10:54:50.000000;Professionnel(le) diplômé(e) / Actif(ve);Série Technique;Mathématiques, Technologie / Sciences industrielles;Technologie / Sciences industrielles, Mathématiques, Physique, Arts / Design;Manipuler des outils, Dessiner / concevoir, Résoudre des problèmes, Calculer;Concevoir des systèmes techniques, Comprendre et utiliser des machines, Concevoir et construire des objets ou infrastructures, Travailler dans l'agriculture ou l'élevage, Analyser des chiffres et des données;Problèmes liés aux machines et aux systèmes, Problèmes techniques et industriels;Travailler en groupe, Faire des présentations / exposés, Participer à des simulations ou études de cas;Équilibré entre Théorie et Pratique;Je ne sais pas encore;Chantier;programmation;Avec beaucoup de contacts avec des partenaires;Travailler dans mon domaine de passion, Avoir un salaire intéressant;Non;;Consultant;2
2026-08-27 23:56:24.000000;Professionnel(le) diplômé(e) / Actif(ve);Série A1 /Série A2;Histoire / Géographie, Philosophie, Économie;Français / Langues, Histoire / Géographie, Philosophie;Rédiger, Argumenter, Mémoriser, Observer, Calculer, Dessiner / concevoir;Défendre une idée ou argumenter, Étudier des lois, règles et réglementations, Communiquer et travailler avec des personnes;Problèmes juridiques et réglementaires, Problèmes liés à la communication et au commerce, Problèmes liés à la gestion d'une organisation;Résoudre des exercices, Participer à des simulations ou études de cas;Orienté fortement Théorie, Leçons;Travail avec des tâches variées;Commerce / magasin;photographie, écriture;Avec beaucoup de contacts avec des partenaires;Avoir la possibilité de travailler à l'étranger, Créer ma propre entreprise, Avoir un métier stable, Travailler avec des personnes, Résoudre des problèmes;Oui;FIC : Finances et Comptabilités;Avocat;2
2026-08-20 19:57:38.000000;Étudiant(e);Autre;Français / Langues, Histoire / Géographie;Français / Langues, Histoire / Géographie;Organiser, Communiquer, Travailler avec des personnes;Organiser et coordonner des projets, Gérer une entreprise ou une organisation;Problèmes économiques et financiers, Problèmes liés à l'environnement;Travailler en groupe, Résoudre des exercices;Orienté fortement Théorie, Leçons;Travail avec des tâches variées;Terrain agricole;jeux vidéo, architecture, mathématiques;Seul(e);Utiliser mes matières préférées, Avoir de bonnes opportunités d'emploi, Faire de la recherche, Créer ma propre entreprise, Travailler dans mon domaine de passion;Oui;EMP : Economie et Management de Projet;;
2026-08-29 21:22:33.000000;Étudiant(e);Série OSE;Français / Langues, Histoire / Géographie, Sciences de la vie / Biologie;Sciences de la vie / Biologie, Histoire / Géographie;Organiser, Communiquer, Travailler avec des personnes, Mémoriser, Rédiger;Organiser et coordonner des projets, Gérer une entreprise ou une organisation, Faire de la recherche scientifique;Problèmes liés à l'environnement, Problèmes économiques et financiers;Faire des travaux pratiques, Résoudre des exercices;Orienté très fortement Pratique & Projets;Je ne sais pas encore;Commerce / magasin;programmation, robotique, chant, photographie;Avec beaucoup de contacts avec des clients / utilisateurs;Travailler avec des technologies, Faire quelque chose que j'aime, Travailler dans mon domaine de passion, Avoir de bonnes opportunités d'emploi, Avoir un salaire intéressant;Oui;CAA : Commerce et Administration des Affaires;;
2026-08-23 19:24:07.000000;Étudiant(e);Série A1 /Série A2;Français / Langues, Histoire / Géographie, Philosophie;Français / Langues, Histoire / Géographie, Philosophie;Rédiger, Argumenter, Mémoriser, Observer, Organiser;Défendre une idée ou argumenter, Étudier des lois, règles et réglementations, Communiquer et travailler avec des personnes, Développer des logiciels ou utiliser des technologies numériques;Problèmes juridiques et réglementaires, Problèmes liés à la communication et au commerce, Problèmes liés à la gestion d'une organisation;Faire des sorties / visites de terrain, Participer à des simulations ou études de cas, Faire des présentations / exposés, Réaliser des expériences, Réaliser un projet;Orienté très fortement Pratique & Projets;Travail avec des tâches variées;Usine / environnement industriel;danse, voyage;Cela m'est égal;Faire quelque chose que j'aime, Résoudre des problèmes, Avoir de bonnes opportunités d'emploi, Créer ma propre entreprise, Pouvoir évoluer professionnellement;Oui;TEH : Tourisme , Environnement et Hôtellerie;;
2026-08-29 07:53:00.000000;Étudiant(e);Série S;Chimie, Physique;Mathématiques, Physique, Chimie, Français / Langues;Calculer, Analyser des informations, Résoudre des problèmes, Expérimenter, Communiquer;Analyser des chiffres et des données, Faire des calculs et résoudre des problèmes mathématiques, Observer et comprendre des phénomènes scientifiques, Travailler dans le tourisme;Problèmes techniques et industriels, Problèmes scientifiques et expérimentaux;Résoudre des exercices, Réaliser un projet, Faire des présentations / exposés, Faire des sorties / visites de terrain;Orienté fortement Théorie, Leçons;Travail avec des tâches variées;Tribunal / administration juridique;astronomie;En grande équipe;Faire de la recherche, Travailler avec des technologies, Pouvoir évoluer professionnellement, Travailler dans mon domaine de passion, Avoir un salaire intéressant;Non;;;
2026-08-23 20:12:29.000000;Professionnel(le) diplômé(e) / Actif(ve);Série A1 /Série A2;Philosophie, Français / Langues, Arts / Design;Français / Langues, Histoire / Géographie, Philosophie;Rédiger, Argumenter, Mémoriser, Observer;Défendre une idée ou argumenter, Étudier des lois, règles et réglementations, Communiquer et travailler avec des personnes, Observer et comprendre des phénomènes scientifiques, Étudier le vivant, les plantes ou les animaux;Problèmes liés à la gestion d'une organisation, Problèmes juridiques et réglementaires, Problèmes liés à la communication et au commerce;Faire des travaux pratiques, Participer à des simulations ou études de cas, Résoudre des exercices, Réaliser un projet;Orienté fortement Théorie, Leçons;Je ne sais pas encore;Centre de recherche;cuisine;Seul(e);Faire quelque chose que j'aime, Travailler dans un domaine scientifique, Avoir un métier stable;Oui;CAA : Commerce et Administration des Affaires;Enseignant;5
2026-08-27 04:19:04.000000;Étudiant(e);Série C;Mathématiques, Physique, Technologie / Sciences industrielles;Mathématiques, Physique, Chimie;Calculer, Analyser des informations, Résoudre des problèmes, Expérimenter;Analyser des chiffres et des données, Faire des calculs et résoudre des problèmes mathématiques, Observer et comprendre des phénomènes scientifiques, Gérer une entreprise ou une organisation, Comprendre et utiliser des machines;Problèmes scientifiques et expérimentaux, Problèmes mathématiques et logiques;Réaliser un projet, Résoudre des exercices, Faire des présentations / exposés, Réaliser des expériences, Participer à des simulations ou études de cas;Équilibré entre Théorie et Pratique;Je ne sais pas encore;Environnement informatique / numérique;cuisine;Avec beaucoup de contacts avec des clients / utilisateurs;Travailler dans mon domaine de passion, Pouvoir évoluer professionnellement, Avoir la possibilité de travailler à l'étranger, Avoir un métier stable;Oui;IGGLIA : Informatique de Gestion Génie Logiciel et Intelligence Artificielle;;
2026-08-20 00:47:32.000000;Étudiant(e);Série OSE;Français / Langues, Histoire / Géographie;Sciences de la vie / Biologie, Histoire / Géographie, Gestion / Comptabilité, Français / Langues;Organiser, Communiquer, Travailler avec des personnes, Calculer;Organiser et coordonner des projets, Gérer une entreprise ou une organisation;Problèmes liés à l'environnement, Problèmes économiques et financiers;Résoudre des exercices, Faire des présentations / exposés, Réaliser des expériences, Travailler en groupe;Orienté fortement Théorie, Leçons;Je ne sais pas encore;Laboratoire;cinéma, photographie;En petite équipe;Pouvoir évoluer professionnellement, Travailler avec des technologies, Être utile à la société, Avoir un métier stable, Avoir de bonnes opportunités d'emploi;Oui;EMP : Economie et Management de Projet;;
2026-08-30 17:40:41.000000;Professionnel(le) diplômé(e) / Actif(ve);Série OSE;Français / Langues, Histoire / Géographie, Économie;Sciences de la vie / Biologie, Histoire / Géographie, Gestion / Comptabilité, Mathématiques;Organiser, Communiquer, Travailler avec des personnes;Organiser et coordonner des projets, Gérer une entreprise ou une organisation, Faire des calculs et résoudre des problèmes mathématiques, Réaliser des expériences en laboratoire;Problèmes liés à l'environnement, Problèmes économiques et financiers;Réaliser un projet, Résoudre des exercices;Équilibré entre Théorie et Pratique;Je ne sais pas encore;Centre de recherche;mathématiques, jardinage, peinture;En grande équipe;Avoir un métier stable, Résoudre des problèmes;Oui;EMP : Economie et Management de Projet;Chercheur;4
2026-08-22 06:06:10.000000;Professionnel(le) diplômé(e) / Actif(ve);Série D;Chimie, Mathématiques, Histoire / Géographie;Sciences de la vie / Biologie, Chimie, Mathématiques;Observer, Expérimenter, Résoudre des problèmes, Analyser des informations, Calculer;Étudier le vivant, les plantes ou les animaux, Réaliser des expériences en laboratoire, Observer et comprendre des phénomènes scientifiques, Analyser des chiffres et des données;Problèmes liés à la santé, aux médicaments ou aux produits biologiques, Problèmes liés à l'agriculture et à l'élevage, Problèmes scientifiques et expérimentaux;Faire des sorties / visites de terrain, Travailler en groupe;Équilibré entre Théorie et Pratique;Travail principalement régulier et structuré;Tribunal / administration juridique;cinéma, écriture, langues, animaux;Avec beaucoup de contacts avec des partenaires;Travailler dans un domaine scientifique, Avoir la possibilité de travailler à l'étranger, Avoir de bonnes opportunités d'emploi, Créer ma propre entreprise, Faire quelque chose que j'aime;Non;;Responsable qualité;5
2026-08-20 07:04:40.000000;Étudiant(e);Série OSE;Sciences de la vie / Biologie, Histoire / Géographie, Français / Langues;Sciences de la vie / Biologie, Histoire / Géographie, Gestion / Comptabilité;Organiser, Communiquer, Travailler avec des personnes, Calculer;Organiser et coordonner des projets, Gérer une entreprise ou une organisation, Faire des calculs et résoudre des problèmes mathématiques;Problèmes liés à l'environnement, Problèmes économiques et financiers;Participer à des simulations ou études de cas, Travailler en groupe, Résoudre des exercices;Orienté fortement Théorie, Leçons;Travail avec des tâches variées;Centre de recherche;chant;En grande équipe;Être utile à la société, Avoir un salaire intéressant, Avoir la possibilité de travailler à l'étranger, Pouvoir évoluer professionnellement;Oui;CAA : Commerce et Administration des Affaires;;
2026-08-26 18:39:38.000000;Étudiant(e);Série L;Français / Langues, Philosophie, Histoire / Géographie;Français / Langues, Histoire / Géographie, Philosophie;Rédiger, Argumenter, Mémoriser, Observer, Organiser, Calculer;Défendre une idée ou argumenter, Étudier des lois, règles et réglementations, Communiquer et travailler avec des personnes, Gérer une entreprise ou une organisation, Étudier les propriétés des substances et des matériaux;Problèmes liés à la gestion d'une organisation, Problèmes liés à la communication et au commerce, Problèmes juridiques et réglementaires;Réaliser des expériences, Faire des recherches documentaires;Équilibré entre Théorie et Pratique;Je ne sais pas encore;Terrain agricole;géopolitique, dessin;Avec beaucoup de contacts avec des partenaires;Être utile à la société, Avoir de bonnes opportunités d'emploi, Travailler avec des personnes, Utiliser mes points forts, Faire de la recherche;Non;;;
2026-08-28 23:58:37.000000;Étudiant(e);Série Technique;Technologie / Sciences industrielles, Mathématiques, Physique;Technologie / Sciences industrielles, Mathématiques, Physique, Gestion / Comptabilité;Manipuler des outils, Dessiner / concevoir, Résoudre des problèmes, Calculer, Argumenter, Expérimenter;Concevoir des systèmes techniques, Comprendre et utiliser des machines, Concevoir et construire des objets ou infrastructures;Problèmes techniques et industriels, Problèmes liés à la construction et aux infrastructures;Travailler en groupe, Réaliser des expériences, Résoudre des exercices;Orienté très fortement Pratique & Projets;Travail principalement régulier et structuré;Centre de recherche;langues, mode;Avec beaucoup de contacts avec des partenaires;Avoir un salaire intéressant, Travailler dans un domaine scientifique, Pouvoir évoluer professionnellement;Oui;ESIIA : Electronique Système Informatique et Intelligence Artificielle;;
2026-08-27 00:52:57.000000;Étudiant(e);Série A1 /Série A2;Français / Langues, Histoire / Géographie;Français / Langues, Histoire / Géographie, Philosophie, Physique, Gestion / Comptabilité;Rédiger, Argumenter, Mémoriser, Observer;Défendre une idée ou argumenter, Étudier des lois, règles et réglementations, Communiquer et travailler avec des personnes, Créer et concevoir des contenus;Problèmes liés à la gestion d'une organisation, Problèmes liés à la communication et au commerce, Problèmes juridiques et réglementaires;Travailler en groupe, Faire des recherches documentaires, Faire des sorties / visites de terrain, Faire des présentations / exposés;Orienté très fortement Pratique & Projets;Travail principalement régulier et structuré;Je ne sais pas encore;théâtre, cuisine, environnement;Avec beaucoup de contacts avec des clients / utilisateurs;Utiliser mes points forts, Créer ma propre entreprise, Faire quelque chose que j'aime, Avoir un métier stable, Travailler dans mon domaine de passion;Oui;EMP : Economie et Management de Projet;;
2026-08-27 17:16:05.000000;Étudiant(e);Série OSE;Histoire / Géographie, Français / Langues, Économie;Sciences de la vie / Biologie, Histoire / Géographie, Mathématiques;Organiser, Communiquer, Travailler avec des personnes, Analyser des informations;Organiser et coordonner des projets, Gérer une entreprise ou une organisation;Problèmes liés à l'environnement, Problèmes économiques et financiers;Participer à des simulations ou études de cas, Réaliser des expériences;Orienté fortement Théorie, Leçons;Je ne sais pas encore;Établissement de santé / pharmaceutique;mode, électronique, marketing;Seul(e);Créer ma propre entreprise, Travailler avec des technologies, Travailler dans un domaine scientifique, Avoir un salaire intéressant, Résoudre des problèmes;Non;;;
2026-08-24 19:19:40.000000;Professionnel(le) diplômé(e) / Actif(ve);Série Technique;Physique, Mathématiques, Technologie / Sciences industrielles;Technologie / Sciences industrielles, Mathématiques, Physique, Histoire / Géographie;Manipuler des outils, Dessiner / concevoir, Résoudre des problèmes, Calculer, Diriger une équipe, Organiser;Concevoir des systèmes techniques, Comprendre et utiliser des machines, Concevoir et construire des objets ou infrastructures, Travailler dans le tourisme, Étudier le vivant, les plantes ou les animaux;Problèmes liés aux machines et aux systèmes, Problèmes liés à la construction et aux infrastructures, Problèmes techniques et industriels;Travailler en groupe, Réaliser un projet;Orienté fortement Théorie, Leçons;Travail avec des tâches variées;Hôtel / restaurant;langues, lecture, géopolitique;En binôme;Être utile à la société, Utiliser mes matières préférées, Travailler dans mon domaine de passion, Créer ma propre entreprise;Oui;EMII : Electro-Mécanique et Informatique Industrielle;Architecte;1
2026-08-24 06:08:39.000000;Professionnel(le) diplômé(e) / Actif(ve);Autre;Histoire / Géographie, Français / Langues, Informatique;Français / Langues, Histoire / Géographie;Organiser, Communiquer, Travailler avec des personnes;Organiser et coordonner des projets, Gérer une entreprise ou une organisation, Développer des logiciels ou utiliser des technologies numériques;Problèmes liés à l'environnement, Problèmes économiques et financiers;Travailler en groupe, Réaliser des expériences;Équilibré entre Théorie et Pratique;Je ne sais pas encore;Milieu rural;finance, biologie;En grande équipe;Travailler dans mon domaine de passion, Faire quelque chose que j'aime, Créer ma propre entreprise, Avoir de bonnes opportunités d'emploi, Faire de la recherche;Non;;Responsable informatique;2
2026-08-27 20:57:23.000000;Professionnel(le) diplômé(e) / Actif(ve);Autre;Français / Langues, Histoire / Géographie;Français / Langues, Histoire / Géographie, Technologie / Sciences industrielles;Organiser, Communiquer, Travailler avec des personnes;Organiser et coordonner des projets, Gérer une entreprise ou une organisation, Étudier des lois, règles et réglementations, Communiquer et travailler avec des personnes;Problèmes économiques et financiers, Problèmes liés à l'environnement;Réaliser des expériences, Travailler en groupe, Faire des présentations / exposés, Résoudre des exercices;Orienté très fortement Pratique & Projets;Travail avec des tâches variées;Atelier;économie;En petite équipe;Résoudre des problèmes, Travailler avec des personnes, Travailler dans mon domaine de passion;Oui;CAA : Commerce et Administration des Affaires;Responsable qualité;2
2026-08-23 00:41:29.000000;Étudiant(e);Série D;Chimie, Physique, Sciences de la vie / Biologie;Sciences de la vie / Biologie, Chimie, Mathématiques;Observer, Expérimenter, Résoudre des problèmes, Analyser des informations;Étudier le vivant, les plantes ou les animaux, Réaliser des expériences en laboratoire, Observer et comprendre des phénomènes scientifiques, Développer des logiciels ou utiliser des technologies numériques, Créer et concevoir des contenus;Problèmes scientifiques et expérimentaux, Problèmes liés à l'agriculture et à l'élevage, Problèmes liés à la santé, aux médicaments ou aux produits biologiques;Participer à des simulations ou études de cas, Résoudre des exercices, Faire des travaux pratiques;Équilibré entre Théorie et Pratique;Je ne sais pas encore;Centre de recherche;photographie, dessin, physique;Avec beaucoup de contacts avec des partenaires;Travailler avec des personnes, Utiliser mes points forts, Pouvoir évoluer professionnellement, Travailler dans un domaine scientifique;Non;;;
2026-08-23 21:04:01.000000;Professionnel(le) diplômé(e) / Actif(ve);Série L;Français / Langues, Histoire / Géographie, Philosophie;Français / Langues, Histoire / Géographie, Philosophie;Rédiger, Argumenter, Mémoriser, Observer;Défendre une idée ou argumenter, Étudier des lois, règles et réglementations, Communiquer et travailler avec des personnes;Problèmes juridiques et réglementaires, Problèmes liés à la communication et au commerce, Problèmes liés à la gestion d'une organisation;Participer à des simulations ou études de cas, Faire des présentations / exposés;Orienté fortement Théorie, Leçons;Je ne sais pas encore;Milieu rural;cuisine, géopolitique, langues, danse;En binôme;Travailler dans mon domaine de passion, Travailler avec des technologies, Avoir la possibilité de travailler à l'étranger, Travailler dans un domaine scientifique, Résoudre des problèmes;Oui;TEH : Tourisme , Environnement et Hôtellerie;Ingénieur industriel;2
2026-08-25 02:56:12.000000;Professionnel(le) diplômé(e) / Actif(ve);Série A1 /Série A2;Philosophie, Histoire / Géographie, Économie;Français / Langues, Histoire / Géographie, Philosophie, Physique;Rédiger, Argumenter, Mémoriser, Observer;Défendre une idée ou argumenter, Étudier des lois, règles et réglementations, Communiquer et travailler avec des personnes;Problèmes juridiques et réglementaires, Problèmes liés à la gestion d'une organisation, Problèmes liés à la communication et au commerce;Réaliser des expériences, Participer à des simulations ou études de cas, Faire des sorties / visites de terrain, Résoudre des exercices, Travailler en groupe;Orienté très fortement Pratique & Projets;Travail avec des tâches variées;Tribunal / administration juridique;robotique, biologie, programmation;En binôme;Utiliser mes matières préférées, Créer ma propre entreprise, Pouvoir évoluer professionnellement;Non;;Analyste financier;4
2026-08-30 21:12:05.000000;Étudiant(e);Série S;Mathématiques, Chimie, Technologie / Sciences industrielles;Mathématiques, Physique, Chimie, Arts / Design;Calculer, Analyser des informations, Résoudre des problèmes, Expérimenter, Organiser;Analyser des chiffres et des données, Faire des calculs et résoudre des problèmes mathématiques, Observer et comprendre des phénomènes scientifiques, Étudier des lois, règles et réglementations, Découvrir et faire découvrir des cultures;Problèmes techniques et industriels, Problèmes scientifiques et expérimentaux, Problèmes mathématiques et logiques;Faire des travaux pratiques, Travailler en groupe, Réaliser un projet, Faire des sorties / visites de terrain;Équilibré entre Théorie et Pratique;Travail principalement régulier et structuré;Laboratoire;programmation, écriture;En petite équipe;Avoir un métier stable, Travailler dans mon domaine de passion, Travailler dans un domaine scientifique;Non;;;
2026-08-24 12:03:52.000000;Professionnel(le) diplômé(e) / Actif(ve);Série C;Chimie, Physique, Informatique;Mathématiques, Physique, Chimie;Calculer, Analyser des informations, Résoudre des problèmes, Expérimenter;Analyser des chiffres et des données, Faire des calculs et résoudre des problèmes mathématiques, Observer et comprendre des phénomènes scientifiques;Problèmes techniques et industriels, Problèmes scientifiques et expérimentaux, Problèmes mathématiques et logiques;Faire des présentations / exposés, Résoudre des exercices, Réaliser un projet, Faire des recherches documentaires;Équilibré entre Théorie et Pratique;Travail principalement régulier et structuré;Usine / environnement industriel;économie, astronomie, physique;Seul(e);Faire quelque chose que j'aime, Travailler avec des personnes, Travailler dans mon domaine de passion;Non;;Infirmier;5
2026-08-24 00:15:03.000000;Étudiant(e);Série S;Physique, Chimie;Mathématiques, Physique, Chimie, Français / Langues, Arts / Design;Calculer, Analyser des informations, Résoudre des problèmes, Expérimenter;Analyser des chiffres et des données, Faire des calculs et résoudre des problèmes mathématiques, Observer et comprendre des phénomènes scientifiques, Organiser et coordonner des projets, Comprendre et utiliser des machines;Problèmes scientifiques et expérimentaux, Problèmes mathématiques et logiques, Problèmes techniques et industriels;Résoudre des exercices, Travailler en groupe;Équilibré entre Théorie et Pratique;Je ne sais pas encore;Environnement naturel;électronique, histoire;En petite équipe;Utiliser mes matières préférées, Avoir de bonnes opportunités d'emploi, Travailler avec des technologies, Travailler dans mon domaine de passion, Travailler avec des personnes;Oui;ICMP : Industries Chimiques, Minières et Pétrolières;;
2026-08-30 01:09:49.000000;Professionnel(le) diplômé(e) / Actif(ve);Série C;Physique, Mathématiques, Chimie, Technologie / Sciences industrielles;Mathématiques, Physique, Chimie, Histoire / Géographie;Calculer, Analyser des informations, Résoudre des problèmes, Expérimenter;Analyser des chiffres et des données, Faire des calculs et résoudre des problèmes mathématiques, Observer et comprendre des phénomènes scientifiques, Travailler dans le tourisme;Problèmes mathématiques et logiques, Problèmes techniques et industriels, Problèmes scientifiques et expérimentaux;Résoudre des exercices, Faire des sorties / visites de terrain;Orienté très fortement Pratique & Projets;Je ne sais pas encore;Je ne sais pas encore;dessin, histoire;Avec beaucoup de contacts avec des partenaires;Faire quelque chose que j'aime, Créer ma propre entreprise;Oui;ISAIA : Informatique Statistique Appliquée et Intelligence Artificielle;Chercheur;1
2026-08-27 19:17:01.000000;Étudiant(e);Série Technique;Physique, Mathématiques, Arts / Design;Technologie / Sciences industrielles, Mathématiques, Physique, Chimie, Gestion / Comptabilité;Manipuler des outils, Dessiner / concevoir, Résoudre des problèmes, Calculer, Organiser, Mémoriser;Concevoir des systèmes techniques, Comprendre et utiliser des machines, Concevoir et construire des objets ou infrastructures, Analyser des chiffres et des données, Étudier les propriétés des substances et des matériaux;Problèmes liés à la construction et aux infrastructures, Problèmes techniques et industriels;Faire des travaux pratiques, Réaliser un projet, Participer à des simulations ou études de cas;Orienté fortement Théorie, Leçons;Travail principalement régulier et structuré;Milieu rural;chimie;En binôme;Avoir un salaire intéressant, Travailler avec des personnes, Avoir la possibilité de travailler à l'étranger, Travailler dans mon domaine de passion, Utiliser mes points forts;Oui;ESIIA : Electronique Système Informatique et Intelligence Artificielle;;
2026-08-21 13:00:10.000000;Professionnel(le) diplômé(e) / Actif(ve);Série OSE;Histoire / Géographie, Sciences de la vie / Biologie, Français / Langues, Économie;Sciences de la vie / Biologie, Histoire / Géographie;Organiser, Communiquer, Travailler avec des personnes, Rédiger, Manipuler des outils;Organiser et coordonner des projets, Gérer une entreprise ou une organisation;Problèmes économiques et financiers, Problèmes liés à l'environnement;Travailler en groupe, Faire des travaux pratiques;Équilibré entre Théorie et Pratique;Travail avec des tâches variées;Environnement naturel;jardinage;Seul(e);Faire quelque chose que j'aime, Pouvoir évoluer professionnellement, Avoir de bonnes opportunités d'emploi;Non;;Agent de développement durable;3
2026-08-28 23:49:10.000000;Étudiant(e);Série L;Philosophie, Français / Langues;Français / Langues, Histoire / Géographie, Philosophie;Rédiger, Argumenter, Mémoriser, Observer;Défendre une idée ou argumenter, Étudier des lois, règles et réglementations, Communiquer et travailler avec des personnes, Comprendre et utiliser des machines;Problèmes liés à la communication et au commerce, Problèmes juridiques et réglementaires, Problèmes liés à la gestion d'une organisation;Faire des recherches documentaires, Travailler en groupe, Faire des présentations / exposés;Orienté très fortement Pratique & Projets;Je ne sais pas encore;Milieu rural;marketing, lecture;Seul(e);Faire quelque chose que j'aime, Créer ma propre entreprise, Avoir un métier stable;Non;;;
2026-08-30 20:49:10.000000;Étudiant(e);Série Technique;Mathématiques, Physique;Technologie / Sciences industrielles, Mathématiques, Physique;Manipuler des outils, Dessiner / concevoir, Résoudre des problèmes, Calculer, Communiquer;Concevoir des systèmes techniques, Comprendre et utiliser des machines, Concevoir et construire des objets ou infrastructures;Problèmes techniques et industriels, Problèmes liés à la construction et aux infrastructures, Problèmes liés aux machines et aux systèmes;Réaliser un projet, Faire des recherches documentaires, Faire des travaux pratiques;Orienté très fortement Pratique & Projets;Je ne sais pas encore;Tribunal / administration juridique;cuisine;En grande équipe;Travailler avec des personnes, Pouvoir évoluer professionnellement, Résoudre des problèmes;Oui;EMII : Electro-Mécanique et Informatique Industrielle;;
2026-08-22 17:04:20.000000;Étudiant(e);Série A1 /Série A2;Philosophie, Histoire / Géographie, Économie;Français / Langues, Histoire / Géographie, Philosophie, Chimie, Sciences de la vie / Biologie;Rédiger, Argumenter, Mémoriser, Observer, Analyser des informations, Calculer;Défendre une idée ou argumenter, Étudier des lois, règles et réglementations, Communiquer et travailler avec des personnes, Étudier le vivant, les plantes ou les animaux;Problèmes juridiques et réglementaires, Problèmes liés à la communication et au commerce, Problèmes liés à la gestion d'une organisation;Réaliser des expériences, Réaliser un projet;Orienté fortement Théorie, Leçons;Travail avec des tâches variées;Hôtel / restaurant;langues, dessin;En binôme;Créer ma propre entreprise, Avoir de bonnes opportunités d'emploi, Pouvoir évoluer professionnellement;Oui;EMP : Economie et Management de Projet;;
2026-08-20 03:51:22.000000;Étudiant(e);Série C;Mathématiques, Physique, Informatique;Mathématiques, Physique, Chimie, Français / Langues;Calculer, Analyser des informations, Résoudre des problèmes, Expérimenter, Diriger une équipe;Analyser des chiffres et des données, Faire des calculs et résoudre des problèmes mathématiques, Observer et comprendre des phénomènes scientifiques;Problèmes mathématiques et logiques, Problèmes techniques et industriels;Participer à des simulations ou études de cas, Travailler en groupe, Réaliser des expériences, Réaliser un projet;Équilibré entre Théorie et Pratique;Je ne sais pas encore;Usine / environnement industriel;géopolitique, mode, théâtre;Avec beaucoup de contacts avec des clients / utilisateurs;Être utile à la société, Utiliser mes matières préférées;Oui;ISAIA : Informatique Statistique Appliquée et Intelligence Artificielle;;
2026-08-30 09:55:34.000000;Étudiant(e);Série S;Chimie, Mathématiques, Informatique;Mathématiques, Physique, Chimie, Économie;Calculer, Analyser des informations, Résoudre des problèmes, Expérimenter, Organiser;Analyser des chiffres et des données, Faire des calculs et résoudre des problèmes mathématiques, Observer et comprendre des phénomènes scientifiques;Problèmes mathématiques et logiques, Problèmes scientifiques et expérimentaux, Problèmes techniques et industriels;Travailler en groupe, Réaliser un projet, Faire des sorties / visites de terrain, Faire des présentations / exposés, Faire des travaux pratiques;Équilibré entre Théorie et Pratique;Travail principalement régulier et structuré;Environnement naturel;danse, économie, voyage;Seul(e);Avoir de bonnes opportunités d'emploi, Travailler dans mon domaine de passion, Utiliser mes points forts;Oui;IMTICIA : Informatique Multimédia Technologie de L'information et de la Communication et Intelligence Artificielle;;
2026-08-23 12:38:32.000000;Étudiant(e);Série L;Histoire / Géographie, Philosophie, Français / Langues, Gestion / Comptabilité;Français / Langues, Histoire / Géographie, Philosophie, Mathématiques;Rédiger, Argumenter, Mémoriser, Observer, Expérimenter, Analyser des informations;Défendre une idée ou argumenter, Étudier des lois, règles et réglementations, Communiquer et travailler avec des personnes;Problèmes juridiques et réglementaires, Problèmes liés à la communication et au commerce, Problèmes liés à la gestion d'une organisation;Faire des travaux pratiques, Résoudre des exercices, Réaliser des expériences, Travailler en groupe, Faire des recherches documentaires;Orienté très fortement Pratique & Projets;Travail avec des tâches variées;Environnement informatique / numérique;échecs, photographie, bricolage, voyage;En binôme;Faire de la recherche, Avoir un métier stable, Résoudre des problèmes;Oui;EMP : Economie et Management de Projet;;
2026-08-26 16:19:09.000000;Étudiant(e);Série D;Physique, Mathématiques, Sciences de la vie / Biologie;Sciences de la vie / Biologie, Chimie, Mathématiques, Philosophie, Gestion / Comptabilité;Observer, Expérimenter, Résoudre des problèmes, Analyser des informations, Argumenter, Communiquer;Étudier le vivant, les plantes ou les animaux, Réaliser des expériences en laboratoire, Observer et comprendre des phénomènes scientifiques, Faire de la recherche scientifique;Problèmes scientifiques et expérimentaux, Je ne sais pas encore, Problèmes liés à l'agriculture et à l'élevage, Problèmes liés à la santé, aux médicaments ou aux produits biologiques;Faire des présentations / exposés, Participer à des simulations ou études de cas, Résoudre des exercices, Réaliser des expériences;Orienté très fortement Pratique & Projets;Travail avec des tâches variées;Centre de recherche;environnement, géopolitique;En grande équipe;Pouvoir évoluer professionnellement, Utiliser mes matières préférées, Travailler avec des personnes;Oui;PIP : Pharmacologie et Industries Pharmaceutiques;;
2026-08-23 02:59:22.000000;Professionnel(le) diplômé(e) / Actif(ve);Série OSE;Histoire / Géographie, Sciences de la vie / Biologie, Français / Langues;Sciences de la vie / Biologie, Histoire / Géographie, Technologie / Sciences industrielles, Physique;Organiser, Communiquer, Travailler avec des personnes;Organiser et coordonner des projets, Gérer une entreprise ou une organisation, Créer et concevoir des contenus, Protéger l'environnement;Problèmes économiques et financiers, Problèmes liés à l'environnement;Participer à des simulations ou études de cas, Faire des présentations / exposés;Équilibré entre Théorie et Pratique;Je ne sais pas encore;Tribunal / administration juridique;lecture, physique, sport;Cela m'est égal;Travailler avec des personnes, Résoudre des problèmes, Travailler dans mon domaine de passion, Avoir un salaire intéressant, Travailler dans un domaine scientifique;Non;;Directeur marketing;3
2026-08-23 20:13:17.000000;Étudiant(e);Série L;Français / Langues, Philosophie, Économie;Français / Langues, Histoire / Géographie, Philosophie, Chimie;Rédiger, Argumenter, Mémoriser, Observer, Travailler avec des personnes, Expérimenter;Défendre une idée ou argumenter, Étudier des lois, règles et réglementations, Communiquer et travailler avec des personnes, Étudier le vivant, les plantes ou les animaux, Vendre, négocier ou développer une activité commerciale;Problèmes liés à la communication et au commerce, Problèmes juridiques et réglementaires, Problèmes liés à la gestion d'une organisation;Faire des recherches documentaires, Faire des travaux pratiques;Orienté fortement Théorie, Leçons;Travail avec des tâches variées;Bureau / administration;finance, écriture;Seul(e);Utiliser mes matières préférées, Résoudre des problèmes, Faire de la recherche, Travailler dans mon domaine de passion, Avoir un métier stable;Non;;;
2026-08-24 11:25:16.000000;Étudiant(e);Série A1 /Série A2;Philosophie, Français / Langues, Histoire / Géographie, Économie;Français / Langues, Histoire / Géographie, Philosophie, Mathématiques;Rédiger, Argumenter, Mémoriser, Observer;Défendre une idée ou argumenter, Étudier des lois, règles et réglementations, Communiquer et travailler avec des personnes;Problèmes juridiques et réglementaires, Problèmes liés à la communication et au commerce, Problèmes liés à la gestion d'une organisation;Résoudre des exercices, Faire des présentations / exposés, Réaliser des expériences, Réaliser un projet;Orienté très fortement Pratique & Projets;Travail principalement régulier et structuré;Établissement de santé / pharmaceutique;mode, histoire, mathématiques, environnement;Avec beaucoup de contacts avec des clients / utilisateurs;Créer ma propre entreprise, Travailler avec des personnes, Avoir la possibilité de travailler à l'étranger, Avoir de bonnes opportunités d'emploi, Faire de la recherche;Non;;;
2026-08-28 02:00:14.000000;Étudiant(e);Série S;Mathématiques, Chimie, Technologie / Sciences industrielles;Mathématiques, Physique, Chimie, Français / Langues, Économie;Calculer, Analyser des informations, Résoudre des problèmes, Expérimenter, Travailler avec des personnes;Analyser des chiffres et des données, Faire des calculs et résoudre des problèmes mathématiques, Observer et comprendre des phénomènes scientifiques, Travailler dans l'agriculture ou l'élevage;Problèmes mathématiques et logiques, Problèmes scientifiques et expérimentaux, Problèmes techniques et industriels;Participer à des simulations ou études de cas, Faire des sorties / visites de terrain;Équilibré entre Théorie et Pratique;Travail avec des tâches variées;Environnement naturel;astronomie, mathématiques, jeux vidéo, animaux;Avec beaucoup de contacts avec des clients / utilisateurs;Utiliser mes matières préférées, Travailler avec des technologies, Utiliser mes points forts, Travailler dans un domaine scientifique;Oui;ESIIA : Electronique Système Informatique et Intelligence Artificielle;;
2026-08-20 15:22:40.000000;Professionnel(le) diplômé(e) / Actif(ve);Série A1 /Série A2;Philosophie, Français / Langues, Économie;Français / Langues, Histoire / Géographie, Philosophie;Rédiger, Argumenter, Mémoriser, Observer, Manipuler des outils, Organiser;Défendre une idée ou argumenter, Étudier des lois, règles et réglementations, Communiquer et travailler avec des personnes;Problèmes juridiques et réglementaires, Problèmes liés à la communication et au commerce, Problèmes liés à la gestion d'une organisation;Réaliser un projet, Faire des sorties / visites de terrain, Faire des présentations / exposés, Participer à des simulations ou études de cas;Équilibré entre Théorie et Pratique;Travail avec des tâches variées;Terrain agricole;chimie, jardinage;En petite équipe;Utiliser mes matières préférées, Créer ma propre entreprise, Faire de la recherche, Faire quelque chose que j'aime, Avoir un métier stable;Oui;CAA : Commerce et Administration des Affaires;Comptable;2
2026-08-22 13:11:19.000000;Étudiant(e);Série OSE;Sciences de la vie / Biologie, Histoire / Géographie, Français / Langues, Économie;Sciences de la vie / Biologie, Histoire / Géographie, Informatique;Organiser, Communiquer, Travailler avec des personnes;Organiser et coordonner des projets, Gérer une entreprise ou une organisation;Problèmes économiques et financiers, Problèmes liés à l'environnement;Faire des sorties / visites de terrain, Résoudre des exercices;Orienté fortement Théorie, Leçons;Je ne sais pas encore;Entreprise / organisation;design, environnement, électronique;Avec beaucoup de contacts avec des clients / utilisateurs;Faire quelque chose que j'aime, Être utile à la société, Avoir de bonnes opportunités d'emploi, Avoir un métier stable, Travailler avec des technologies;Oui;TEH : Tourisme , Environnement et Hôtellerie;;
2026-08-26 05:08:24.000000;Étudiant(e);Autre;Français / Langues, Histoire / Géographie, Arts / Design;Français / Langues, Histoire / Géographie;Organiser, Communiquer, Travailler avec des personnes;Organiser et coordonner des projets, Gérer une entreprise ou une organisation, Étudier le vivant, les plantes ou les animaux, Concevoir des systèmes techniques;Problèmes liés à l'environnement, Problèmes économiques et financiers;Faire des sorties / visites de terrain, Faire des recherches documentaires;Orienté fortement Théorie, Leçons;Travail principalement régulier et structuré;Chantier;lecture, mode;En grande équipe;Travailler dans mon domaine de passion, Pouvoir évoluer professionnellement, Travailler avec des technologies, Utiliser mes points forts, Avoir un salaire intéressant;Oui;CAA : Commerce et Administration des Affaires;;
2026-08-20 05:23:00.000000;Étudiant(e);Série OSE;Français / Langues, Sciences de la vie / Biologie, Histoire / Géographie;Sciences de la vie / Biologie, Histoire / Géographie;Organiser, Communiquer, Travailler avec des personnes, Rédiger, Manipuler des outils;Organiser et coordonner des projets, Gérer une entreprise ou une organisation, Étudier les propriétés des substances et des matériaux;Problèmes économiques et financiers, Problèmes liés à l'environnement;Participer à des simulations ou études de cas, Faire des travaux pratiques;Orienté très fortement Pratique & Projets;Travail principalement régulier et structuré;Entreprise / organisation;mode, photographie, dessin, robotique;Avec beaucoup de contacts avec des partenaires;Travailler avec des personnes, Avoir la possibilité de travailler à l'étranger, Pouvoir évoluer professionnellement, Résoudre des problèmes;Oui;CAA : Commerce et Administration des Affaires;;
2026-08-25 08:18:54.000000;Étudiant(e);Série D;Sciences de la vie / Biologie, Mathématiques, Histoire / Géographie;Sciences de la vie / Biologie, Chimie, Mathématiques, Technologie / Sciences industrielles, Physique;Observer, Expérimenter, Résoudre des problèmes, Analyser des informations;Étudier le vivant, les plantes ou les animaux, Réaliser des expériences en laboratoire, Observer et comprendre des phénomènes scientifiques, Découvrir et faire découvrir des cultures;Problèmes liés à la santé, aux médicaments ou aux produits biologiques, Problèmes liés à l'agriculture et à l'élevage;Faire des sorties / visites de terrain, Faire des recherches documentaires, Participer à des simulations ou études de cas, Travailler en groupe, Faire des travaux pratiques;Orienté fortement Théorie, Leçons;Travail avec des tâches variées;Commerce / magasin;échecs;Avec beaucoup de contacts avec des partenaires;Utiliser mes points forts, Travailler dans mon domaine de passion, Résoudre des problèmes;Non;;;
2026-08-27 21:51:50.000000;Étudiant(e);Série Technique;Technologie / Sciences industrielles, Physique;Technologie / Sciences industrielles, Mathématiques, Physique, Sciences de la vie / Biologie;Manipuler des outils, Dessiner / concevoir, Résoudre des problèmes, Calculer;Concevoir des systèmes techniques, Comprendre et utiliser des machines, Concevoir et construire des objets ou infrastructures, Faire des calculs et résoudre des problèmes mathématiques;Problèmes techniques et industriels, Problèmes liés à la construction et aux infrastructures, Problèmes liés aux machines et aux systèmes;Participer à des simulations ou études de cas, Réaliser un projet, Faire des recherches documentaires, Faire des travaux pratiques;Équilibré entre Théorie et Pratique;Travail principalement régulier et structuré;Atelier;architecture, astronomie;Seul(e);Avoir un métier stable, Résoudre des problèmes, Utiliser mes matières préférées;Non;;;
2026-08-21 22:48:27.000000;Étudiant(e);Série S;Chimie, Mathématiques, Physique, Informatique;Mathématiques, Physique, Chimie, Français / Langues;Calculer, Analyser des informations, Résoudre des problèmes, Expérimenter;Analyser des chiffres et des données, Faire des calculs et résoudre des problèmes mathématiques, Observer et comprendre des phénomènes scientifiques, Développer des logiciels ou utiliser des technologies numériques, Travailler dans le tourisme;Problèmes techniques et industriels, Problèmes scientifiques et expérimentaux, Problèmes mathématiques et logiques;Travailler en groupe, Réaliser des expériences, Résoudre des exercices, Participer à des simulations ou études de cas;Équilibré entre Théorie et Pratique;Travail avec des tâches variées;Entreprise / organisation;marketing, jardinage, cinéma, entrepreneuriat;En binôme;Faire quelque chose que j'aime, Être utile à la société, Travailler avec des personnes;Oui;ISAIA : Informatique Statistique Appliquée et Intelligence Artificielle;;
2026-08-21 11:41:12.000000;Étudiant(e);Série L;Histoire / Géographie, Français / Langues;Français / Langues, Histoire / Géographie, Philosophie, Physique, Économie;Rédiger, Argumenter, Mémoriser, Observer, Analyser des informations;Défendre une idée ou argumenter, Étudier des lois, règles et réglementations, Communiquer et travailler avec des personnes;Problèmes liés à la gestion d'une organisation, Problèmes juridiques et réglementaires, Problèmes liés à la communication et au commerce;Faire des travaux pratiques, Résoudre des exercices, Participer à des simulations ou études de cas, Faire des présentations / exposés, Faire des sorties / visites de terrain;Orienté fortement Théorie, Leçons;Je ne sais pas encore;Environnement naturel;entrepreneuriat, langues, géopolitique;En binôme;Avoir un salaire intéressant, Utiliser mes matières préférées, Travailler avec des technologies;Non;;;
2026-08-29 07:32:47.000000;Professionnel(le) diplômé(e) / Actif(ve);Série L;Français / Langues, Philosophie, Arts / Design;Français / Langues, Histoire / Géographie, Philosophie;Rédiger, Argumenter, Mémoriser, Observer;Défendre une idée ou argumenter, Étudier des lois, règles et réglementations, Communiquer et travailler avec des personnes, Étudier les propriétés des substances et des matériaux;Problèmes liés à la communication et au commerce, Problèmes juridiques et réglementaires, Problèmes liés à la gestion d'une organisation;Participer à des simulations ou études de cas, Faire des recherches documentaires, Faire des sorties / visites de terrain, Résoudre des exercices;Orienté très fortement Pratique & Projets;Travail principalement régulier et structuré;Banque / institution financière;échecs, bricolage, dessin, mode;En petite équipe;Faire de la recherche, Avoir un salaire intéressant, Faire quelque chose que j'aime;Oui;CAA : Commerce et Administration des Affaires;Ingénieur industriel;1
2026-08-28 22:15:16.000000;Étudiant(e);Série S;Chimie, Physique, Mathématiques;Mathématiques, Physique, Chimie;Calculer, Analyser des informations, Résoudre des problèmes, Expérimenter, Rédiger, Observer;Analyser des chiffres et des données, Faire des calculs et résoudre des problèmes mathématiques, Observer et comprendre des phénomènes scientifiques, Développer des logiciels ou utiliser des technologies numériques;Problèmes scientifiques et expérimentaux, Problèmes techniques et industriels, Problèmes mathématiques et logiques;Participer à des simulations ou études de cas, Faire des sorties / visites de terrain, Faire des présentations / exposés;Orienté fortement Théorie, Leçons;Je ne sais pas encore;Atelier;programmation, voyage;En petite équipe;Avoir la possibilité de travailler à l'étranger, Faire quelque chose que j'aime, Utiliser mes matières préférées, Résoudre des problèmes;Oui;IMTICIA : Informatique Multimédia Technologie de L'information et de la Communication et Intelligence Artificielle;;
2026-08-25 05:19:00.000000;Professionnel(le) diplômé(e) / Actif(ve);Série Technique;Technologie / Sciences industrielles, Physique, Mathématiques, Arts / Design;Technologie / Sciences industrielles, Mathématiques, Physique, Philosophie;Manipuler des outils, Dessiner / concevoir, Résoudre des problèmes, Calculer, Rédiger;Concevoir des systèmes techniques, Comprendre et utiliser des machines, Concevoir et construire des objets ou infrastructures, Gérer les finances et la comptabilité;Problèmes liés aux machines et aux systèmes, Problèmes liés à la construction et aux infrastructures, Problèmes techniques et industriels;Réaliser un projet, Faire des sorties / visites de terrain, Faire des recherches documentaires, Réaliser des expériences;Orienté fortement Théorie, Leçons;Je ne sais pas encore;Banque / institution financière;histoire, théâtre;Avec beaucoup de contacts avec des partenaires;Travailler avec des personnes, Avoir un salaire intéressant, Avoir de bonnes opportunités d'emploi;Non;;Pharmacien;5
2026-08-20 02:27:17.000000;Professionnel(le) diplômé(e) / Actif(ve);Série L;Philosophie, Français / Langues, Arts / Design;Français / Langues, Histoire / Géographie, Philosophie;Rédiger, Argumenter, Mémoriser, Observer;Défendre une idée ou argumenter, Étudier des lois, règles et réglementations, Communiquer et travailler avec des personnes;Problèmes juridiques et réglementaires, Problèmes liés à la communication et au commerce, Problèmes liés à la gestion d'une organisation;Faire des recherches documentaires, Résoudre des exercices, Faire des sorties / visites de terrain;Orienté très fortement Pratique & Projets;Travail avec des tâches variées;Centre de recherche;cinéma, sport;En petite équipe;Faire de la recherche, Avoir la possibilité de travailler à l'étranger, Travailler avec des personnes, Utiliser mes points forts;Non;;Architecte;5
2026-08-21 17:39:00.000000;Professionnel(le) diplômé(e) / Actif(ve);Série L;Histoire / Géographie, Français / Langues, Philosophie, Économie;Français / Langues, Histoire / Géographie, Philosophie, Physique, Gestion / Comptabilité;Rédiger, Argumenter, Mémoriser, Observer;Défendre une idée ou argumenter, Étudier des lois, règles et réglementations, Communiquer et travailler avec des personnes, Travailler dans le tourisme, Découvrir et faire découvrir des cultures;Problèmes juridiques et réglementaires, Problèmes liés à la gestion d'une organisation;Résoudre des exercices, Travailler en groupe, Faire des sorties / visites de terrain, Faire des recherches documentaires;Équilibré entre Théorie et Pratique;Travail avec des tâches variées;Terrain agricole;chimie;Avec beaucoup de contacts avec des partenaires;Travailler dans un domaine scientifique, Être utile à la société, Résoudre des problèmes, Travailler avec des technologies;Non;;Avocat;2
2026-08-23 14:43:08.000000;Étudiant(e);Série Technique;Physique, Technologie / Sciences industrielles, Informatique;Technologie / Sciences industrielles, Mathématiques, Physique, Arts / Design, Français / Langues;Manipuler des outils, Dessiner / concevoir, Résoudre des problèmes, Calculer, Travailler avec des personnes, Organiser;Concevoir des systèmes techniques, Comprendre et utiliser des machines, Concevoir et construire des objets ou infrastructures, Travailler dans le tourisme, Étudier le vivant, les plantes ou les animaux;Problèmes techniques et industriels, Problèmes liés à la construction et aux infrastructures;Réaliser un projet, Réaliser des expériences, Faire des sorties / visites de terrain, Faire des présentations / exposés, Faire des travaux pratiques;Orienté fortement Théorie, Leçons;Travail principalement régulier et structuré;Environnement informatique / numérique;bricolage, électronique, chimie, animaux;Seul(e);Créer ma propre entreprise, Avoir de bonnes opportunités d'emploi, Travailler avec des personnes, Travailler dans mon domaine de passion;Oui;GCA : Génie Civil et Architecture;;
2026-08-30 14:05:09.000000;Étudiant(e);Série A1 /Série A2;Français / Langues, Philosophie, Histoire / Géographie, Gestion / Comptabilité;Français / Langues, Histoire / Géographie, Philosophie;Rédiger, Argumenter, Mémoriser, Observer, Manipuler des outils;Défendre une idée ou argumenter, Étudier des lois, règles et réglementations, Communiquer et travailler avec des personnes, Découvrir et faire découvrir des cultures, Protéger l'environnement;Problèmes juridiques et réglementaires, Problèmes liés à la gestion d'une organisation;Faire des travaux pratiques, Faire des présentations / exposés, Faire des recherches documentaires, Travailler en groupe, Faire des sorties / visites de terrain;Orienté fortement Théorie, Leçons;Travail avec des tâches variées;Usine / environnement industriel;animaux, finance, économie, géopolitique;Cela m'est égal;Avoir un salaire intéressant, Travailler avec des technologies, Pouvoir évoluer professionnellement;Non;;;
2026-08-26 13:52:58.000000;Étudiant(e);Autre;Histoire / Géographie, Français / Langues, Arts / Design;Français / Langues, Histoire / Géographie, Arts / Design;Organiser, Communiquer, Travailler avec des personnes, Rédiger;Organiser et coordonner des projets, Gérer une entreprise ou une organisation, Étudier des lois, règles et réglementations;Problèmes économiques et financiers, Problèmes liés à l'environnement;Réaliser un projet, Travailler en groupe, Faire des travaux pratiques;Équilibré entre Théorie et Pratique;Je ne sais pas encore;Terrain agricole;dessin, voyage, lecture;Avec beaucoup de contacts avec des clients / utilisateurs;Créer ma propre entreprise, Avoir de bonnes opportunités d'emploi;Oui;EMP : Economie et Management de Projet;;
2026-08-21 15:01:51.000000;Étudiant(e);Série L;Français / Langues, Philosophie;Français / Langues, Histoire / Géographie, Philosophie, Mathématiques;Rédiger, Argumenter, Mémoriser, Observer, Travailler avec des personnes;Défendre une idée ou argumenter, Étudier des lois, règles et réglementations, Communiquer et travailler avec des personnes, Observer et comprendre des phénomènes scientifiques, Créer et concevoir des contenus;Problèmes juridiques et réglementaires, Problèmes liés à la gestion d'une organisation, Problèmes liés à la communication et au commerce;Travailler en groupe, Réaliser un projet;Orienté fortement Théorie, Leçons;Travail principalement régulier et structuré;Banque / institution financière;bricolage, musique;Cela m'est égal;Travailler dans un domaine scientifique, Travailler avec des personnes, Avoir un salaire intéressant, Faire de la recherche, Travailler avec des technologies;Oui;CAA : Commerce et Administration des Affaires;;
2026-08-29 01:57:23.000000;Professionnel(le) diplômé(e) / Actif(ve);Série A1 /Série A2;Philosophie, Histoire / Géographie, Gestion / Comptabilité;Français / Langues, Histoire / Géographie, Philosophie, Gestion / Comptabilité;Rédiger, Argumenter, Mémoriser, Observer, Communiquer;Défendre une idée ou argumenter, Étudier des lois, règles et réglementations, Communiquer et travailler avec des personnes;Problèmes juridiques et réglementaires, Problèmes liés à la gestion d'une organisation, Problèmes liés à la communication et au commerce;Faire des recherches documentaires, Participer à des simulations ou études de cas, Faire des sorties / visites de terrain, Travailler en groupe;Orienté très fortement Pratique & Projets;Je ne sais pas encore;Tribunal / administration juridique;animaux, jeux vidéo, économie, langues;Avec beaucoup de contacts avec des clients / utilisateurs;Pouvoir évoluer professionnellement, Utiliser mes points forts, Avoir de bonnes opportunités d'emploi, Avoir un salaire intéressant;Oui;FIC : Finances et Comptabilités;Agent de développement durable;5
2026-08-20 06:49:51.000000;Étudiant(e);Autre;Histoire / Géographie, Français / Langues, Informatique;Français / Langues, Histoire / Géographie, Mathématiques;Organiser, Communiquer, Travailler avec des personnes, Manipuler des outils;Organiser et coordonner des projets, Gérer une entreprise ou une organisation;Problèmes liés à l'environnement, Problèmes économiques et financiers;Faire des recherches documentaires, Résoudre des exercices, Travailler en groupe;Équilibré entre Théorie et Pratique;Je ne sais pas encore;Environnement naturel;design;Seul(e);Avoir un métier stable, Travailler avec des technologies, Pouvoir évoluer professionnellement, Faire de la recherche;Oui;EMP : Economie et Management de Projet;;
2026-08-30 07:43:29.000000;Professionnel(le) diplômé(e) / Actif(ve);Autre;Français / Langues, Histoire / Géographie, Arts / Design;Français / Langues, Histoire / Géographie, Gestion / Comptabilité, Mathématiques;Organiser, Communiquer, Travailler avec des personnes;Organiser et coordonner des projets, Gérer une entreprise ou une organisation, Communiquer et travailler avec des personnes, Faire de la recherche scientifique;Problèmes économiques et financiers, Problèmes liés à l'environnement;Résoudre des exercices, Faire des travaux pratiques, Réaliser un projet, Faire des présentations / exposés;Équilibré entre Théorie et Pratique;Travail principalement régulier et structuré;Centre de recherche;cinéma, entrepreneuriat, danse, astronomie;Avec beaucoup de contacts avec des partenaires;Être utile à la société, Faire quelque chose que j'aime, Travailler avec des technologies, Faire de la recherche;Oui;EMP : Economie et Management de Projet;Ingénieur industriel;5
2026-08-24 15:17:56.000000;Étudiant(e);Série OSE;Sciences de la vie / Biologie, Histoire / Géographie, Français / Langues, Économie;Sciences de la vie / Biologie, Histoire / Géographie, Économie;Organiser, Communiquer, Travailler avec des personnes, Calculer, Résoudre des problèmes;Organiser et coordonner des projets, Gérer une entreprise ou une organisation, Vendre, négocier ou développer une activité commerciale;Problèmes économiques et financiers, Problèmes liés à l'environnement;Faire des présentations / exposés, Résoudre des exercices;Orienté très fortement Pratique & Projets;Travail principalement régulier et structuré;Hôtel / restaurant;théâtre;En petite équipe;Avoir un métier stable, Avoir la possibilité de travailler à l'étranger, Pouvoir évoluer professionnellement;Non;;;
2026-08-27 02:35:43.000000;Étudiant(e);Série Technique;Technologie / Sciences industrielles, Physique, Arts / Design;Technologie / Sciences industrielles, Mathématiques, Physique, Gestion / Comptabilité, Français / Langues;Manipuler des outils, Dessiner / concevoir, Résoudre des problèmes, Calculer;Concevoir des systèmes techniques, Comprendre et utiliser des machines, Concevoir et construire des objets ou infrastructures, Travailler dans l'agriculture ou l'élevage, Gérer les finances et la comptabilité;Problèmes liés aux machines et aux systèmes, Problèmes liés à la construction et aux infrastructures;Faire des sorties / visites de terrain, Faire des recherches documentaires, Faire des présentations / exposés, Résoudre des exercices, Participer à des simulations ou études de cas;Orienté très fortement Pratique & Projets;Travail avec des tâches variées;Laboratoire;robotique, cuisine, architecture, entrepreneuriat;Seul(e);Utiliser mes matières préférées, Faire quelque chose que j'aime;Non;;;
2026-08-30 22:39:06.000000;Professionnel(le) diplômé(e) / Actif(ve);Autre;Histoire / Géographie, Français / Langues, Arts / Design;Français / Langues, Histoire / Géographie, Chimie, Physique;Organiser, Communiquer, Travailler avec des personnes;Organiser et coordonner des projets, Gérer une entreprise ou une organisation, Créer et concevoir des contenus;Problèmes économiques et financiers, Problèmes liés à l'environnement;Faire des sorties / visites de terrain, Participer à des simulations ou études de cas, Faire des présentations / exposés, Réaliser des expériences;Orienté très fortement Pratique & Projets;Travail avec des tâches variées;Environnement informatique / numérique;cinéma, robotique, photographie, sport;Seul(e);Travailler dans un domaine scientifique, Travailler dans mon domaine de passion;Non;;Ingénieur industriel;4
2026-08-24 17:10:11.000000;Professionnel(le) diplômé(e) / Actif(ve);Série A1 /Série A2;Français / Langues, Histoire / Géographie;Français / Langues, Histoire / Géographie, Philosophie;Rédiger, Argumenter, Mémoriser, Observer;Défendre une idée ou argumenter, Étudier des lois, règles et réglementations, Communiquer et travailler avec des personnes, Comprendre et utiliser des machines;Problèmes liés à la communication et au commerce, Problèmes juridiques et réglementaires, Problèmes liés à la gestion d'une organisation;Faire des recherches documentaires, Faire des travaux pratiques;Orienté fortement Théorie, Leçons;Travail avec des tâches variées;Laboratoire;finance, cinéma, danse;En binôme;Être utile à la société, Avoir un métier stable;Oui;CAA : Commerce et Administration des Affaires;Développeur web;1
2026-08-24 16:13:28.000000;Étudiant(e);Série C;Mathématiques, Chimie, Physique, Technologie / Sciences industrielles;Mathématiques, Physique, Chimie, Sciences de la vie / Biologie, Technologie / Sciences industrielles;Calculer, Analyser des informations, Résoudre des problèmes, Expérimenter, Rédiger, Manipuler des outils;Analyser des chiffres et des données, Faire des calculs et résoudre des problèmes mathématiques, Observer et comprendre des phénomènes scientifiques, Défendre une idée ou argumenter, Gérer les finances et la comptabilité;Problèmes mathématiques et logiques, Problèmes scientifiques et expérimentaux;Faire des travaux pratiques, Réaliser un projet, Résoudre des exercices;Orienté fortement Théorie, Leçons;Travail avec des tâches variées;Je ne sais pas encore;marketing, mode;En petite équipe;Travailler dans mon domaine de passion, Résoudre des problèmes, Être utile à la société, Avoir un salaire intéressant, Faire de la recherche;Non;;;
2026-08-28 19:09:27.000000;Étudiant(e);Série OSE;Français / Langues, Histoire / Géographie, Économie;Sciences de la vie / Biologie, Histoire / Géographie;Organiser, Communiquer, Travailler avec des personnes;Organiser et coordonner des projets, Gérer une entreprise ou une organisation;Problèmes économiques et financiers, Problèmes liés à l'environnement;Participer à des simulations ou études de cas, Réaliser des expériences, Faire des recherches documentaires, Faire des travaux pratiques, Réaliser un projet;Équilibré entre Théorie et Pratique;Je ne sais pas encore;Centre de recherche;échecs, marketing, langues, mathématiques;Seul(e);Avoir un métier stable, Travailler dans mon domaine de passion, Utiliser mes matières préférées, Faire quelque chose que j'aime, Avoir de bonnes opportunités d'emploi;Oui;TEH : Tourisme , Environnement et Hôtellerie;;
2026-08-29 02:06:26.000000;Professionnel(le) diplômé(e) / Actif(ve);Série D;Sciences de la vie / Biologie, Mathématiques, Physique, Français / Langues;Sciences de la vie / Biologie, Chimie, Mathématiques;Observer, Expérimenter, Résoudre des problèmes, Analyser des informations;Étudier le vivant, les plantes ou les animaux, Réaliser des expériences en laboratoire, Observer et comprendre des phénomènes scientifiques, Travailler dans le tourisme;Problèmes liés à l'agriculture et à l'élevage, Problèmes liés à la santé, aux médicaments ou aux produits biologiques, Problèmes scientifiques et expérimentaux;Faire des recherches documentaires, Résoudre des exercices, Participer à des simulations ou études de cas;Orienté très fortement Pratique & Projets;Travail principalement régulier et structuré;Terrain agricole;échecs, lecture, photographie, architecture;Seul(e);Faire quelque chose que j'aime, Utiliser mes matières préférées, Avoir la possibilité de travailler à l'étranger, Créer ma propre entreprise;Non;;Technicien de laboratoire;2
2026-08-21 19:01:02.000000;Étudiant(e);Série OSE;Histoire / Géographie, Sciences de la vie / Biologie, Économie;Sciences de la vie / Biologie, Histoire / Géographie;Organiser, Communiquer, Travailler avec des personnes;Organiser et coordonner des projets, Gérer une entreprise ou une organisation;Problèmes économiques et financiers, Problèmes liés à l'environnement;Faire des présentations / exposés, Faire des travaux pratiques, Faire des recherches documentaires;Équilibré entre Théorie et Pratique;Je ne sais pas encore;Hôtel / restaurant;dessin, économie, chimie, bricolage;Avec beaucoup de contacts avec des partenaires;Avoir de bonnes opportunités d'emploi, Avoir un métier stable;Non;;;
2026-08-28 11:18:39.000000;Étudiant(e);Autre;Histoire / Géographie, Français / Langues;Français / Langues, Histoire / Géographie, Chimie;Organiser, Communiquer, Travailler avec des personnes, Rédiger, Programmer;Organiser et coordonner des projets, Gérer une entreprise ou une organisation, Réaliser des expériences en laboratoire, Travailler dans le tourisme;Problèmes économiques et financiers, Problèmes liés à l'environnement;Réaliser un projet, Faire des présentations / exposés, Réaliser des expériences;Équilibré entre Théorie et Pratique;Travail avec des tâches variées;Laboratoire;géopolitique, jeux vidéo, marketing, astronomie;Cela m'est égal;Avoir la possibilité de travailler à l'étranger, Avoir un salaire intéressant;Non;;;
2026-08-29 10:35:25.000000;Professionnel(le) diplômé(e) / Actif(ve);Série Technique;Mathématiques, Technologie / Sciences industrielles, Arts / Design;Technologie / Sciences industrielles, Mathématiques, Physique, Philosophie, Arts / Design;Manipuler des outils, Dessiner / concevoir, Résoudre des problèmes, Calculer, Programmer, Diriger une équipe;Concevoir des systèmes techniques, Comprendre et utiliser des machines, Concevoir et construire des objets ou infrastructures, Étudier le vivant, les plantes ou les animaux, Observer et comprendre des phénomènes scientifiques;Problèmes liés aux machines et aux systèmes, Problèmes techniques et industriels;Réaliser un projet, Faire des travaux pratiques, Participer à des simulations ou études de cas, Résoudre des exercices, Faire des recherches documentaires;Orienté très fortement Pratique & Projets;Travail avec des tâches variées;Environnement informatique / numérique;marketing, animaux, mode, chant;Seul(e);Travailler dans mon domaine de passion, Utiliser mes matières préférées, Créer ma propre entreprise, Avoir la possibilité de travailler à l'étranger, Résoudre des problèmes;Non;;Responsable informatique;3
2026-08-28 22:29:30.000000;Étudiant(e);Série D;Chimie, Physique, Mathématiques;Sciences de la vie / Biologie, Chimie, Mathématiques, Gestion / Comptabilité, Informatique;Observer, Expérimenter, Résoudre des problèmes, Analyser des informations, Organiser, Calculer;Étudier le vivant, les plantes ou les animaux, Réaliser des expériences en laboratoire, Observer et comprendre des phénomènes scientifiques;Problèmes liés à la santé, aux médicaments ou aux produits biologiques, Problèmes liés à l'agriculture et à l'élevage, Problèmes scientifiques et expérimentaux;Travailler en groupe, Faire des travaux pratiques, Faire des recherches documentaires;Orienté très fortement Pratique & Projets;Je ne sais pas encore;Milieu rural;théâtre, chant;En petite équipe;Avoir de bonnes opportunités d'emploi, Travailler avec des personnes, Faire quelque chose que j'aime, Pouvoir évoluer professionnellement;Oui;IAA : Industrie Agroalimentaire;;
2026-08-29 11:28:47.000000;Professionnel(le) diplômé(e) / Actif(ve);Série OSE;Histoire / Géographie, Français / Langues;Sciences de la vie / Biologie, Histoire / Géographie, Économie;Organiser, Communiquer, Travailler avec des personnes, Analyser des informations, Rédiger;Organiser et coordonner des projets, Gérer une entreprise ou une organisation, Travailler dans l'agriculture ou l'élevage, Analyser des chiffres et des données;Problèmes économiques et financiers, Problèmes liés à l'environnement;Réaliser des expériences, Résoudre des exercices, Faire des recherches documentaires, Réaliser un projet, Faire des travaux pratiques;Orienté très fortement Pratique & Projets;Travail principalement régulier et structuré;Atelier;biologie, animaux, sport;Avec beaucoup de contacts avec des partenaires;Avoir la possibilité de travailler à l'étranger, Être utile à la société, Avoir un salaire intéressant;Oui;EMP : Economie et Management de Projet;Ingénieur logiciel;4
2026-08-24 12:36:12.000000;Professionnel(le) diplômé(e) / Actif(ve);Série A1 /Série A2;Français / Langues, Philosophie, Arts / Design;Français / Langues, Histoire / Géographie, Philosophie, Technologie / Sciences industrielles, Gestion / Comptabilité;Rédiger, Argumenter, Mémoriser, Observer;Défendre une idée ou argumenter, Étudier des lois, règles et réglementations, Communiquer et travailler avec des personnes, Découvrir et faire découvrir des cultures;Problèmes liés à la gestion d'une organisation, Problèmes liés à la communication et au commerce, Problèmes juridiques et réglementaires;Résoudre des exercices, Faire des présentations / exposés, Faire des recherches documentaires, Travailler en groupe, Participer à des simulations ou études de cas;Orienté fortement Théorie, Leçons;Travail avec des tâches variées;Commerce / magasin;environnement, animaux;En petite équipe;Travailler avec des personnes, Travailler avec des technologies, Avoir un métier stable, Avoir un salaire intéressant;Oui;DTJA : Droit et Techniques Juridiques des Affaires;Responsable informatique;3
2026-08-24 01:30:58.000000;Étudiant(e);Série OSE;Français / Langues, Histoire / Géographie, Sciences de la vie / Biologie, Économie;Sciences de la vie / Biologie, Histoire / Géographie, Informatique, Mathématiques;Organiser, Communiquer, Travailler avec des personnes;Organiser et coordonner des projets, Gérer une entreprise ou une organisation, Analyser des chiffres et des données, Concevoir des systèmes techniques;Problèmes liés à l'environnement, Problèmes économiques et financiers;Faire des travaux pratiques, Faire des recherches documentaires, Réaliser des expériences;Orienté très fortement Pratique & Projets;Je ne sais pas encore;Atelier;théâtre, musique, économie;Avec beaucoup de contacts avec des clients / utilisateurs;Résoudre des problèmes, Travailler avec des personnes, Faire quelque chose que j'aime, Avoir un métier stable;Non;;;
