Horodateur,Vous êtes actuellement :,Quelle était votre série au Baccalauréat ?,Quelles étaient vos matières préférées au lycée ?,Dans quelles matières vous étiez doués?,Dans quelles activités pensez-vous être naturellement à l'aise ?,"Parmi les activités suivantes, lesquelles vous attirent le plus ?",Quel type de problème aimez-vous le plus résoudre ?,Quel type d'activité pédagogique vous attire le plus ?,Aimez-vous plutôt la pratique ou les leçons (théorie) ?,Quel rythme de travail vous correspond le mieux ?,Dans quel environnement aimeriez-vous travailler ?,Quels sont vos domaines d'intérêt principaux ?,Préférez-vous travailler principalement,Qu'est-ce qui est le plus important pour vous dans le choix d'une formation ?,"si vous devenez etudiant à l'ISPM, quel filière choisiriez vous?","Si vous êtes diplômé(e) / professionnel(le), quel est votre métier actuel ?","Si vous êtes diplômés, avec le recul, quel est votre niveau de satisfaction concernant l'adéquation entre votre formation et votre métier ?"
2026-07-11 11:56:10,Professionnel(le),G,Économie; Mathématiques,Économie,Analyser des données; Calculer,Analyser un marché; Gérer un projet; Organiser; Planifier,Problèmes économiques et organisationnels,Études de cas; Exercices pratiques,Pratique,Dynamique,Entreprise; Bureau,Économie; Gestion; Entrepreneuriat; Management,Seul ou en équipe,Créer mon entreprise,EMP,Gestionnaire,5.0
2026-08-01 10:35:24,Étudiant(e),S,Mathématiques; Économie,Économie,Analyser des données; Calculer; Planifier,Gérer un projet; Planifier,Problèmes économiques et organisationnels,Études de cas; Exercices pratiques,Pratique,Régulier,Bureau; Administration,Gestion; Management,En équipe,Créer mon entreprise,GCA,Manager,2.0
2026-08-21 07:03:56,Professionnel(le),A2,Mathématiques; Économie; Français,Français,Organiser; Communiquer,Communiquer; Faire du commerce; Négocier,Problèmes commerciaux,Projets; Études de cas,Pratique et théorie,Intensif,Entreprise; Commerce,Vente; Entrepreneuriat,En équipe,Les perspectives de carrière,IAA,Chercheur,4.0
2026-08-14 13:24:40,Étudiant(e),S,Informatique; Anglais,Informatique; Mathématiques,Résoudre des problèmes logiques; Utiliser des outils informatiques; Travailler avec des données; Analyser des informations,Programmer; Automatiser des tâches,Problèmes logiques et techniques,Travaux dirigés; Projets pratiques,Pratique,Régulier,Bureau,Intelligence artificielle; Data,En équipe,Travailler dans un secteur innovant,ISAIA,Technicien informatique,2.0
2026-08-13 17:59:22,Étudiant(e),A2,Économie; Français,Français,Analyser; Organiser,Analyser un marché; Communiquer,Problèmes commerciaux,Études de cas,Pratique et théorie,Dynamique,Commerce,Commerce; Marketing,En équipe,Les perspectives de carrière,AEE,Éleveur,3.0
2026-07-22 14:58:38,Étudiant(e),C,Chimie; SVT,Physique; Chimie,Expérimenter; Manipuler des outils ou équipements; Analyser,Rechercher; Mesurer; Analyser des substances; Faire des expériences,Problèmes scientifiques et expérimentaux,Laboratoire,Pratique,Progressif,Industrie,Industrie; Laboratoire; Environnement,Seul ou en équipe,Aimer le domaine étudié,ICMP,Chercheur,1.0
2026-08-20 09:45:50,Étudiant(e),A1,Gestion; Mathématiques,Économie,Calculer; Organiser,Organiser; Gérer un projet,Problèmes économiques et organisationnels,Exercices pratiques; Projets,Pratique,Dynamique,Administration; Entreprise,Management; Entrepreneuriat,Seul ou en équipe,Créer mon entreprise,FIC,Business developer,5.0
2026-07-17 15:11:34,Professionnel(le),G,Français; Économie,Économie,Communiquer; Analyser; Organiser; Négocier,Négocier; Communiquer,Problèmes commerciaux,Projets; Études de cas,Pratique et théorie,Intensif,Agence; Commerce,Entrepreneuriat; Commerce; Marketing; Vente,En équipe,Créer mon entreprise,CAA,Business developer,5.0
2026-07-25 10:01:55,Professionnel(le),G,Français; Mathématiques; Économie,Économie,Organiser; Négocier; Analyser,Faire du commerce; Négocier; Analyser un marché,Problèmes commerciaux,Projets,Pratique et théorie,Dynamique,Entreprise; Agence,Commerce; Entrepreneuriat; Vente,En équipe,Les débouchés professionnels,CAA,Responsable marketing,3.0
2026-07-03 16:38:56,Étudiant(e),S,Informatique; Mathématiques; Anglais,Informatique,Utiliser des outils informatiques; Résoudre des problèmes logiques; Analyser des informations; Travailler avec des données,Automatiser des tâches; Programmer; Analyser des données; Créer des applications,Problèmes logiques et techniques,Programmation; Travaux dirigés,Pratique,Intensif et régulier,Entreprise; Télétravail,Technologie; Robotique,En équipe,Développer des compétences professionnelles,ISAIA,Ingénieur logiciel,5.0
2026-08-02 08:12:09,Étudiant(e),C,SVT; Chimie; Mathématiques,SVT; Mathématiques,Observer; Analyser; Expérimenter; Résoudre des problèmes,Faire des expériences; Rechercher; Analyser,Problèmes scientifiques,Travaux pratiques,Pratique et théorie,Régulier,Industrie,Recherche; Environnement,En équipe,Être utile à la société,EMII,Assistant de recherche,5.0
2026-08-17 12:14:54,Professionnel(le),A1,Français; Histoire,Philosophie; Français,Analyser des textes; Argumenter; Rédiger,Rédiger; Lire des documents; Débattre,Problèmes juridiques et sociaux,Débats,Pratique et théorie,Calme et régulier,Tribunal,Droits humains; Société; Droit,Seul ou en équipe,La reconnaissance du diplôme,DTJA,Avocat,2.0
2026-08-06 15:53:00,Étudiant(e),S,Physique; Anglais; Informatique,Informatique; Mathématiques,Utiliser des outils informatiques; Résoudre des problèmes logiques,Créer des applications; Analyser des données; Programmer,Problèmes logiques et techniques,Projets pratiques,Pratique et théorie,Intensif et régulier,Télétravail,Intelligence artificielle; Robotique; Technologie,Seul ou en petite équipe,Développer des compétences professionnelles,ESIIA,Développeur,3.0
2026-08-14 14:01:50,Étudiant(e),S,Informatique; Anglais,Mathématiques; Informatique,Résoudre des problèmes logiques; Analyser des informations; Travailler avec des données,Analyser des données; Créer des applications,Problèmes logiques et techniques,Projets pratiques; Programmation,Pratique et théorie,Régulier,Télétravail; Startup,Technologie; Intelligence artificielle; Programmation,Seul ou en petite équipe,Travailler dans un secteur innovant,IMTICIA,Ingénieur IA,5.0
2026-08-20 08:12:41,Étudiant(e),S,Physique; Mathématiques; Anglais,Informatique,Utiliser des outils informatiques; Résoudre des problèmes logiques; Analyser des informations; Travailler avec des données,Analyser des données; Automatiser des tâches; Créer des applications,Problèmes logiques et techniques,Projets pratiques,Pratique et théorie,Régulier,Startup,Data; Robotique; Intelligence artificielle; Programmation,Seul ou en petite équipe,Développer des compétences professionnelles,ISAIA,Analyste cyber-sécurité,2.0
2026-08-06 17:22:24,Professionnel(le),A1,Français; Économie; Gestion,Économie; Mathématiques,Analyser des données; Planifier; Calculer,Planifier; Gérer un projet,Problèmes économiques et organisationnels,Études de cas,Pratique,Régulier,Bureau; Entreprise,Management; Entrepreneuriat,Seul ou en équipe,Les perspectives de carrière,EMP,Gestionnaire,3.0
2026-07-29 10:55:23,Professionnel(le),S,Physique; Chimie; SVT,SVT; Chimie,Expérimenter; Observer; Analyser; Manipuler des outils ou équipements,Faire des expériences; Mesurer,Problèmes scientifiques et expérimentaux,Expériences,Pratique,Régulier,Industrie; Laboratoire,Industrie; Chimie,Seul ou en équipe,Acquérir une formation solide,IAA,Chercheur,3.0
2026-08-06 09:24:21,Professionnel(le),S,Informatique; Anglais,Informatique; Mathématiques,Utiliser des outils informatiques; Résoudre des problèmes logiques,Analyser des données; Créer des applications; Programmer,Problèmes logiques et techniques,Programmation; Projets pratiques,Pratique et théorie,Intensif et régulier,Startup; Bureau,Technologie; Data,Seul ou en petite équipe,Développer des compétences professionnelles,IMTICIA,Développeur full-stack,3.0
2026-08-15 08:10:52,Étudiant(e),G,Mathématiques; Économie,Français,Analyser; Organiser; Communiquer,Analyser un marché; Négocier; Communiquer,Problèmes commerciaux,Études de cas,Pratique,Intensif,Agence,Commerce; Vente; Entrepreneuriat,En équipe,Les débouchés professionnels,TEE,Community manager,5.0
2026-07-13 07:27:40,Étudiant(e),S,Mathématiques; Gestion; Économie,Mathématiques,Calculer; Être rigoureux; Organiser; Analyser des données,Faire des calculs; Analyser des données; Analyser des comptes; Gérer,Problèmes financiers,Études de cas,Pratique et théorie,Intensif et régulier,Banque; Entreprise,Gestion; Banque,Seul ou en équipe,La stabilité professionnelle,ISAIA,Chef de projet,5.0
2026-07-21 11:22:14,Étudiant(e),D,Chimie; Mathématiques; Physique,Physique; SVT,Expérimenter; Résoudre des problèmes; Analyser; Observer,Faire des expériences; Rechercher; Analyser,Problèmes scientifiques,Recherche; Expériences,Pratique et théorie,Intensif et régulier,Centre de recherche; Industrie,Recherche; Technologie,Seul ou en équipe,Acquérir une formation solide,ESIIA,Développeur full-stack,4.0
2026-07-27 08:13:19,Étudiant(e),G,Mathématiques; Gestion,Gestion,Calculer; Organiser; Analyser des données; Planifier,Planifier; Analyser un marché; Gérer un projet; Organiser,Problèmes économiques et organisationnels,Études de cas,Pratique et théorie,Régulier,Administration,Entrepreneuriat; Management; Gestion,En équipe,Les perspectives de carrière,EMP,Responsable communication,1.0
2026-07-20 15:24:16,Étudiant(e),G,Économie; Gestion,Économie; Mathématiques,Organiser; Être rigoureux; Analyser des données,Analyser des comptes; Gérer,Problèmes financiers,Exercices; Études de cas,Théorie et pratique,Régulier,Bureau; Banque,Comptabilité; Gestion; Audit,Seul,La stabilité professionnelle,FIC,Contrôleur de gestion,2.0
2026-08-17 13:06:05,Étudiant(e),G,Français; Anglais; Histoire,Anglais; Français,Communiquer; Créer,Créer du contenu; Communiquer,Problèmes de communication,Travaux de groupe,Pratique,Dynamique,Entreprise; Média,Médias; Publicité; Marketing,En équipe,La possibilité d'évoluer professionnellement,TEH,Responsable marketing,5.0
2026-08-05 16:58:26,Étudiant(e),G,Histoire; Français; Anglais,Anglais; Français,Créer; Communiquer; Rédiger; Présenter,Organiser des événements; Créer du contenu,Problèmes de communication,Présentations,Pratique,Dynamique,Média,Marketing; Événementiel; Publicité,En équipe,La possibilité d'évoluer professionnellement,TEE,Chargé marketing,2.0
2026-07-07 14:53:27,Étudiant(e),C,Mathématiques; Chimie,SVT; Mathématiques,Observer; Analyser; Expérimenter,Rechercher; Concevoir,Problèmes scientifiques,Expériences; Travaux pratiques,Pratique et théorie,Régulier,Centre de recherche; Laboratoire,Sciences; Environnement; Recherche; Technologie,En équipe,Acquérir une formation solide,GCA,Chercheur,3.0
2026-07-31 08:04:54,Étudiant(e),C,Mathématiques; Physique; Chimie,Physique,Résoudre des problèmes; Expérimenter; Observer,Concevoir; Faire des expériences; Analyser,Problèmes scientifiques,Expériences,Pratique et théorie,Intensif et régulier,Laboratoire,Sciences; Recherche,Seul ou en équipe,Acquérir une formation solide,IMTICIA,Assistant de recherche,2.0
2026-07-21 12:59:27,Professionnel(le),S,Français; Mathématiques; Économie,Mathématiques; Gestion,Organiser; Calculer,Organiser; Analyser un marché; Gérer un projet; Planifier,Problèmes économiques et organisationnels,Exercices pratiques,Pratique,Dynamique,Bureau,Gestion; Entrepreneuriat; Économie; Management,En équipe,Les perspectives de carrière,GCA,Manager,4.0
2026-08-21 15:11:08,Professionnel(le),A1,Anglais; Histoire,Français,Présenter; Rédiger,Créer du contenu; Communiquer; Organiser des événements; Présenter,Problèmes de communication,Présentations; Travaux de groupe,Pratique et théorie,Dynamique,Agence; Entreprise,Événementiel; Médias; Publicité; Marketing,En équipe,La possibilité d'évoluer professionnellement,TEH,Responsable communication,3.0
2026-07-15 09:37:20,Professionnel(le),A1,Histoire; Français,Français,Communiquer; Présenter,Organiser des événements; Présenter,Problèmes de communication,Travaux de groupe,Pratique et théorie,Intensif et régulier,Studio; Agence,Publicité; Médias,En équipe,Développer son réseau professionnel,TEE,Chargé de communication,5.0
2026-08-18 17:47:06,Étudiant(e),G,Mathématiques; Gestion; Économie,Mathématiques; Économie,Organiser; Calculer,Analyser des comptes; Analyser des données; Faire des calculs; Gérer,Problèmes financiers,Exercices,Pratique et théorie,Régulier,Banque,Gestion; Finance; Audit,Seul,Les perspectives de carrière,FIC,Data analyst,3.0
2026-08-22 08:29:03,Professionnel(le),S,Anglais; Physique; Mathématiques,Mathématiques; Informatique,Analyser des informations; Utiliser des outils informatiques; Résoudre des problèmes logiques,Créer des applications; Analyser des données; Programmer,Problèmes logiques et techniques,Travaux dirigés; Projets pratiques,Pratique,Intensif et régulier,Entreprise; Startup,Intelligence artificielle; Technologie; Robotique; Programmation,En équipe,Travailler dans un secteur innovant,IGGLIA,Développeur full-stack,4.0
2026-07-24 17:12:11,Étudiant(e),A2,Français; Histoire; Anglais,Français; Anglais,Créer; Communiquer; Rédiger; Présenter,Communiquer; Créer du contenu; Présenter; Organiser des événements,Problèmes de communication,Travaux de groupe; Présentations,Pratique,Intensif et régulier,Agence,Marketing; Publicité; Médias; Événementiel,En équipe,Développer son réseau professionnel,AEE,Spécialiste en développement rural,3.0
2026-07-22 14:07:46,Étudiant(e),A1,Anglais; Français,Philosophie; Français,Argumenter; Analyser des textes; Rédiger,Débattre; Faire des recherches; Lire des documents,Problèmes juridiques et sociaux,Lectures,Théorie,Calme et régulier,Tribunal,Administration; Droits humains,Seul ou en équipe,Aimer le domaine étudié,DTJA,Juriste,4.0
2026-07-05 10:42:17,Étudiant(e),A1,Économie; Français,Économie; Français,Communiquer; Analyser,Négocier; Faire du commerce; Communiquer,Problèmes commerciaux,Projets,Pratique et théorie,Dynamique,Agence,Commerce; Marketing; Vente; Entrepreneuriat,En équipe,Créer mon entreprise,CAA,Business developer,1.0
2026-08-05 13:58:29,Étudiant(e),G,Mathématiques; Gestion,Économie; Mathématiques,Calculer; Analyser des données; Être rigoureux; Organiser,Analyser des comptes; Gérer,Problèmes financiers,Études de cas; Exercices,Théorie et pratique,Intensif et régulier,Entreprise; Bureau,Comptabilité; Finance,Seul ou en équipe,Les perspectives de carrière,FIC,Contrôleur de gestion,5.0
2026-07-14 14:24:31,Étudiant(e),S,Mathématiques; Physique; Chimie,Physique,Observer; Résoudre des problèmes; Expérimenter,Analyser; Faire des expériences,Problèmes scientifiques,Recherche,Pratique et théorie,Intensif et régulier,Industrie; Centre de recherche,Environnement; Sciences,Seul ou en équipe,Acquérir une formation solide,IMTICIA,Chef de projet,2.0
2026-08-05 11:31:51,Étudiant(e),D,SVT; Chimie; Mathématiques,Physique; Chimie,Manipuler des outils ou équipements; Observer; Analyser; Expérimenter,Mesurer; Analyser des substances; Faire des expériences; Rechercher,Problèmes scientifiques et expérimentaux,Laboratoire; Travaux pratiques,Pratique et théorie,Régulier,Laboratoire,Environnement; Laboratoire; Recherche; Industrie,Seul ou en équipe,Aimer le domaine étudié,PIP,Technicien qualité,1.0
2026-08-25 11:35:06,Étudiant(e),C,SVT; Chimie; Physique,SVT; Physique,Expérimenter; Manipuler des outils ou équipements; Observer; Analyser,Analyser des substances; Faire des expériences; Rechercher,Problèmes scientifiques et expérimentaux,Laboratoire,Pratique,Régulier,Industrie,Recherche; Laboratoire; Industrie; Chimie,Seul ou en équipe,Acquérir une formation solide,IAA,Technicien de laboratoire,3.0
2026-07-07 13:58:31,Étudiant(e),D,Chimie; SVT; Mathématiques,Physique,Analyser; Expérimenter; Observer,Faire des expériences; Analyser des substances; Rechercher; Mesurer,Problèmes scientifiques et expérimentaux,Laboratoire,Pratique,Progressif,Industrie,Recherche; Chimie,En équipe,Aimer le domaine étudié,ICMP,Technicien,4.0
2026-07-11 11:03:41,Professionnel(le),A2,Philosophie; Français,Français,Argumenter; Analyser des textes; Communiquer,Débattre; Rédiger,Problèmes juridiques et sociaux,Lectures,Pratique et théorie,Calme et régulier,Tribunal; Administration,Justice; Société,Seul,La stabilité professionnelle,IAA,Expert en qualité alimentaire,4.0
2026-07-29 10:34:40,Étudiant(e),S,Mathématiques; Physique,Mathématiques; Informatique,Analyser des informations; Résoudre des problèmes logiques; Travailler avec des données; Utiliser des outils informatiques,Créer des applications; Programmer; Automatiser des tâches; Analyser des données,Problèmes logiques et techniques,Programmation; Projets pratiques,Pratique,Régulier,Entreprise,Robotique; Data; Technologie,En équipe,Développer des compétences professionnelles,IGGLIA,Ingénieur logiciel,1.0
2026-07-27 12:30:22,Étudiant(e),A2,Anglais; Histoire; Français,Français,Argumenter; Rédiger; Analyser des textes; Communiquer,Faire des recherches; Lire des documents; Rédiger; Débattre,Problèmes juridiques et sociaux,Lectures,Pratique et théorie,Régulier,Tribunal; Institution publique,Justice; Droit; Droits humains,Seul ou en équipe,Aimer le domaine étudié,IAA,Technicien agricole,2.0
2026-08-20 12:56:32,Étudiant(e),D,SVT; Physique; Chimie,SVT,Résoudre des problèmes; Expérimenter,Faire des expériences; Rechercher; Concevoir,Problèmes scientifiques,Expériences,Pratique et théorie,Régulier,Centre de recherche; Industrie,Technologie; Sciences; Environnement; Recherche,En équipe,Être utile à la société,AEE,Ingénieur agronome,3.0
2026-07-08 08:51:23,Professionnel(le),D,Mathématiques; SVT,Chimie; SVT,Manipuler des outils ou équipements; Analyser,Rechercher; Faire des expériences; Mesurer; Analyser des substances,Problèmes scientifiques et expérimentaux,Laboratoire,Pratique et théorie,Progressif,Laboratoire; Industrie,Recherche; Chimie; Environnement; Industrie,Seul ou en équipe,La pratique professionnelle,PIP,Chercheur,5.0
2026-07-11 07:36:00,Étudiant(e),S,Économie; Gestion,Économie; Mathématiques,Calculer; Organiser,Analyser des données; Analyser des comptes; Faire des calculs,Problèmes financiers,Travaux pratiques; Exercices,Pratique et théorie,Intensif et régulier,Entreprise,Gestion; Banque; Finance; Comptabilité,Seul ou en équipe,La stabilité professionnelle,ISAIA,Chef de projet,5.0
2026-07-20 13:18:49,Étudiant(e),A1,Mathématiques; Économie; Français,Français,Organiser; Négocier; Analyser; Communiquer,Communiquer; Faire du commerce; Négocier; Analyser un marché,Problèmes commerciaux,Simulations; Études de cas,Pratique et théorie,Dynamique,Agence,Marketing; Commerce; Entrepreneuriat,En équipe,Créer mon entreprise,TEE,Chargé marketing,5.0
2026-08-17 16:32:17,Étudiant(e),A2,Anglais; Philosophie,Histoire; Philosophie,Argumenter; Rédiger; Analyser des textes,Lire des documents; Débattre,Problèmes juridiques et sociaux,Lectures,Théorie,Calme et régulier,Tribunal; Administration,Droit; Justice,Seul ou en équipe,La reconnaissance du diplôme,PIP,Spécialiste en réglementaire pharmaceutique,2.0
2026-08-23 10:48:00,Étudiant(e),S,Gestion; Mathématiques,Économie,Analyser des données; Être rigoureux,Analyser des comptes; Faire des calculs,Problèmes financiers,Études de cas; Travaux pratiques,Théorie et pratique,Intensif et régulier,Entreprise,Banque; Comptabilité,Seul,Les perspectives de carrière,EMII,Assistant de recherche,4.0
2026-07-13 10:01:12,Étudiant(e),A2,Histoire; Anglais; Français,Français,Communiquer; Argumenter,Faire des recherches; Débattre; Rédiger; Lire des documents,Problèmes juridiques et sociaux,Études de cas; Débats,Théorie,Régulier,Institution publique,Administration; Justice; Droits humains; Société,Seul ou en équipe,La stabilité professionnelle,AEE,Spécialiste en développement rural,2.0
2026-07-23 15:59:05,Étudiant(e),S,Anglais; Mathématiques; Informatique,Informatique; Mathématiques,Analyser des informations; Résoudre des problèmes logiques; Utiliser des outils informatiques,Programmer; Analyser des données; Créer des applications; Automatiser des tâches,Problèmes logiques et techniques,Programmation,Pratique,Régulier,Entreprise,Robotique; Technologie; Programmation,En équipe,Développer des compétences professionnelles,IGGLIA,Technicien informatique,1.0
2026-07-24 15:02:35,Professionnel(le),A2,Mathématiques; Économie,Français,Négocier; Analyser,Négocier; Faire du commerce; Analyser un marché,Problèmes commerciaux,Projets,Pratique,Dynamique,Commerce; Entreprise,Entrepreneuriat; Marketing,En équipe,Les débouchés professionnels,AEE,Technicien agricole,5.0
2026-07-20 10:48:07,Professionnel(le),G,Économie; Mathématiques; Gestion,Économie,Organiser; Être rigoureux; Analyser des données; Calculer,Gérer; Analyser des données,Problèmes financiers,Exercices,Théorie et pratique,Intensif et régulier,Entreprise,Audit; Finance; Comptabilité; Gestion,Seul,Les perspectives de carrière,FIC,Auditeur,4.0
2026-07-18 12:12:35,Professionnel(le),C,Physique; Chimie,Chimie,Expérimenter; Analyser; Manipuler des outils ou équipements,Mesurer; Faire des expériences; Analyser des substances; Rechercher,Problèmes scientifiques et expérimentaux,Expériences,Pratique,Progressif,Centre de recherche; Industrie,Recherche; Industrie; Environnement; Laboratoire,Seul ou en équipe,Acquérir une formation solide,IAA,Chercheur,1.0
2026-08-14 09:44:32,Étudiant(e),A1,Économie; Gestion; Français,Mathématiques; Gestion,Analyser des données; Organiser; Calculer; Planifier,Planifier; Organiser; Analyser un marché; Gérer un projet,Problèmes économiques et organisationnels,Projets; Études de cas,Pratique et théorie,Régulier,Bureau,Management; Économie; Gestion,En équipe,Les débouchés professionnels,EMP,Chef de projet,1.0
2026-07-21 07:27:51,Étudiant(e),C,Mathématiques; Physique,SVT; Chimie,Expérimenter; Manipuler des outils ou équipements,Rechercher; Analyser des substances,Problèmes scientifiques et expérimentaux,Travaux pratiques,Pratique et théorie,Régulier,Laboratoire; Centre de recherche,Chimie; Industrie; Laboratoire,En équipe,La pratique professionnelle,ICMP,Technicien qualité,5.0
2026-08-12 14:45:23,Étudiant(e),G,Économie; Gestion; Mathématiques,Mathématiques; Économie,Analyser des données; Calculer,Gérer; Faire des calculs; Analyser des données; Analyser des comptes,Problèmes financiers,Exercices; Travaux pratiques,Pratique et théorie,Régulier,Bureau; Cabinet,Finance; Audit; Banque,Seul,Les perspectives de carrière,FIC,Analyste financier,2.0
2026-07-07 17:57:02,Professionnel(le),C,Physique; SVT; Chimie,Physique; Mathématiques,Analyser; Observer,Concevoir; Faire des expériences; Rechercher; Analyser,Problèmes scientifiques,Travaux pratiques,Pratique et théorie,Régulier,Centre de recherche,Sciences; Recherche; Environnement,En équipe,Acquérir une formation solide,GCA,Chercheur,3.0
2026-07-27 08:33:31,Étudiant(e),G,Mathématiques; Économie; Français,Économie; Français,Analyser; Organiser; Communiquer; Négocier,Analyser un marché; Communiquer,Problèmes commerciaux,Études de cas,Pratique,Dynamique,Agence; Entreprise,Commerce; Marketing; Entrepreneuriat; Vente,En équipe,Créer mon entreprise,CAA,Business developer,5.0
2026-07-11 11:27:59,Étudiant(e),S,Mathématiques; Chimie,Mathématiques,Expérimenter; Analyser; Résoudre des problèmes,Concevoir; Rechercher; Analyser,Problèmes scientifiques,Expériences; Recherche,Pratique et théorie,Régulier,Centre de recherche; Laboratoire,Environnement; Recherche; Technologie; Sciences,En équipe,Acquérir une formation solide,ESIIA,Chercheur,1.0
2026-07-24 08:13:56,Étudiant(e),G,Économie; Mathématiques,Français; Économie,Communiquer; Organiser; Négocier; Analyser,Analyser un marché; Négocier,Problèmes commerciaux,Projets,Pratique et théorie,Intensif,Commerce; Agence,Vente; Commerce,En équipe,Les débouchés professionnels,CAA,Business developer,5.0
2026-07-12 07:33:09,Étudiant(e),G,Économie; Gestion; Français,Mathématiques,Analyser des données; Planifier; Calculer; Organiser,Planifier; Analyser un marché,Problèmes économiques et organisationnels,Projets,Pratique et théorie,Dynamique,Bureau; Entreprise,Économie; Entrepreneuriat; Management,En équipe,Créer mon entreprise,TEE,Manager,1.0
2026-08-19 14:22:22,Étudiant(e),S,Français; Économie; Gestion,Mathématiques,Organiser; Analyser des données; Calculer,Gérer un projet; Planifier; Analyser un marché; Organiser,Problèmes économiques et organisationnels,Exercices pratiques,Pratique,Régulier,Bureau; Administration,Gestion; Management,En équipe,Les débouchés professionnels,GCA,Chef de projet,3.0
2026-07-31 09:24:27,Étudiant(e),G,Économie; Français,Français; Économie,Analyser; Négocier,Analyser un marché; Faire du commerce; Communiquer; Négocier,Problèmes commerciaux,Études de cas; Simulations,Pratique,Dynamique,Agence,Commerce; Vente; Marketing; Entrepreneuriat,En équipe,Créer mon entreprise,CAA,Business developer,5.0
2026-07-19 11:06:10,Étudiant(e),G,Gestion; Mathématiques,Économie,Calculer; Être rigoureux,Gérer; Faire des calculs; Analyser des données; Analyser des comptes,Problèmes financiers,Travaux pratiques; Exercices,Théorie et pratique,Intensif et régulier,Banque; Cabinet,Audit; Banque; Gestion,Seul,Les perspectives de carrière,FIC,Responsable administratif,3.0
2026-07-18 14:53:32,Étudiant(e),C,Mathématiques; Physique,SVT,Résoudre des problèmes; Analyser; Observer; Expérimenter,Rechercher; Analyser,Problèmes scientifiques,Recherche; Expériences,Pratique et théorie,Intensif et régulier,Industrie; Laboratoire,Environnement; Technologie; Sciences; Recherche,Seul ou en équipe,Être utile à la société,EMII,Chercheur,1.0
2026-07-08 15:21:02,Étudiant(e),A1,Économie; Gestion; Mathématiques,Mathématiques,Calculer; Planifier,Organiser; Gérer un projet; Analyser un marché; Planifier,Problèmes économiques et organisationnels,Études de cas; Exercices pratiques,Pratique et théorie,Régulier,Bureau; Administration,Management; Gestion; Économie,En équipe,Créer mon entreprise,EMP,Chef de projet,1.0
2026-08-15 07:05:02,Professionnel(le),C,Chimie; Physique,Mathématiques,Observer; Expérimenter; Résoudre des problèmes,Rechercher; Faire des expériences; Analyser,Problèmes scientifiques,Recherche,Pratique et théorie,Régulier,Centre de recherche,Recherche; Technologie; Sciences,En équipe,Être utile à la société,ESIIA,Ingénieur,3.0
2026-07-13 15:57:40,Étudiant(e),A1,Économie; Mathématiques; Français,Économie,Communiquer; Négocier; Organiser,Communiquer; Faire du commerce,Problèmes commerciaux,Projets,Pratique,Dynamique,Agence,Commerce; Vente; Entrepreneuriat; Marketing,En équipe,Les débouchés professionnels,TEE,Chargé marketing,2.0
2026-08-15 08:35:34,Professionnel(le),A2,Anglais; Histoire; Français,Français,Rédiger; Communiquer; Créer; Présenter,Créer du contenu; Présenter; Communiquer,Problèmes de communication,Présentations,Pratique et théorie,Intensif et régulier,Agence; Entreprise,Communication; Marketing; Événementiel,En équipe,Développer son réseau professionnel,IAA,Technicien agricole,3.0
2026-07-29 13:40:48,Étudiant(e),A1,Français; Économie; Mathématiques,Économie; Français,Analyser; Organiser; Communiquer,Faire du commerce; Communiquer,Problèmes commerciaux,Simulations; Études de cas,Pratique et théorie,Intensif,Entreprise; Agence,Marketing; Vente,En équipe,Créer mon entreprise,TEE,Chargé marketing,4.0
2026-07-17 09:04:16,Étudiant(e),A2,Français; Histoire,Anglais; Français,Créer; Rédiger,Organiser des événements; Présenter; Communiquer; Créer du contenu,Problèmes de communication,Travaux de groupe; Présentations,Pratique,Intensif et régulier,Média,Médias; Événementiel; Communication,En équipe,Développer mes compétences relationnelles,DTJA,Avocat,1.0
2026-07-13 15:26:52,Professionnel(le),A2,Anglais; Histoire,Philosophie; Histoire,Communiquer; Rédiger,Rédiger; Lire des documents,Problèmes juridiques et sociaux,Débats; Lectures,Théorie,Régulier,Cabinet,Société; Administration,Seul,La stabilité professionnelle,PIP,Chercheur,4.0
2026-07-23 10:09:50,Professionnel(le),C,SVT; Physique; Chimie,SVT,Expérimenter; Observer; Analyser,Faire des expériences; Analyser des substances; Mesurer,Problèmes scientifiques et expérimentaux,Expériences; Travaux pratiques,Pratique,Progressif,Centre de recherche,Laboratoire; Chimie,Seul ou en équipe,Aimer le domaine étudié,ICMP,Technicien de laboratoire,5.0
2026-08-15 10:39:04,Étudiant(e),G,Français; Histoire; Anglais,Français,Créer; Rédiger; Communiquer,Créer du contenu; Organiser des événements; Communiquer; Présenter,Problèmes de communication,Projets; Travaux de groupe,Pratique,Dynamique,Agence,Médias; Événementiel,En équipe,La possibilité d'évoluer professionnellement,TEH,Journaliste,1.0
2026-07-22 16:03:34,Étudiant(e),S,Mathématiques; Anglais; Physique,Mathématiques; Informatique,Travailler avec des données; Analyser des informations; Utiliser des outils informatiques,Automatiser des tâches; Analyser des données,Problèmes logiques et techniques,Programmation,Pratique,Intensif et régulier,Entreprise,Technologie; Programmation,En équipe,Les débouchés professionnels,ISAIA,Développeur full-stack,3.0
2026-07-04 17:19:48,Professionnel(le),S,Mathématiques; SVT; Physique,Mathématiques,Analyser; Observer; Résoudre des problèmes; Expérimenter,Rechercher; Faire des expériences,Problèmes scientifiques,Travaux pratiques,Pratique et théorie,Intensif et régulier,Laboratoire; Industrie,Environnement; Technologie,En équipe,Acquérir une formation solide,IMTICIA,Technicien informatique,5.0
2026-08-01 12:40:35,Étudiant(e),A1,Français; Économie; Gestion,Mathématiques; Gestion,Planifier; Calculer; Analyser des données,Analyser un marché; Gérer un projet; Planifier,Problèmes économiques et organisationnels,Projets,Pratique,Dynamique,Bureau,Économie; Entrepreneuriat,Seul ou en équipe,Créer mon entreprise,CAA,Business developer,1.0
2026-07-03 16:39:20,Étudiant(e),G,Mathématiques; Gestion; Français,Économie,Calculer; Organiser; Planifier; Analyser des données,Planifier; Analyser un marché; Organiser; Gérer un projet,Problèmes économiques et organisationnels,Études de cas; Exercices pratiques,Pratique et théorie,Dynamique,Bureau; Administration,Gestion; Économie; Management,En équipe,Les perspectives de carrière,EMP,Journaliste,5.0
2026-07-13 17:17:10,Étudiant(e),S,SVT; Chimie,Physique,Analyser; Expérimenter; Observer; Manipuler des outils ou équipements,Rechercher; Mesurer,Problèmes scientifiques et expérimentaux,Expériences,Pratique,Progressif,Laboratoire; Industrie,Chimie; Environnement; Laboratoire,Seul ou en équipe,La pratique professionnelle,GCA,Chercheur,4.0
2026-08-25 16:46:30,Professionnel(le),A1,Philosophie; Français,Français,Argumenter; Analyser des textes; Rédiger,Débattre; Rédiger; Faire des recherches; Lire des documents,Problèmes juridiques et sociaux,Débats; Lectures,Théorie,Calme et régulier,Cabinet; Tribunal,Administration; Justice; Droits humains,Seul ou en équipe,Aimer le domaine étudié,DTJA,Juriste,4.0
2026-08-06 15:24:12,Professionnel(le),A1,Anglais; Français; Philosophie,Histoire; Philosophie,Rédiger; Communiquer; Analyser des textes,Rédiger; Faire des recherches; Débattre; Lire des documents,Problèmes juridiques et sociaux,Lectures; Débats,Théorie,Régulier,Cabinet,Justice; Droit; Administration,Seul,La reconnaissance du diplôme,DTJA,Conseiller juridique,4.0
2026-08-15 16:26:11,Étudiant(e),A1,Français; Anglais; Histoire,Anglais,Communiquer; Créer,Organiser des événements; Présenter; Communiquer; Créer du contenu,Problèmes de communication,Projets,Pratique et théorie,Intensif et régulier,Studio; Agence,Communication; Événementiel,En équipe,Développer son réseau professionnel,TEH,Community manager,3.0
2026-07-06 11:51:33,Étudiant(e),A2,Français; Histoire; Anglais,Français; Philosophie,Analyser des textes; Communiquer; Argumenter,Lire des documents; Rédiger; Faire des recherches; Débattre,Problèmes juridiques et sociaux,Lectures; Études de cas,Théorie,Calme et régulier,Institution publique; Tribunal,Administration; Société; Droit,Seul ou en équipe,La stabilité professionnelle,IAA,Ingénieur agroalimentaire,2.0
2026-08-12 14:52:55,Étudiant(e),C,Physique; SVT,Mathématiques; SVT,Observer; Manipuler des outils ou équipements; Expérimenter; Analyser,Analyser des substances; Mesurer; Faire des expériences; Rechercher,Problèmes scientifiques et expérimentaux,Travaux pratiques; Expériences,Pratique et théorie,Progressif,Centre de recherche,Industrie; Chimie,Seul ou en équipe,Acquérir une formation solide,ICMP,Technicien qualité,5.0
2026-07-01 13:24:42,Professionnel(le),G,Mathématiques; Gestion,Mathématiques; Économie,Organiser; Être rigoureux; Calculer,Gérer; Faire des calculs; Analyser des données; Analyser des comptes,Problèmes financiers,Exercices,Théorie et pratique,Régulier,Bureau,Comptabilité; Audit,Seul,La stabilité professionnelle,FIC,Comptable,5.0
2026-08-15 09:05:28,Étudiant(e),A2,Économie; Français; Mathématiques,Français,Organiser; Communiquer,Faire du commerce; Communiquer; Analyser un marché,Problèmes commerciaux,Projets; Études de cas,Pratique et théorie,Dynamique,Agence,Marketing; Vente; Commerce; Entrepreneuriat,En équipe,Les débouchés professionnels,PIP,Spécialiste en réglementaire pharmaceutique,5.0
2026-07-04 15:01:05,Professionnel(le),A1,Mathématiques; Économie; Français,Français; Économie,Communiquer; Négocier,Communiquer; Faire du commerce; Analyser un marché,Problèmes commerciaux,Simulations; Projets,Pratique et théorie,Dynamique,Commerce; Agence,Commerce; Entrepreneuriat,En équipe,Les débouchés professionnels,CAA,Business developer,1.0
2026-07-24 15:31:38,Étudiant(e),C,Chimie; Physique,Physique; Mathématiques,Analyser; Observer; Résoudre des problèmes; Expérimenter,Analyser; Rechercher; Faire des expériences; Concevoir,Problèmes scientifiques,Expériences,Pratique et théorie,Régulier,Industrie,Technologie; Sciences; Recherche; Environnement,En équipe,Être utile à la société,EMII,Assistant de recherche,5.0
2026-08-23 12:44:23,Professionnel(le),A2,Histoire; Anglais,Histoire,Analyser des textes; Rédiger; Communiquer,Faire des recherches; Rédiger; Lire des documents; Débattre,Problèmes juridiques et sociaux,Débats; Études de cas,Pratique et théorie,Régulier,Cabinet,Administration; Droits humains,Seul,Aimer le domaine étudié,AEE,Éleveur,5.0
2026-08-11 08:04:16,Étudiant(e),S,Chimie; Physique,SVT; Chimie,Analyser; Observer,Mesurer; Rechercher; Faire des expériences; Analyser des substances,Problèmes scientifiques et expérimentaux,Laboratoire; Expériences,Pratique et théorie,Progressif,Centre de recherche,Industrie; Laboratoire; Chimie,En équipe,Aimer le domaine étudié,PIP,Pharmacien,2.0
2026-07-31 07:01:28,Étudiant(e),D,Physique; SVT,Chimie,Analyser; Manipuler des outils ou équipements,Rechercher; Mesurer,Problèmes scientifiques et expérimentaux,Expériences,Pratique,Progressif,Industrie; Centre de recherche,Industrie; Chimie; Laboratoire,En équipe,Aimer le domaine étudié,GCA,Technicien,1.0
2026-07-02 13:52:24,Étudiant(e),G,Histoire; Français; Anglais,Anglais,Créer; Rédiger,Communiquer; Organiser des événements; Créer du contenu,Problèmes de communication,Projets; Travaux de groupe,Pratique et théorie,Dynamique,Média,Médias; Marketing; Événementiel; Communication,En équipe,Développer son réseau professionnel,TEH,Community manager,1.0
2026-07-19 11:39:52,Étudiant(e),D,Mathématiques; Physique,Physique,Analyser; Expérimenter,Rechercher; Concevoir; Analyser,Problèmes scientifiques,Travaux pratiques,Pratique et théorie,Régulier,Industrie; Laboratoire,Environnement; Technologie; Sciences; Recherche,Seul ou en équipe,Être utile à la société,IMTICIA,Ingénieur logiciel,5.0
2026-07-20 16:27:11,Professionnel(le),S,Mathématiques; Physique,Mathématiques,Observer; Analyser,Faire des expériences; Concevoir; Analyser,Problèmes scientifiques,Expériences; Recherche,Pratique et théorie,Intensif et régulier,Centre de recherche,Sciences; Technologie; Environnement; Recherche,Seul ou en équipe,Être utile à la société,IMTICIA,Assistant de recherche,1.0
2026-08-24 16:39:48,Étudiant(e),S,Mathématiques; Physique; Chimie,Mathématiques; Physique,Résoudre des problèmes; Analyser,Concevoir; Rechercher; Analyser; Faire des expériences,Problèmes scientifiques,Travaux pratiques,Pratique et théorie,Intensif et régulier,Industrie,Recherche; Environnement; Technologie; Sciences,En équipe,Être utile à la société,GCA,Chercheur,4.0
2026-08-16 08:10:12,Professionnel(le),S,Chimie; SVT,Physique,Observer; Manipuler des outils ou équipements,Analyser des substances; Rechercher; Faire des expériences; Mesurer,Problèmes scientifiques et expérimentaux,Laboratoire,Pratique et théorie,Régulier,Industrie; Centre de recherche,Laboratoire; Chimie,Seul ou en équipe,Aimer le domaine étudié,ICMP,Chercheur,4.0
2026-08-15 11:41:02,Étudiant(e),A1,Mathématiques; Gestion,Mathématiques,Calculer; Planifier,Planifier; Gérer un projet; Analyser un marché,Problèmes économiques et organisationnels,Études de cas,Pratique et théorie,Régulier,Administration,Management; Économie; Gestion; Entrepreneuriat,En équipe,Les perspectives de carrière,FIC,Contrôleur de gestion,3.0
2026-07-22 16:18:23,Étudiant(e),A1,Histoire; Anglais,Français; Histoire,Rédiger; Argumenter; Communiquer; Analyser des textes,Faire des recherches; Débattre,Problèmes juridiques et sociaux,Études de cas; Lectures,Pratique et théorie,Calme et régulier,Institution publique,Justice; Droit; Société,Seul ou en équipe,La stabilité professionnelle,DTJA,Juriste,2.0
2026-07-09 13:06:37,Étudiant(e),A1,Français; Anglais; Histoire,Français; Anglais,Rédiger; Présenter; Créer; Communiquer,Présenter; Communiquer; Créer du contenu; Organiser des événements,Problèmes de communication,Projets; Travaux de groupe,Pratique et théorie,Dynamique,Entreprise; Studio,Marketing; Communication; Médias,En équipe,La possibilité d'évoluer professionnellement,TEH,Responsable communication,2.0
2026-07-08 08:09:49,Professionnel(le),A2,Anglais; Français,Anglais; Français,Créer; Communiquer; Rédiger; Présenter,Communiquer; Créer du contenu,Problèmes de communication,Présentations,Pratique,Dynamique,Agence; Studio,Événementiel; Marketing; Publicité,En équipe,Développer son réseau professionnel,AEE,Biologiste,5.0
2026-07-01 09:39:15,Étudiant(e),S,Mathématiques; Anglais,Mathématiques,Travailler avec des données; Utiliser des outils informatiques; Résoudre des problèmes logiques,Automatiser des tâches; Programmer,Problèmes logiques et techniques,Travaux dirigés; Projets pratiques,Pratique et théorie,Régulier,Bureau; Startup,Data; Intelligence artificielle; Programmation; Technologie,En équipe,Travailler dans un secteur innovant,ISAIA,Data scientifique,4.0
2026-08-17 10:10:02,Étudiant(e),S,Physique; Mathématiques; Anglais,Informatique; Mathématiques,Travailler avec des données; Utiliser des outils informatiques; Analyser des informations,Programmer; Créer des applications; Analyser des données,Problèmes logiques et techniques,Programmation,Pratique et théorie,Intensif et régulier,Startup; Télétravail,Programmation; Technologie; Data,Seul ou en petite équipe,Développer des compétences professionnelles,IGGLIA,Analyste cyber-sécurité,5.0
2026-07-17 17:25:23,Étudiant(e),G,Histoire; Français,Français; Anglais,Rédiger; Communiquer,Présenter; Communiquer,Problèmes de communication,Présentations,Pratique,Intensif et régulier,Agence; Entreprise,Marketing; Publicité,En équipe,Développer mes compétences relationnelles,TEE,Responsable marketing,5.0
2026-08-03 12:20:38,Étudiant(e),S,Chimie; Mathématiques; Physique,Physique,Analyser; Résoudre des problèmes,Faire des expériences; Concevoir,Problèmes scientifiques,Travaux pratiques,Pratique et théorie,Régulier,Industrie,Sciences; Technologie,Seul ou en équipe,Être utile à la société,ESIIA,Développeur full-stack,1.0
2026-07-11 16:26:11,Étudiant(e),A1,Économie; Mathématiques,Économie; Français,Analyser; Organiser; Négocier,Analyser un marché; Négocier; Communiquer,Problèmes commerciaux,Études de cas,Pratique et théorie,Intensif,Commerce,Commerce; Marketing,En équipe,Les perspectives de carrière,TEE,Responsable marketing,4.0
2026-08-07 11:49:21,Professionnel(le),A1,Mathématiques; Économie,Économie,Analyser; Organiser; Communiquer,Analyser un marché; Négocier; Faire du commerce,Problèmes commerciaux,Études de cas; Simulations,Pratique et théorie,Dynamique,Agence,Commerce; Vente,En équipe,Créer mon entreprise,CAA,Commercial,5.0
2026-08-22 12:17:35,Professionnel(le),S,Physique; Anglais,Informatique; Mathématiques,Utiliser des outils informatiques; Analyser des informations; Résoudre des problèmes logiques; Travailler avec des données,Automatiser des tâches; Analyser des données; Programmer,Problèmes logiques et techniques,Travaux dirigés; Projets pratiques,Pratique et théorie,Intensif et régulier,Bureau; Télétravail,Robotique; Data; Technologie; Programmation,Seul ou en petite équipe,Développer des compétences professionnelles,ISAIA,Ingénieur IA,3.0
2026-08-17 11:03:18,Étudiant(e),G,Français; Mathématiques; Économie,Économie,Organiser; Communiquer; Analyser,Analyser un marché; Négocier,Problèmes commerciaux,Projets,Pratique et théorie,Dynamique,Commerce; Agence,Commerce; Entrepreneuriat; Marketing,En équipe,Créer mon entreprise,CAA,Business developer,2.0
2026-08-14 16:12:29,Étudiant(e),A1,Anglais; Philosophie,Histoire,Analyser des textes; Rédiger; Communiquer,Faire des recherches; Lire des documents,Problèmes juridiques et sociaux,Lectures; Études de cas,Pratique et théorie,Calme et régulier,Tribunal; Cabinet,Droit; Société; Administration; Droits humains,Seul,La stabilité professionnelle,DTJA,Conseiller juridique,3.0
2026-08-22 08:45:09,Professionnel(le),A1,Histoire; Anglais; Français,Philosophie,Communiquer; Rédiger; Analyser des textes,Rédiger; Débattre,Problèmes juridiques et sociaux,Débats; Lectures,Théorie,Régulier,Tribunal; Cabinet,Droit; Société; Droits humains; Administration,Seul ou en équipe,La stabilité professionnelle,DTJA,Conseiller juridique,5.0
2026-07-18 16:17:25,Étudiant(e),C,SVT; Mathématiques; Physique,Chimie; Physique,Observer; Expérimenter,Analyser des substances; Faire des expériences,Problèmes scientifiques et expérimentaux,Travaux pratiques; Expériences,Pratique,Régulier,Laboratoire,Laboratoire; Chimie; Environnement; Industrie,En équipe,Aimer le domaine étudié,ICMP,Technicien qualité,1.0
2026-08-21 15:00:17,Étudiant(e),C,SVT; Physique,SVT,Résoudre des problèmes; Observer,Analyser; Rechercher; Concevoir,Problèmes scientifiques,Travaux pratiques,Pratique et théorie,Régulier,Centre de recherche,Technologie; Environnement,Seul ou en équipe,Être utile à la société,IMTICIA,Analyste cyber-sécurité,2.0
2026-07-02 14:58:00,Étudiant(e),G,Économie; Gestion; Mathématiques,Mathématiques,Calculer; Analyser des données; Être rigoureux,Faire des calculs; Gérer,Problèmes financiers,Travaux pratiques; Exercices,Théorie et pratique,Intensif et régulier,Bureau; Banque,Comptabilité; Gestion,Seul,Les perspectives de carrière,FIC,Contrôleur de gestion,4.0
2026-07-27 12:33:07,Étudiant(e),A1,Gestion; Économie; Français,Gestion; Économie,Planifier; Calculer; Analyser des données; Organiser,Organiser; Analyser un marché; Gérer un projet; Planifier,Problèmes économiques et organisationnels,Études de cas,Pratique,Dynamique,Administration; Bureau,Entrepreneuriat; Économie; Management,En équipe,Créer mon entreprise,EMP,Business developer,1.0
2026-07-17 10:32:37,Étudiant(e),A2,Français; Histoire; Anglais,Philosophie; Histoire,Argumenter; Communiquer; Rédiger; Analyser des textes,Débattre; Lire des documents; Faire des recherches,Problèmes juridiques et sociaux,Lectures,Théorie,Régulier,Administration; Institution publique,Administration; Droit; Justice; Société,Seul ou en équipe,La stabilité professionnelle,AEE,Spécialiste en développement rural,3.0
2026-07-19 08:27:02,Étudiant(e),A1,Français; Philosophie,Philosophie,Analyser des textes; Rédiger; Communiquer,Rédiger; Lire des documents; Débattre; Faire des recherches,Problèmes juridiques et sociaux,Débats; Lectures,Théorie,Régulier,Institution publique,Droits humains; Justice; Société,Seul ou en équipe,Aimer le domaine étudié,DTJA,Avocat,5.0
2026-08-20 07:32:52,Étudiant(e),A1,Économie; Mathématiques; Français,Économie,Organiser; Analyser,Analyser un marché; Négocier; Faire du commerce; Communiquer,Problèmes commerciaux,Projets; Études de cas,Pratique et théorie,Dynamique,Entreprise; Commerce,Vente; Entrepreneuriat; Commerce; Marketing,En équipe,Les perspectives de carrière,CAA,Chargé marketing,4.0
2026-08-06 14:20:53,Professionnel(le),A1,Anglais; Histoire,Anglais; Français,Rédiger; Communiquer; Créer,Créer du contenu; Présenter; Communiquer; Organiser des événements,Problèmes de communication,Projets; Travaux de groupe,Pratique et théorie,Intensif et régulier,Agence; Entreprise,Marketing; Publicité; Événementiel; Communication,En équipe,La possibilité d'évoluer professionnellement,TEH,Responsable communication,5.0
2026-08-01 12:33:56,Étudiant(e),D,Mathématiques; Chimie,SVT,Observer; Expérimenter; Manipuler des outils ou équipements; Analyser,Analyser des substances; Faire des expériences; Rechercher; Mesurer,Problèmes scientifiques et expérimentaux,Travaux pratiques,Pratique,Progressif,Laboratoire; Centre de recherche,Environnement; Laboratoire; Industrie; Chimie,En équipe,Acquérir une formation solide,PIP,Chimiste,1.0
2026-07-03 08:43:29,Étudiant(e),S,Mathématiques; Physique,Informatique; Mathématiques,Analyser des informations; Travailler avec des données,Programmer; Analyser des données,Problèmes logiques et techniques,Programmation,Pratique,Intensif et régulier,Startup,Robotique; Technologie,En équipe,Travailler dans un secteur innovant,ESIIA,Développeur,4.0
2026-08-15 13:32:23,Étudiant(e),A1,Français; Philosophie; Histoire,Histoire; Philosophie,Rédiger; Communiquer; Argumenter; Analyser des textes,Faire des recherches; Lire des documents,Problèmes juridiques et sociaux,Débats; Lectures,Pratique et théorie,Régulier,Administration; Institution publique,Société; Droit; Administration; Droits humains,Seul,La stabilité professionnelle,DTJA,Conseiller juridique,5.0
2026-08-13 10:25:29,Étudiant(e),G,Gestion; Mathématiques,Mathématiques,Analyser des données; Organiser,Analyser des données; Analyser des comptes,Problèmes financiers,Études de cas; Travaux pratiques,Pratique et théorie,Régulier,Bureau,Finance; Comptabilité; Gestion,Seul ou en équipe,Les débouchés professionnels,TEE,Gestionnaire,2.0
2026-08-12 10:11:02,Professionnel(le),A2,Économie; Mathématiques,Français; Économie,Analyser; Organiser; Communiquer; Négocier,Faire du commerce; Analyser un marché,Problèmes commerciaux,Projets,Pratique et théorie,Intensif,Commerce; Entreprise,Marketing; Entrepreneuriat; Vente,En équipe,Créer mon entreprise,AEE,Technicien agricole,1.0
2026-08-21 15:00:01,Étudiant(e),A2,Français; Histoire; Anglais,Français,Rédiger; Communiquer; Analyser des textes,Débattre; Lire des documents; Rédiger; Faire des recherches,Problèmes juridiques et sociaux,Études de cas,Pratique et théorie,Calme et régulier,Tribunal,Administration; Droit,Seul,La stabilité professionnelle,PIP,Spécialiste en réglementaire pharmaceutique,4.0
2026-08-17 15:49:40,Étudiant(e),S,Mathématiques; Gestion,Économie; Mathématiques,Organiser; Analyser des données,Gérer; Faire des calculs,Problèmes financiers,Travaux pratiques; Exercices,Pratique et théorie,Régulier,Bureau,Audit; Banque; Comptabilité,Seul ou en équipe,La stabilité professionnelle,IGGLIA,Technicien informatique,2.0
2026-07-11 14:06:51,Étudiant(e),G,Mathématiques; Économie; Gestion,Économie,Être rigoureux; Analyser des données,Analyser des comptes; Faire des calculs,Problèmes financiers,Études de cas,Pratique et théorie,Régulier,Entreprise; Cabinet,Comptabilité; Gestion; Banque,Seul,Les perspectives de carrière,FIC,Comptable,5.0
2026-08-06 17:40:50,Étudiant(e),C,Mathématiques; Chimie; Physique,SVT; Physique,Résoudre des problèmes; Expérimenter; Analyser,Concevoir; Rechercher,Problèmes scientifiques,Recherche,Pratique et théorie,Intensif et régulier,Centre de recherche,Recherche; Technologie; Sciences; Environnement,En équipe,Acquérir une formation solide,GCA,Chercheur,2.0
2026-07-19 12:03:56,Professionnel(le),A2,Français; Histoire,Français,Rédiger; Créer; Présenter,Créer du contenu; Communiquer; Présenter,Problèmes de communication,Présentations; Travaux de groupe,Pratique,Dynamique,Agence; Média,Événementiel; Médias; Marketing,En équipe,La possibilité d'évoluer professionnellement,PIP,Technicien en pharmacie,5.0
2026-08-08 17:29:26,Professionnel(le),A1,Anglais; Histoire,Histoire,Communiquer; Argumenter; Analyser des textes; Rédiger,Faire des recherches; Rédiger,Problèmes juridiques et sociaux,Débats; Lectures,Théorie,Régulier,Institution publique,Administration; Justice; Société; Droits humains,Seul,Aimer le domaine étudié,DTJA,Assistant juridique,3.0
2026-07-06 17:52:49,Étudiant(e),A1,Économie; Mathématiques,Économie,Négocier; Analyser; Communiquer; Organiser,Analyser un marché; Communiquer; Faire du commerce; Négocier,Problèmes commerciaux,Études de cas,Pratique,Dynamique,Agence,Entrepreneuriat; Vente,En équipe,Créer mon entreprise,CAA,Commercial,4.0
2026-07-31 17:57:45,Étudiant(e),C,Physique; SVT,Physique,Observer; Analyser; Manipuler des outils ou équipements,Faire des expériences; Mesurer,Problèmes scientifiques et expérimentaux,Laboratoire,Pratique et théorie,Progressif,Industrie,Industrie; Environnement; Laboratoire,En équipe,Aimer le domaine étudié,EMII,Technicien qualité,2.0
2026-07-11 12:46:51,Étudiant(e),C,Chimie; Physique,Mathématiques,Observer; Analyser; Résoudre des problèmes; Expérimenter,Concevoir; Analyser; Faire des expériences,Problèmes scientifiques,Expériences,Pratique et théorie,Intensif et régulier,Industrie; Laboratoire,Sciences; Recherche; Technologie; Environnement,Seul ou en équipe,Être utile à la société,IMTICIA,Assistant de recherche,2.0
2026-08-13 14:04:45,Professionnel(le),A1,Français; Économie,Français,Communiquer; Négocier; Organiser,Négocier; Communiquer; Faire du commerce,Problèmes commerciaux,Études de cas; Simulations,Pratique,Intensif,Entreprise; Commerce,Commerce; Marketing; Entrepreneuriat,En équipe,Les débouchés professionnels,TEE,Responsable marketing,3.0
2026-07-29 11:52:12,Étudiant(e),S,Physique; Anglais,Mathématiques; Informatique,Analyser des informations; Utiliser des outils informatiques,Analyser des données; Automatiser des tâches; Créer des applications; Programmer,Problèmes logiques et techniques,Programmation,Pratique et théorie,Intensif et régulier,Entreprise,Intelligence artificielle; Data,Seul ou en petite équipe,Travailler dans un secteur innovant,IGGLIA,Data scientifique,3.0
2026-08-08 15:14:55,Professionnel(le),S,Mathématiques; Physique,Mathématiques,Expérimenter; Analyser; Observer; Manipuler des outils ou équipements,Mesurer; Rechercher; Faire des expériences,Problèmes scientifiques et expérimentaux,Travaux pratiques,Pratique,Régulier,Industrie,Chimie; Environnement,Seul ou en équipe,Aimer le domaine étudié,IMTICIA,Chercheur,4.0
2026-07-14 09:35:06,Professionnel(le),S,Mathématiques; Gestion; Français,Mathématiques; Économie,Calculer; Organiser,Planifier; Gérer un projet; Analyser un marché,Problèmes économiques et organisationnels,Exercices pratiques,Pratique et théorie,Régulier,Entreprise,Entrepreneuriat; Management,Seul ou en équipe,Les débouchés professionnels,EMII,Chef de projet,5.0
2026-07-24 13:23:56,Étudiant(e),S,Mathématiques; Gestion,Économie,Analyser des données; Organiser; Calculer,Planifier; Gérer un projet; Analyser un marché; Organiser,Problèmes économiques et organisationnels,Études de cas; Exercices pratiques,Pratique,Régulier,Entreprise; Administration,Économie; Management; Gestion; Entrepreneuriat,Seul ou en équipe,Les débouchés professionnels,IGGLIA,Technicien informatique,1.0
2026-08-08 16:45:46,Professionnel(le),C,Chimie; Physique; SVT,Physique,Expérimenter; Manipuler des outils ou équipements; Observer; Analyser,Analyser des substances; Rechercher,Problèmes scientifiques et expérimentaux,Expériences,Pratique,Progressif,Laboratoire,Recherche; Chimie,Seul ou en équipe,Aimer le domaine étudié,GCA,Chercheur,2.0
2026-07-17 12:19:30,Professionnel(le),S,Physique; Mathématiques; Anglais,Mathématiques; Informatique,Résoudre des problèmes logiques; Analyser des informations; Travailler avec des données; Utiliser des outils informatiques,Programmer; Analyser des données; Créer des applications; Automatiser des tâches,Problèmes logiques et techniques,Programmation,Pratique et théorie,Intensif et régulier,Bureau; Télétravail,Data; Robotique,Seul ou en petite équipe,Développer des compétences professionnelles,ISAIA,Ingénieur IA,2.0
2026-08-18 13:29:48,Étudiant(e),G,Français; Économie,Français; Économie,Communiquer; Analyser; Négocier; Organiser,Analyser un marché; Négocier; Faire du commerce,Problèmes commerciaux,Projets,Pratique et théorie,Dynamique,Commerce,Commerce; Entrepreneuriat; Vente; Marketing,En équipe,Les débouchés professionnels,CAA,Business developer,1.0
2026-08-21 10:15:29,Étudiant(e),G,Économie; Gestion,Mathématiques,Organiser; Être rigoureux,Gérer; Faire des calculs; Analyser des données,Problèmes financiers,Exercices; Travaux pratiques,Théorie et pratique,Régulier,Entreprise; Bureau,Finance; Comptabilité; Banque,Seul ou en équipe,La stabilité professionnelle,FIC,Analyste financier,3.0
2026-07-14 13:27:25,Étudiant(e),A1,Philosophie; Histoire,Histoire,Rédiger; Analyser des textes; Argumenter; Communiquer,Rédiger; Débattre,Problèmes juridiques et sociaux,Études de cas,Pratique et théorie,Calme et régulier,Tribunal; Cabinet,Droit; Société; Justice; Administration,Seul ou en équipe,La reconnaissance du diplôme,DTJA,Juriste,3.0
2026-08-13 16:22:45,Étudiant(e),A1,Français; Anglais; Histoire,Français; Anglais,Créer; Communiquer; Rédiger; Présenter,Créer du contenu; Présenter; Communiquer; Organiser des événements,Problèmes de communication,Présentations,Pratique,Intensif et régulier,Agence; Studio,Événementiel; Médias; Marketing; Communication,En équipe,La possibilité d'évoluer professionnellement,TEH,Community manager,4.0
2026-07-11 12:57:25,Étudiant(e),A2,Français; Mathématiques; Économie,Français; Économie,Communiquer; Négocier; Analyser; Organiser,Analyser un marché; Négocier; Communiquer; Faire du commerce,Problèmes commerciaux,Simulations; Projets,Pratique,Dynamique,Commerce,Marketing; Commerce; Vente; Entrepreneuriat,En équipe,Les débouchés professionnels,PIP,Chimiste,1.0
2026-07-01 11:42:10,Étudiant(e),A2,Philosophie; Anglais,Philosophie,Rédiger; Argumenter; Analyser des textes; Communiquer,Débattre; Rédiger,Problèmes juridiques et sociaux,Débats,Théorie,Calme et régulier,Cabinet; Administration,Droits humains; Justice; Société; Administration,Seul ou en équipe,Aimer le domaine étudié,PIP,Pharmacien,5.0
2026-08-22 11:36:12,Étudiant(e),G,Mathématiques; Gestion; Économie,Gestion; Économie,Analyser des données; Organiser; Planifier; Calculer,Organiser; Analyser un marché,Problèmes économiques et organisationnels,Exercices pratiques; Projets,Pratique,Dynamique,Entreprise; Bureau,Gestion; Entrepreneuriat,Seul ou en équipe,Les perspectives de carrière,EMP,Chef de projet,3.0
2026-07-02 13:06:41,Étudiant(e),S,Informatique; Anglais; Physique,Informatique,Résoudre des problèmes logiques; Utiliser des outils informatiques,Créer des applications; Analyser des données,Problèmes logiques et techniques,Projets pratiques; Travaux dirigés,Pratique et théorie,Régulier,Télétravail; Bureau,Intelligence artificielle; Technologie; Data,Seul ou en petite équipe,Travailler dans un secteur innovant,IMTICIA,Analyste cyber-sécurité,1.0
2026-07-28 07:29:53,Professionnel(le),S,SVT; Chimie,Mathématiques,Expérimenter; Résoudre des problèmes,Rechercher; Analyser; Faire des expériences; Concevoir,Problèmes scientifiques,Expériences,Pratique et théorie,Régulier,Laboratoire,Recherche; Sciences,En équipe,Être utile à la société,GCA,Chercheur,5.0
2026-08-13 09:30:33,Professionnel(le),G,Français; Histoire; Anglais,Français,Présenter; Créer; Communiquer; Rédiger,Présenter; Créer du contenu; Communiquer,Problèmes de communication,Présentations,Pratique,Intensif et régulier,Agence,Marketing; Événementiel,En équipe,Développer mes compétences relationnelles,TEE,Community manager,4.0
2026-07-03 17:10:58,Professionnel(le),A1,Français; Histoire,Français,Rédiger; Argumenter; Communiquer,Faire des recherches; Débattre,Problèmes juridiques et sociaux,Lectures; Études de cas,Théorie,Régulier,Cabinet; Institution publique,Société; Justice; Droits humains,Seul ou en équipe,La stabilité professionnelle,DTJA,Juriste,3.0
2026-08-09 13:23:28,Professionnel(le),A1,Mathématiques; Gestion; Économie,Économie,Organiser; Analyser des données; Calculer,Planifier; Organiser; Gérer un projet,Problèmes économiques et organisationnels,Exercices pratiques; Projets,Pratique,Dynamique,Administration,Économie; Entrepreneuriat; Management; Gestion,En équipe,Les perspectives de carrière,EMP,Gestionnaire,3.0
2026-07-12 09:29:59,Professionnel(le),D,Physique; Mathématiques; SVT,Physique; Mathématiques,Analyser; Observer; Expérimenter,Rechercher; Concevoir; Analyser; Faire des expériences,Problèmes scientifiques,Expériences; Travaux pratiques,Pratique et théorie,Intensif et régulier,Industrie; Laboratoire,Environnement; Technologie; Recherche,Seul ou en équipe,Acquérir une formation solide,ESIIA,Ingénieur,4.0
2026-07-30 07:51:12,Étudiant(e),A1,Mathématiques; Français; Économie,Économie,Organiser; Analyser; Négocier; Communiquer,Faire du commerce; Négocier,Problèmes commerciaux,Simulations,Pratique et théorie,Intensif,Agence; Commerce,Marketing; Commerce,En équipe,Les perspectives de carrière,CAA,Chargé marketing,3.0
2026-08-20 10:20:21,Étudiant(e),G,Gestion; Mathématiques,Mathématiques; Économie,Être rigoureux; Calculer,Analyser des données; Analyser des comptes,Problèmes financiers,Études de cas; Travaux pratiques,Théorie et pratique,Intensif et régulier,Cabinet,Comptabilité; Audit,Seul ou en équipe,La stabilité professionnelle,FIC,Analyste financier,1.0
2026-07-28 14:03:03,Étudiant(e),S,Physique; Chimie; SVT,SVT,Analyser; Résoudre des problèmes,Analyser; Concevoir,Problèmes scientifiques,Expériences,Pratique et théorie,Intensif et régulier,Laboratoire; Industrie,Environnement; Recherche; Sciences,Seul ou en équipe,Acquérir une formation solide,EMII,Chercheur,3.0
2026-08-08 10:27:12,Étudiant(e),S,Gestion; Français,Gestion; Économie,Analyser des données; Organiser; Planifier,Planifier; Gérer un projet; Analyser un marché,Problèmes économiques et organisationnels,Études de cas; Exercices pratiques,Pratique et théorie,Dynamique,Administration,Gestion; Économie,En équipe,Créer mon entreprise,IMTICIA,Chef de projet,1.0
2026-08-05 10:53:34,Étudiant(e),S,Mathématiques; Gestion; Économie,Mathématiques,Calculer; Être rigoureux,Gérer; Analyser des comptes; Faire des calculs; Analyser des données,Problèmes financiers,Études de cas; Exercices,Théorie et pratique,Régulier,Bureau,Comptabilité; Audit,Seul ou en équipe,La stabilité professionnelle,ISAIA,Assistant de recherche,5.0
2026-07-06 13:56:11,Professionnel(le),A2,Mathématiques; Français; Économie,Français; Économie,Organiser; Communiquer,Communiquer; Faire du commerce; Analyser un marché; Négocier,Problèmes commerciaux,Simulations,Pratique et théorie,Dynamique,Commerce,Commerce; Entrepreneuriat,En équipe,Les perspectives de carrière,PIP,Technicien en pharmacie,3.0
2026-07-03 13:33:10,Professionnel(le),S,Anglais; Physique,Mathématiques,Analyser des informations; Utiliser des outils informatiques; Résoudre des problèmes logiques; Travailler avec des données,Automatiser des tâches; Créer des applications; Programmer; Analyser des données,Problèmes logiques et techniques,Programmation,Pratique et théorie,Régulier,Bureau; Télétravail,Intelligence artificielle; Data; Robotique; Technologie,Seul ou en petite équipe,Développer des compétences professionnelles,ISAIA,Ingénieur IA,1.0
2026-07-08 07:40:50,Étudiant(e),A1,Français; Anglais,Philosophie,Argumenter; Communiquer,Débattre; Rédiger; Lire des documents,Problèmes juridiques et sociaux,Lectures,Théorie,Calme et régulier,Administration,Droits humains; Société; Droit,Seul,La stabilité professionnelle,DTJA,Conseiller juridique,2.0
2026-08-13 08:31:14,Étudiant(e),A2,Français; Anglais,Français,Présenter; Créer; Rédiger,Communiquer; Créer du contenu; Présenter; Organiser des événements,Problèmes de communication,Travaux de groupe; Présentations,Pratique et théorie,Dynamique,Média; Studio,Médias; Marketing; Communication; Publicité,En équipe,Développer son réseau professionnel,PIP,Chimiste,1.0
2026-07-11 17:04:24,Étudiant(e),S,Économie; Français,Gestion; Économie,Organiser; Planifier; Analyser des données; Calculer,Organiser; Analyser un marché; Gérer un projet; Planifier,Problèmes économiques et organisationnels,Projets,Pratique et théorie,Régulier,Administration; Bureau,Économie; Entrepreneuriat,En équipe,Les perspectives de carrière,ESIIA,Technicien informatique,4.0
2026-08-06 08:50:41,Étudiant(e),G,Gestion; Économie; Mathématiques,Gestion; Économie,Calculer; Organiser,Planifier; Analyser un marché; Gérer un projet; Organiser,Problèmes économiques et organisationnels,Exercices pratiques; Projets,Pratique,Dynamique,Bureau; Administration,Économie; Gestion,Seul ou en équipe,Créer mon entreprise,EMP,Responsable administratif,3.0
2026-07-02 08:41:31,Étudiant(e),S,Chimie; Mathématiques; SVT,Chimie; Mathématiques,Observer; Analyser; Expérimenter; Manipuler des outils ou équipements,Faire des expériences; Mesurer; Analyser des substances,Problèmes scientifiques et expérimentaux,Expériences,Pratique et théorie,Régulier,Centre de recherche; Industrie,Laboratoire; Chimie,En équipe,Acquérir une formation solide,IAA,Technicien de laboratoire,4.0
2026-07-31 13:07:15,Étudiant(e),S,Informatique; Physique; Mathématiques,Mathématiques; Informatique,Résoudre des problèmes logiques; Analyser des informations,Créer des applications; Analyser des données; Programmer,Problèmes logiques et techniques,Travaux dirigés,Pratique,Intensif et régulier,Télétravail,Data; Intelligence artificielle; Programmation; Robotique,En équipe,Développer des compétences professionnelles,IGGLIA,Ingénieur logiciel,3.0
2026-07-16 10:44:53,Étudiant(e),A2,Économie; Français; Mathématiques,Français; Économie,Communiquer; Analyser,Communiquer; Négocier; Analyser un marché; Faire du commerce,Problèmes commerciaux,Simulations; Projets,Pratique,Intensif,Commerce; Entreprise,Commerce; Vente,En équipe,Les perspectives de carrière,PIP,Spécialiste en réglementaire pharmaceutique,1.0
2026-07-24 16:13:30,Étudiant(e),S,Physique; Informatique; Anglais,Informatique,Utiliser des outils informatiques; Analyser des informations; Résoudre des problèmes logiques,Créer des applications; Analyser des données; Automatiser des tâches; Programmer,Problèmes logiques et techniques,Travaux dirigés; Projets pratiques,Pratique et théorie,Régulier,Entreprise,Data; Intelligence artificielle,Seul ou en petite équipe,Développer des compétences professionnelles,ISAIA,Data scientifique,5.0
2026-07-20 10:29:16,Professionnel(le),A1,Français; Gestion; Mathématiques,Gestion,Planifier; Calculer; Analyser des données; Organiser,Gérer un projet; Organiser; Planifier,Problèmes économiques et organisationnels,Exercices pratiques; Projets,Pratique,Dynamique,Entreprise; Bureau,Économie; Management; Gestion,En équipe,Créer mon entreprise,EMP,Gestionnaire,3.0
2026-08-17 14:50:32,Étudiant(e),S,Économie; Français,Gestion,Analyser des données; Calculer; Planifier,Analyser un marché; Gérer un projet; Organiser,Problèmes économiques et organisationnels,Exercices pratiques; Projets,Pratique,Dynamique,Entreprise; Bureau,Économie; Gestion; Entrepreneuriat; Management,En équipe,Les perspectives de carrière,GCA,Manager,2.0
2026-07-02 17:39:54,Professionnel(le),S,Physique; SVT; Mathématiques,Physique,Expérimenter; Observer; Analyser,Faire des expériences; Rechercher,Problèmes scientifiques,Travaux pratiques,Pratique et théorie,Régulier,Centre de recherche,Sciences; Technologie,Seul ou en équipe,Acquérir une formation solide,IMTICIA,Technicien informatique,1.0
2026-08-16 07:06:12,Étudiant(e),G,Mathématiques; Français; Gestion,Mathématiques; Économie,Analyser des données; Planifier,Analyser un marché; Organiser; Planifier; Gérer un projet,Problèmes économiques et organisationnels,Projets; Exercices pratiques,Pratique,Régulier,Entreprise; Bureau,Gestion; Management; Économie; Entrepreneuriat,En équipe,Les débouchés professionnels,EMP,Gestionnaire,5.0
2026-08-07 10:53:37,Étudiant(e),S,Gestion; Économie; Mathématiques,Économie; Mathématiques,Être rigoureux; Analyser des données; Organiser; Calculer,Analyser des comptes; Faire des calculs; Gérer; Analyser des données,Problèmes financiers,Exercices; Travaux pratiques,Pratique et théorie,Régulier,Bureau; Entreprise,Finance; Audit,Seul ou en équipe,Les débouchés professionnels,IGGLIA,Data analyst,5.0
2026-07-11 16:31:42,Étudiant(e),A1,Anglais; Histoire,Histoire; Français,Rédiger; Communiquer; Argumenter,Rédiger; Débattre,Problèmes juridiques et sociaux,Débats; Lectures,Pratique et théorie,Calme et régulier,Administration,Droits humains; Droit; Justice,Seul ou en équipe,La stabilité professionnelle,DTJA,Avocat,1.0
2026-08-04 14:07:08,Professionnel(le),A1,Gestion; Économie; Mathématiques,Mathématiques,Analyser des données; Organiser,Planifier; Organiser; Gérer un projet; Analyser un marché,Problèmes économiques et organisationnels,Projets,Pratique et théorie,Régulier,Entreprise,Entrepreneuriat; Management; Gestion,Seul ou en équipe,Les débouchés professionnels,EMP,Responsable administratif,4.0
2026-08-12 15:26:15,Professionnel(le),C,Chimie; Mathématiques,Mathématiques; SVT,Expérimenter; Observer; Analyser,Concevoir; Faire des expériences; Analyser,Problèmes scientifiques,Expériences,Pratique et théorie,Intensif et régulier,Industrie; Laboratoire,Environnement; Sciences; Recherche,En équipe,Acquérir une formation solide,EMII,Chercheur,3.0
2026-08-20 16:29:52,Étudiant(e),G,Français; Histoire; Anglais,Anglais,Rédiger; Communiquer,Présenter; Communiquer,Problèmes de communication,Projets,Pratique,Dynamique,Agence,Publicité; Médias,En équipe,Développer son réseau professionnel,TEE,Responsable communication,3.0
2026-08-09 17:53:14,Étudiant(e),A1,Français; Mathématiques,Gestion,Planifier; Analyser des données,Analyser un marché; Organiser; Gérer un projet; Planifier,Problèmes économiques et organisationnels,Projets,Pratique et théorie,Dynamique,Entreprise,Économie; Gestion,Seul ou en équipe,Les perspectives de carrière,EMP,Gestionnaire,2.0
2026-07-11 15:30:33,Professionnel(le),G,Anglais; Français; Histoire,Anglais,Créer; Communiquer; Présenter,Organiser des événements; Communiquer; Créer du contenu,Problèmes de communication,Projets; Travaux de groupe,Pratique et théorie,Dynamique,Entreprise,Communication; Marketing; Événementiel,En équipe,Développer mes compétences relationnelles,TEH,Journaliste,4.0
2026-08-02 08:40:04,Étudiant(e),G,Mathématiques; Gestion,Mathématiques; Économie,Calculer; Être rigoureux; Organiser,Faire des calculs; Analyser des données; Gérer,Problèmes financiers,Exercices,Pratique et théorie,Régulier,Banque,Finance; Audit; Gestion,Seul ou en équipe,Les débouchés professionnels,FIC,Contrôleur de gestion,5.0
2026-08-12 11:57:50,Professionnel(le),A1,Philosophie; Anglais; Histoire,Français,Communiquer; Argumenter,Rédiger; Faire des recherches; Lire des documents,Problèmes juridiques et sociaux,Débats,Théorie,Calme et régulier,Tribunal; Institution publique,Justice; Administration; Droit,Seul,La reconnaissance du diplôme,DTJA,Assistant juridique,1.0
2026-07-01 10:36:19,Étudiant(e),S,Physique; Informatique; Anglais,Mathématiques; Informatique,Résoudre des problèmes logiques; Utiliser des outils informatiques; Analyser des informations,Créer des applications; Analyser des données,Problèmes logiques et techniques,Travaux dirigés; Projets pratiques,Pratique et théorie,Intensif et régulier,Startup; Bureau,Programmation; Data; Robotique; Intelligence artificielle,En équipe,Les débouchés professionnels,IMTICIA,Data analyst,1.0
2026-07-28 09:33:33,Professionnel(le),S,Chimie; SVT; Mathématiques,SVT; Mathématiques,Observer; Résoudre des problèmes; Expérimenter,Rechercher; Faire des expériences; Concevoir; Analyser,Problèmes scientifiques,Travaux pratiques,Pratique et théorie,Intensif et régulier,Laboratoire,Sciences; Technologie; Environnement,Seul ou en équipe,Être utile à la société,GCA,Technicien,5.0
2026-08-01 16:12:43,Étudiant(e),G,Économie; Gestion,Mathématiques,Analyser des données; Organiser,Analyser des données; Faire des calculs; Analyser des comptes; Gérer,Problèmes financiers,Travaux pratiques,Pratique et théorie,Régulier,Banque; Bureau,Audit; Banque; Gestion; Comptabilité,Seul,La stabilité professionnelle,FIC,Contrôleur de gestion,2.0
2026-08-04 09:11:00,Professionnel(le),A1,Gestion; Mathématiques; Français,Économie; Mathématiques,Planifier; Organiser; Calculer; Analyser des données,Organiser; Gérer un projet; Analyser un marché; Planifier,Problèmes économiques et organisationnels,Exercices pratiques; Études de cas,Pratique et théorie,Régulier,Entreprise,Gestion; Entrepreneuriat,En équipe,Les perspectives de carrière,EMP,Manager,4.0
2026-08-17 15:21:52,Étudiant(e),G,Mathématiques; Économie,Économie; Mathématiques,Calculer; Analyser des données; Planifier; Organiser,Planifier; Analyser un marché,Problèmes économiques et organisationnels,Exercices pratiques; Études de cas,Pratique et théorie,Régulier,Entreprise,Économie; Entrepreneuriat; Management; Gestion,En équipe,Les perspectives de carrière,EMP,Manager,2.0
2026-07-12 08:11:53,Étudiant(e),S,Gestion; Mathématiques; Économie,Économie; Mathématiques,Calculer; Être rigoureux; Analyser des données; Organiser,Faire des calculs; Gérer; Analyser des comptes; Analyser des données,Problèmes financiers,Travaux pratiques; Exercices,Théorie et pratique,Intensif et régulier,Entreprise,Finance; Comptabilité; Banque; Audit,Seul,Les débouchés professionnels,IGGLIA,Ingénieur logiciel,4.0
2026-07-22 14:06:06,Professionnel(le),A1,Anglais; Français; Histoire,Français,Communiquer; Présenter; Rédiger,Présenter; Organiser des événements,Problèmes de communication,Présentations,Pratique,Dynamique,Agence,Marketing; Communication,En équipe,La possibilité d'évoluer professionnellement,TEE,Chargé de communication,1.0
2026-08-08 12:22:07,Étudiant(e),S,Mathématiques; Économie,Mathématiques; Économie,Organiser; Analyser des données; Être rigoureux; Calculer,Gérer; Analyser des données; Analyser des comptes; Faire des calculs,Problèmes financiers,Travaux pratiques,Théorie et pratique,Régulier,Bureau,Audit; Comptabilité,Seul ou en équipe,La stabilité professionnelle,ISAIA,Développeur full-stack,4.0
2026-07-02 16:45:20,Étudiant(e),A2,Histoire; Anglais,Anglais; Français,Rédiger; Communiquer; Créer; Présenter,Créer du contenu; Communiquer; Organiser des événements,Problèmes de communication,Projets,Pratique et théorie,Dynamique,Entreprise,Publicité; Médias; Marketing,En équipe,Développer mes compétences relationnelles,IAA,Assistant de recherche,4.0
2026-08-18 16:00:16,Étudiant(e),A1,Gestion; Français; Économie,Mathématiques; Gestion,Calculer; Organiser; Analyser des données; Planifier,Planifier; Organiser; Analyser un marché; Gérer un projet,Problèmes économiques et organisationnels,Études de cas,Pratique,Régulier,Bureau,Gestion; Économie,Seul ou en équipe,Les perspectives de carrière,EMP,Manager,2.0
2026-08-21 12:58:27,Étudiant(e),S,Mathématiques; Anglais,Informatique; Mathématiques,Travailler avec des données; Résoudre des problèmes logiques,Créer des applications; Automatiser des tâches; Analyser des données,Problèmes logiques et techniques,Programmation,Pratique,Intensif et régulier,Entreprise; Startup,Programmation; Intelligence artificielle,En équipe,Développer des compétences professionnelles,ISAIA,Ingénieur logiciel,5.0
2026-07-31 10:23:28,Professionnel(le),S,Physique; Informatique; Mathématiques,Informatique,Utiliser des outils informatiques; Résoudre des problèmes logiques; Analyser des informations,Programmer; Automatiser des tâches,Problèmes logiques et techniques,Programmation; Projets pratiques,Pratique,Intensif et régulier,Télétravail,Robotique; Intelligence artificielle; Programmation,Seul ou en petite équipe,Développer des compétences professionnelles,ESIIA,Ingénieur IA,3.0
2026-08-19 17:19:53,Professionnel(le),A1,Français; Histoire,Philosophie,Analyser des textes; Argumenter,Faire des recherches; Débattre,Problèmes juridiques et sociaux,Débats,Théorie,Régulier,Administration; Institution publique,Droits humains; Société,Seul,La reconnaissance du diplôme,DTJA,Juriste,5.0
2026-07-17 13:46:35,Étudiant(e),A2,Histoire; Anglais; Français,Français,Rédiger; Créer; Communiquer; Présenter,Présenter; Créer du contenu; Organiser des événements,Problèmes de communication,Présentations; Projets,Pratique,Intensif et régulier,Agence,Communication; Médias; Événementiel; Marketing,En équipe,Développer mes compétences relationnelles,IAA,Ingénieur agroalimentaire,2.0
2026-07-31 14:59:00,Professionnel(le),S,SVT; Physique,Physique,Analyser; Résoudre des problèmes,Rechercher; Analyser; Concevoir,Problèmes scientifiques,Travaux pratiques,Pratique et théorie,Intensif et régulier,Industrie,Environnement; Sciences; Technologie; Recherche,Seul ou en équipe,Être utile à la société,ESIIA,Technicien,5.0
2026-08-21 10:01:30,Étudiant(e),C,SVT; Chimie; Physique,Physique,Résoudre des problèmes; Observer; Expérimenter,Analyser; Concevoir; Faire des expériences; Rechercher,Problèmes scientifiques,Recherche; Expériences,Pratique et théorie,Régulier,Laboratoire; Industrie,Environnement; Recherche,Seul ou en équipe,Être utile à la société,IMTICIA,Analyste cyber-sécurité,2.0
2026-07-25 17:45:12,Étudiant(e),D,SVT; Chimie; Physique,Chimie,Observer; Expérimenter; Manipuler des outils ou équipements,Rechercher; Faire des expériences; Mesurer; Analyser des substances,Problèmes scientifiques et expérimentaux,Travaux pratiques,Pratique,Régulier,Laboratoire; Centre de recherche,Environnement; Laboratoire; Industrie; Chimie,En équipe,Acquérir une formation solide,PIP,Technicien qualité,3.0
2026-08-10 10:23:09,Professionnel(le),A2,Mathématiques; Économie; Français,Français; Économie,Communiquer; Analyser,Négocier; Faire du commerce,Problèmes commerciaux,Études de cas,Pratique,Intensif,Agence,Entrepreneuriat; Marketing,En équipe,Les perspectives de carrière,PIP,Technicien en pharmacie,5.0
2026-07-14 16:28:01,Professionnel(le),S,Physique; Informatique; Anglais,Informatique; Mathématiques,Utiliser des outils informatiques; Analyser des informations; Travailler avec des données,Programmer; Automatiser des tâches,Problèmes logiques et techniques,Projets pratiques,Pratique,Régulier,Télétravail,Robotique; Intelligence artificielle,En équipe,Développer des compétences professionnelles,ESIIA,Développeur full-stack,3.0
2026-07-13 14:17:00,Étudiant(e),A2,Histoire; Français,Anglais,Créer; Communiquer; Rédiger,Communiquer; Organiser des événements,Problèmes de communication,Présentations,Pratique,Intensif et régulier,Studio; Agence,Marketing; Médias; Publicité; Événementiel,En équipe,Développer son réseau professionnel,AEE,Biologiste,2.0
2026-08-11 10:29:05,Étudiant(e),D,Mathématiques; SVT; Chimie,SVT,Expérimenter; Analyser; Manipuler des outils ou équipements; Observer,Faire des expériences; Analyser des substances; Mesurer; Rechercher,Problèmes scientifiques et expérimentaux,Expériences; Laboratoire,Pratique et théorie,Régulier,Laboratoire; Centre de recherche,Environnement; Chimie,En équipe,Acquérir une formation solide,IAA,Chimiste,2.0
2026-07-03 09:41:56,Étudiant(e),S,Gestion; Mathématiques; Économie,Économie,Organiser; Planifier,Gérer un projet; Planifier; Organiser,Problèmes économiques et organisationnels,Projets; Études de cas,Pratique et théorie,Régulier,Bureau; Administration,Entrepreneuriat; Gestion; Économie,En équipe,Les perspectives de carrière,GCA,Gestionnaire,2.0
2026-07-15 13:30:36,Étudiant(e),G,Gestion; Mathématiques,Économie; Mathématiques,Organiser; Analyser des données,Analyser des données; Faire des calculs; Gérer; Analyser des comptes,Problèmes financiers,Exercices,Théorie et pratique,Régulier,Cabinet; Entreprise,Audit; Banque; Finance,Seul ou en équipe,La stabilité professionnelle,FIC,Auditeur,1.0
2026-08-18 14:49:07,Étudiant(e),C,Mathématiques; Physique,Mathématiques,Résoudre des problèmes; Analyser; Expérimenter,Rechercher; Concevoir; Faire des expériences,Problèmes scientifiques,Travaux pratiques; Expériences,Pratique et théorie,Régulier,Laboratoire; Centre de recherche,Recherche; Sciences; Technologie; Environnement,Seul ou en équipe,Être utile à la société,EMII,Assistant de recherche,5.0
2026-08-08 17:05:58,Professionnel(le),S,Mathématiques; SVT; Chimie,Physique; Mathématiques,Expérimenter; Analyser,Faire des expériences; Concevoir; Rechercher,Problèmes scientifiques,Expériences,Pratique et théorie,Régulier,Industrie; Laboratoire,Technologie; Recherche; Sciences,Seul ou en équipe,Acquérir une formation solide,GCA,Assistant de recherche,2.0
2026-07-28 11:10:25,Professionnel(le),S,Économie; Gestion,Mathématiques,Être rigoureux; Analyser des données; Calculer,Faire des calculs; Analyser des données,Problèmes financiers,Études de cas,Pratique et théorie,Régulier,Entreprise,Gestion; Banque; Audit,Seul ou en équipe,La stabilité professionnelle,ESIIA,Chef de projet,4.0
2026-08-22 09:23:52,Étudiant(e),A1,Histoire; Français,Histoire; Philosophie,Rédiger; Argumenter; Communiquer; Analyser des textes,Rédiger; Faire des recherches,Problèmes juridiques et sociaux,Lectures,Pratique et théorie,Calme et régulier,Tribunal,Administration; Justice; Droits humains,Seul ou en équipe,La reconnaissance du diplôme,DTJA,Juriste,1.0
2026-07-30 16:08:53,Professionnel(le),A2,Français; Histoire; Anglais,Français; Anglais,Communiquer; Créer,Communiquer; Créer du contenu; Présenter,Problèmes de communication,Projets; Travaux de groupe,Pratique et théorie,Intensif et régulier,Studio; Entreprise,Publicité; Événementiel; Médias; Marketing,En équipe,La possibilité d'évoluer professionnellement,PIP,Technicien en pharmacie,3.0
2026-07-30 16:40:38,Professionnel(le),S,Physique; Mathématiques; SVT,Mathématiques; SVT,Expérimenter; Analyser; Résoudre des problèmes,Faire des expériences; Concevoir; Analyser; Rechercher,Problèmes scientifiques,Travaux pratiques,Pratique et théorie,Intensif et régulier,Centre de recherche,Environnement; Sciences,Seul ou en équipe,Acquérir une formation solide,ESIIA,Technicien,5.0
2026-08-10 16:41:46,Étudiant(e),G,Gestion; Mathématiques; Économie,Économie; Mathématiques,Organiser; Analyser des données,Faire des calculs; Analyser des données; Analyser des comptes,Problèmes financiers,Exercices,Pratique et théorie,Intensif et régulier,Bureau,Finance; Comptabilité; Gestion,Seul,Les perspectives de carrière,FIC,Contrôleur de gestion,5.0
2026-08-04 15:44:09,Étudiant(e),A1,Anglais; Français; Histoire,Français; Anglais,Communiquer; Rédiger; Présenter,Organiser des événements; Créer du contenu; Présenter,Problèmes de communication,Travaux de groupe; Présentations,Pratique et théorie,Intensif et régulier,Studio; Agence,Événementiel; Médias; Marketing,En équipe,Développer mes compétences relationnelles,TEH,Journaliste,2.0
2026-08-08 17:15:42,Étudiant(e),A1,Économie; Mathématiques,Français; Économie,Négocier; Communiquer,Négocier; Faire du commerce; Communiquer; Analyser un marché,Problèmes commerciaux,Simulations,Pratique et théorie,Intensif,Entreprise,Vente; Entrepreneuriat,En équipe,Les débouchés professionnels,CAA,Business developer,5.0
2026-08-05 07:00:07,Étudiant(e),D,Chimie; SVT; Mathématiques,Physique; SVT,Résoudre des problèmes; Observer; Analyser,Rechercher; Faire des expériences; Concevoir,Problèmes scientifiques,Travaux pratiques; Expériences,Pratique et théorie,Régulier,Laboratoire,Environnement; Sciences; Recherche; Technologie,Seul ou en équipe,Être utile à la société,AEE,Ingénieur agronome,2.0
2026-07-31 17:16:09,Étudiant(e),A1,Mathématiques; Français,Économie; Français,Négocier; Organiser; Communiquer; Analyser,Faire du commerce; Analyser un marché,Problèmes commerciaux,Projets; Études de cas,Pratique,Dynamique,Entreprise; Agence,Entrepreneuriat; Marketing; Vente,En équipe,Les perspectives de carrière,TEE,Chargé marketing,1.0
2026-08-20 09:38:20,Étudiant(e),S,Physique; Anglais; Informatique,Mathématiques,Résoudre des problèmes logiques; Utiliser des outils informatiques; Travailler avec des données,Analyser des données; Créer des applications; Automatiser des tâches; Programmer,Problèmes logiques et techniques,Projets pratiques,Pratique et théorie,Régulier,Bureau,Data; Programmation; Technologie,Seul ou en petite équipe,Travailler dans un secteur innovant,IGGLIA,Développeur full-stack,4.0
2026-08-19 16:29:09,Étudiant(e),S,Physique; SVT; Chimie,SVT,Expérimenter; Manipuler des outils ou équipements,Analyser des substances; Mesurer; Faire des expériences; Rechercher,Problèmes scientifiques et expérimentaux,Travaux pratiques; Expériences,Pratique et théorie,Progressif,Laboratoire,Industrie; Laboratoire,En équipe,Acquérir une formation solide,IAA,Technicien de laboratoire,3.0
2026-08-11 17:46:08,Professionnel(le),S,Économie; Français; Gestion,Économie; Mathématiques,Planifier; Calculer; Analyser des données,Analyser un marché; Organiser; Planifier,Problèmes économiques et organisationnels,Projets,Pratique,Dynamique,Entreprise; Administration,Économie; Management,Seul ou en équipe,Créer mon entreprise,EMII,Chef de projet,4.0
2026-08-18 13:21:27,Professionnel(le),A1,Anglais; Histoire,Français,Argumenter; Analyser des textes; Rédiger; Communiquer,Lire des documents; Faire des recherches,Problèmes juridiques et sociaux,Études de cas; Débats,Pratique et théorie,Calme et régulier,Cabinet; Administration,Droit; Droits humains; Administration,Seul ou en équipe,Aimer le domaine étudié,DTJA,Conseiller juridique,3.0
2026-08-23 10:53:07,Professionnel(le),A1,Anglais; Français,Français; Histoire,Communiquer; Analyser des textes; Argumenter; Rédiger,Faire des recherches; Débattre; Rédiger,Problèmes juridiques et sociaux,Débats,Pratique et théorie,Calme et régulier,Institution publique,Administration; Droits humains,Seul ou en équipe,La reconnaissance du diplôme,DTJA,Juriste,5.0
2026-08-18 09:49:56,Professionnel(le),S,Anglais; Informatique; Mathématiques,Mathématiques; Informatique,Travailler avec des données; Résoudre des problèmes logiques,Automatiser des tâches; Programmer; Analyser des données; Créer des applications,Problèmes logiques et techniques,Projets pratiques; Travaux dirigés,Pratique et théorie,Intensif et régulier,Bureau,Data; Technologie,En équipe,Les débouchés professionnels,IGGLIA,Data analyst,3.0
2026-07-16 09:08:36,Étudiant(e),D,Chimie; Physique,SVT,Analyser; Résoudre des problèmes; Observer; Expérimenter,Faire des expériences; Rechercher; Analyser,Problèmes scientifiques,Travaux pratiques; Expériences,Pratique et théorie,Régulier,Laboratoire,Recherche; Technologie; Environnement; Sciences,Seul ou en équipe,Acquérir une formation solide,EMII,Chercheur,1.0
2026-07-03 07:50:41,Étudiant(e),S,Anglais; Physique; Informatique,Mathématiques,Travailler avec des données; Utiliser des outils informatiques; Analyser des informations; Résoudre des problèmes logiques,Automatiser des tâches; Programmer,Problèmes logiques et techniques,Projets pratiques,Pratique et théorie,Régulier,Startup,Robotique; Programmation; Intelligence artificielle; Technologie,Seul ou en petite équipe,Travailler dans un secteur innovant,ESIIA,Technicien informatique,3.0
2026-07-09 17:17:24,Étudiant(e),S,Gestion; Mathématiques; Économie,Économie,Être rigoureux; Organiser; Calculer; Analyser des données,Gérer; Analyser des données; Faire des calculs,Problèmes financiers,Études de cas; Travaux pratiques,Pratique et théorie,Intensif et régulier,Bureau,Banque; Comptabilité; Finance,Seul,Les débouchés professionnels,ISAIA,Développeur full-stack,3.0
2026-07-09 11:30:31,Professionnel(le),G,Mathématiques; Gestion,Économie; Mathématiques,Calculer; Être rigoureux; Organiser,Faire des calculs; Analyser des comptes; Gérer; Analyser des données,Problèmes financiers,Études de cas,Pratique et théorie,Intensif et régulier,Entreprise; Banque,Finance; Gestion,Seul,La stabilité professionnelle,FIC,Contrôleur de gestion,3.0
2026-07-23 13:07:41,Étudiant(e),S,Anglais; Physique; Mathématiques,Informatique; Mathématiques,Utiliser des outils informatiques; Résoudre des problèmes logiques; Analyser des informations,Analyser des données; Créer des applications; Programmer,Problèmes logiques et techniques,Projets pratiques; Travaux dirigés,Pratique,Régulier,Bureau,Programmation; Robotique; Intelligence artificielle,En équipe,Développer des compétences professionnelles,ESIIA,Technicien informatique,2.0
2026-07-07 15:56:05,Étudiant(e),A2,Philosophie; Anglais; Français,Français; Philosophie,Communiquer; Argumenter; Analyser des textes,Rédiger; Lire des documents; Faire des recherches; Débattre,Problèmes juridiques et sociaux,Lectures,Pratique et théorie,Régulier,Cabinet; Administration,Administration; Justice,Seul,Aimer le domaine étudié,IAA,Technicien qualité,3.0
2026-07-31 17:41:37,Étudiant(e),A1,Histoire; Philosophie,Histoire,Communiquer; Rédiger; Argumenter; Analyser des textes,Lire des documents; Faire des recherches,Problèmes juridiques et sociaux,Débats; Lectures,Théorie,Calme et régulier,Cabinet; Institution publique,Droits humains; Justice; Droit,Seul ou en équipe,Aimer le domaine étudié,DTJA,Avocat,1.0
2026-07-29 11:08:22,Professionnel(le),S,Gestion; Économie; Mathématiques,Mathématiques,Analyser des données; Être rigoureux; Organiser; Calculer,Analyser des données; Gérer; Analyser des comptes,Problèmes financiers,Études de cas; Travaux pratiques,Pratique et théorie,Intensif et régulier,Bureau,Comptabilité; Finance,Seul,Les débouchés professionnels,GCA,Ingénieur,3.0
2026-08-11 15:26:07,Professionnel(le),D,SVT; Chimie; Mathématiques,Physique; Mathématiques,Observer; Expérimenter; Analyser; Manipuler des outils ou équipements,Mesurer; Rechercher; Analyser des substances; Faire des expériences,Problèmes scientifiques et expérimentaux,Expériences,Pratique et théorie,Progressif,Laboratoire; Industrie,Industrie; Chimie; Environnement,Seul ou en équipe,La pratique professionnelle,ICMP,Technicien qualité,2.0
2026-08-23 07:44:35,Étudiant(e),G,Mathématiques; Économie; Français,Français; Économie,Communiquer; Organiser,Négocier; Faire du commerce,Problèmes commerciaux,Simulations; Projets,Pratique,Intensif,Commerce; Agence,Marketing; Vente; Commerce; Entrepreneuriat,En équipe,Les débouchés professionnels,CAA,Business developer,2.0
2026-08-22 16:28:55,Étudiant(e),C,SVT; Mathématiques,SVT; Mathématiques,Expérimenter; Analyser; Observer; Résoudre des problèmes,Analyser; Concevoir,Problèmes scientifiques,Recherche,Pratique et théorie,Régulier,Centre de recherche; Laboratoire,Recherche; Environnement,Seul ou en équipe,Être utile à la société,IMTICIA,Développeur logiciel,1.0
2026-08-14 11:24:17,Étudiant(e),G,Économie; Français; Mathématiques,Économie,Analyser des données; Calculer; Organiser; Planifier,Organiser; Analyser un marché,Problèmes économiques et organisationnels,Projets; Exercices pratiques,Pratique,Régulier,Administration,Management; Économie; Entrepreneuriat; Gestion,Seul ou en équipe,Les débouchés professionnels,EMP,Chef de projet,2.0
2026-08-01 10:59:45,Étudiant(e),A2,Philosophie; Français; Anglais,Français,Argumenter; Communiquer; Rédiger; Analyser des textes,Débattre; Faire des recherches; Rédiger,Problèmes juridiques et sociaux,Lectures,Pratique et théorie,Régulier,Tribunal,Administration; Société; Droit,Seul ou en équipe,La reconnaissance du diplôme,AEE,Spécialiste en développement rural,1.0
2026-07-14 09:16:18,Étudiant(e),S,Anglais; Informatique; Mathématiques,Mathématiques; Informatique,Résoudre des problèmes logiques; Utiliser des outils informatiques; Analyser des informations,Automatiser des tâches; Programmer,Problèmes logiques et techniques,Programmation,Pratique,Régulier,Bureau; Startup,Intelligence artificielle; Data; Robotique; Technologie,En équipe,Travailler dans un secteur innovant,IGGLIA,Analyste cyber-sécurité,3.0
2026-07-24 07:21:16,Étudiant(e),S,Chimie; Physique; Mathématiques,Physique; SVT,Analyser; Résoudre des problèmes,Faire des expériences; Concevoir,Problèmes scientifiques,Travaux pratiques; Recherche,Pratique et théorie,Intensif et régulier,Industrie; Laboratoire,Environnement; Recherche; Sciences; Technologie,En équipe,Être utile à la société,EMII,Chercheur,3.0
2026-07-03 13:18:44,Étudiant(e),G,Gestion; Économie,Gestion; Mathématiques,Analyser des données; Calculer; Planifier,Analyser un marché; Organiser; Gérer un projet; Planifier,Problèmes économiques et organisationnels,Exercices pratiques; Projets,Pratique et théorie,Régulier,Bureau,Entrepreneuriat; Management; Économie,Seul ou en équipe,Les débouchés professionnels,EMP,Manager,2.0
2026-07-01 10:49:24,Professionnel(le),G,Économie; Gestion; Mathématiques,Économie; Mathématiques,Analyser des données; Être rigoureux; Organiser; Calculer,Gérer; Analyser des comptes; Analyser des données,Problèmes financiers,Études de cas; Travaux pratiques,Pratique et théorie,Intensif et régulier,Cabinet; Banque,Audit; Gestion; Finance; Banque,Seul ou en équipe,Les débouchés professionnels,FIC,Comptable,3.0
2026-08-03 16:56:38,Professionnel(le),G,Français; Mathématiques,Économie; Mathématiques,Analyser des données; Organiser,Analyser un marché; Gérer un projet,Problèmes économiques et organisationnels,Exercices pratiques; Projets,Pratique et théorie,Dynamique,Entreprise,Entrepreneuriat; Gestion,Seul ou en équipe,Créer mon entreprise,TEE,Gestionnaire,4.0
2026-08-25 14:54:44,Professionnel(le),S,Chimie; Mathématiques,Physique; SVT,Observer; Analyser,Faire des expériences; Concevoir; Analyser,Problèmes scientifiques,Travaux pratiques; Recherche,Pratique et théorie,Intensif et régulier,Industrie,Sciences; Environnement; Technologie,En équipe,Acquérir une formation solide,IMTICIA,Développeur logiciel,3.0
2026-07-28 12:46:16,Étudiant(e),S,Chimie; Mathématiques,Chimie; Mathématiques,Manipuler des outils ou équipements; Observer; Expérimenter,Analyser des substances; Faire des expériences,Problèmes scientifiques et expérimentaux,Laboratoire,Pratique,Régulier,Centre de recherche; Industrie,Laboratoire; Chimie,Seul ou en équipe,Aimer le domaine étudié,ICMP,Technicien de laboratoire,4.0
2026-08-17 14:55:32,Étudiant(e),A1,Philosophie; Histoire,Philosophie; Français,Argumenter; Rédiger,Débattre; Faire des recherches,Problèmes juridiques et sociaux,Études de cas,Théorie,Régulier,Institution publique; Cabinet,Administration; Droit,Seul,Aimer le domaine étudié,DTJA,Avocat,1.0
2026-08-11 13:27:16,Étudiant(e),S,Physique; Informatique; Mathématiques,Mathématiques,Travailler avec des données; Analyser des informations; Utiliser des outils informatiques; Résoudre des problèmes logiques,Créer des applications; Programmer; Analyser des données; Automatiser des tâches,Problèmes logiques et techniques,Travaux dirigés; Projets pratiques,Pratique et théorie,Régulier,Télétravail,Programmation; Intelligence artificielle,En équipe,Les débouchés professionnels,ISAIA,Développeur logiciel,3.0
2026-08-20 12:08:43,Étudiant(e),A2,Histoire; Français; Anglais,Anglais,Communiquer; Présenter,Créer du contenu; Communiquer; Présenter,Problèmes de communication,Projets,Pratique et théorie,Dynamique,Agence; Média,Communication; Événementiel,En équipe,Développer mes compétences relationnelles,AEE,Technicien de laboratoire,2.0
2026-07-05 13:51:06,Étudiant(e),A2,Histoire; Anglais; Philosophie,Philosophie; Français,Argumenter; Rédiger; Analyser des textes; Communiquer,Rédiger; Débattre,Problèmes juridiques et sociaux,Débats; Études de cas,Théorie,Calme et régulier,Cabinet,Administration; Droit,Seul,Aimer le domaine étudié,AEE,Biologiste,2.0
2026-07-18 13:34:55,Étudiant(e),S,Français; Économie; Mathématiques,Économie,Planifier; Calculer,Organiser; Planifier,Problèmes économiques et organisationnels,Exercices pratiques,Pratique,Régulier,Administration,Entrepreneuriat; Économie; Gestion,En équipe,Les perspectives de carrière,EMII,Manager,5.0
2026-08-08 08:40:19,Étudiant(e),G,Mathématiques; Français; Économie,Économie,Organiser; Communiquer,Analyser un marché; Négocier,Problèmes commerciaux,Simulations; Projets,Pratique et théorie,Intensif,Commerce; Agence,Marketing; Entrepreneuriat; Commerce; Vente,En équipe,Créer mon entreprise,CAA,Business developer,2.0
2026-08-15 17:58:03,Étudiant(e),G,Économie; Mathématiques,Économie; Français,Communiquer; Analyser; Négocier; Organiser,Communiquer; Négocier,Problèmes commerciaux,Projets; Études de cas,Pratique,Dynamique,Agence,Commerce; Marketing,En équipe,Créer mon entreprise,TEE,Responsable marketing,1.0
2026-08-19 16:23:02,Étudiant(e),A1,Français; Économie; Mathématiques,Français; Économie,Communiquer; Négocier; Organiser; Analyser,Communiquer; Négocier,Problèmes commerciaux,Simulations,Pratique et théorie,Intensif,Entreprise,Entrepreneuriat; Marketing; Commerce,En équipe,Les perspectives de carrière,TEE,Chargé marketing,4.0
2026-07-22 09:05:20,Étudiant(e),A1,Économie; Mathématiques; Français,Économie,Communiquer; Analyser,Faire du commerce; Communiquer; Analyser un marché; Négocier,Problèmes commerciaux,Simulations; Projets,Pratique et théorie,Dynamique,Commerce,Vente; Commerce; Marketing; Entrepreneuriat,En équipe,Créer mon entreprise,CAA,Business developer,1.0
2026-08-07 13:16:28,Étudiant(e),S,Anglais; Physique; Mathématiques,Mathématiques; Informatique,Résoudre des problèmes logiques; Analyser des informations; Travailler avec des données,Programmer; Analyser des données,Problèmes logiques et techniques,Programmation; Travaux dirigés,Pratique et théorie,Intensif et régulier,Télétravail; Bureau,Programmation; Robotique,Seul ou en petite équipe,Les débouchés professionnels,ESIIA,Ingénieur logiciel,3.0
2026-07-15 12:05:48,Étudiant(e),A1,Économie; Français,Économie; Français,Négocier; Analyser; Organiser; Communiquer,Analyser un marché; Communiquer; Faire du commerce; Négocier,Problèmes commerciaux,Simulations; Projets,Pratique et théorie,Intensif,Agence; Entreprise,Vente; Marketing,En équipe,Les perspectives de carrière,CAA,Responsable marketing,2.0
2026-08-04 13:28:43,Étudiant(e),A1,Philosophie; Histoire; Français,Philosophie,Analyser des textes; Argumenter; Rédiger; Communiquer,Faire des recherches; Lire des documents,Problèmes juridiques et sociaux,Débats,Pratique et théorie,Régulier,Administration; Institution publique,Société; Justice; Droits humains; Administration,Seul,La stabilité professionnelle,DTJA,Avocat,2.0
2026-07-01 16:35:54,Professionnel(le),S,Mathématiques; Chimie,SVT,Observer; Résoudre des problèmes; Analyser,Concevoir; Faire des expériences; Analyser; Rechercher,Problèmes scientifiques,Travaux pratiques; Recherche,Pratique et théorie,Intensif et régulier,Industrie; Centre de recherche,Sciences; Environnement; Technologie; Recherche,Seul ou en équipe,Être utile à la société,AEE,Chercheur,3.0
2026-07-11 13:22:50,Étudiant(e),S,SVT; Physique,SVT; Physique,Expérimenter; Observer,Analyser des substances; Rechercher; Mesurer,Problèmes scientifiques et expérimentaux,Laboratoire,Pratique,Régulier,Laboratoire; Centre de recherche,Recherche; Industrie,En équipe,Aimer le domaine étudié,ICMP,Technicien qualité,1.0
2026-07-28 15:19:31,Étudiant(e),A1,Économie; Français,Français,Communiquer; Organiser; Négocier,Faire du commerce; Communiquer,Problèmes commerciaux,Études de cas; Simulations,Pratique et théorie,Intensif,Commerce,Commerce; Vente; Entrepreneuriat; Marketing,En équipe,Les débouchés professionnels,TEE,Responsable marketing,5.0
2026-07-12 14:18:56,Étudiant(e),S,Mathématiques; Chimie; SVT,Mathématiques; SVT,Manipuler des outils ou équipements; Observer; Expérimenter,Mesurer; Rechercher; Analyser des substances; Faire des expériences,Problèmes scientifiques et expérimentaux,Laboratoire; Expériences,Pratique,Progressif,Centre de recherche; Industrie,Environnement; Industrie; Chimie,Seul ou en équipe,La pratique professionnelle,IAA,Technicien agricole,5.0
2026-07-02 15:33:34,Étudiant(e),C,Mathématiques; SVT; Physique,Mathématiques,Analyser; Observer; Expérimenter; Manipuler des outils ou équipements,Rechercher; Analyser des substances; Faire des expériences; Mesurer,Problèmes scientifiques et expérimentaux,Laboratoire,Pratique,Régulier,Laboratoire,Industrie; Chimie; Environnement,En équipe,Acquérir une formation solide,GCA,Technicien,2.0
2026-07-20 14:02:01,Étudiant(e),S,Anglais; Informatique; Physique,Mathématiques; Informatique,Travailler avec des données; Utiliser des outils informatiques; Analyser des informations,Créer des applications; Automatiser des tâches; Analyser des données,Problèmes logiques et techniques,Programmation; Travaux dirigés,Pratique,Régulier,Télétravail,Data; Programmation; Robotique,Seul ou en petite équipe,Travailler dans un secteur innovant,ISAIA,Analyste cyber-sécurité,2.0
2026-07-05 10:17:09,Professionnel(le),A1,Histoire; Français; Philosophie,Français,Analyser des textes; Argumenter; Communiquer,Lire des documents; Rédiger; Débattre; Faire des recherches,Problèmes juridiques et sociaux,Débats,Théorie,Calme et régulier,Tribunal; Institution publique,Justice; Société,Seul ou en équipe,Aimer le domaine étudié,DTJA,Assistant juridique,5.0
2026-07-20 07:56:22,Étudiant(e),S,SVT; Mathématiques; Chimie,Physique,Expérimenter; Analyser; Observer,Concevoir; Analyser; Faire des expériences,Problèmes scientifiques,Expériences; Travaux pratiques,Pratique et théorie,Régulier,Laboratoire; Industrie,Sciences; Environnement; Recherche,En équipe,Être utile à la société,ESIIA,Chercheur,5.0
2026-07-26 11:45:30,Étudiant(e),A2,Histoire; Français,Français,Rédiger; Présenter; Créer; Communiquer,Communiquer; Présenter,Problèmes de communication,Travaux de groupe,Pratique et théorie,Intensif et régulier,Studio; Média,Événementiel; Communication,En équipe,Développer mes compétences relationnelles,PIP,Biologiste,3.0
2026-07-07 11:09:52,Professionnel(le),A2,Français; Histoire; Anglais,Français,Présenter; Rédiger; Communiquer; Créer,Créer du contenu; Communiquer,Problèmes de communication,Projets,Pratique,Dynamique,Média; Studio,Publicité; Événementiel,En équipe,Développer mes compétences relationnelles,IAA,Biologiste,4.0
2026-08-13 17:51:55,Professionnel(le),A1,Gestion; Économie; Français,Mathématiques,Organiser; Analyser des données; Calculer,Planifier; Gérer un projet,Problèmes économiques et organisationnels,Projets,Pratique et théorie,Dynamique,Bureau,Entrepreneuriat; Économie; Management; Gestion,En équipe,Les débouchés professionnels,EMP,Responsable administratif,5.0
2026-07-12 17:42:03,Étudiant(e),G,Français; Mathématiques,Français,Négocier; Communiquer; Organiser,Communiquer; Faire du commerce,Problèmes commerciaux,Études de cas,Pratique et théorie,Intensif,Entreprise,Marketing; Commerce,En équipe,Créer mon entreprise,TEE,Chargé marketing,4.0
2026-07-07 09:18:52,Étudiant(e),A1,Histoire; Français,Anglais,Créer; Communiquer; Rédiger,Organiser des événements; Communiquer,Problèmes de communication,Présentations,Pratique et théorie,Intensif et régulier,Agence,Publicité; Événementiel,En équipe,Développer son réseau professionnel,TEE,Community manager,4.0
2026-07-24 10:06:50,Étudiant(e),S,Physique; Anglais; Informatique,Mathématiques,Analyser des informations; Résoudre des problèmes logiques,Programmer; Analyser des données; Automatiser des tâches,Problèmes logiques et techniques,Projets pratiques; Programmation,Pratique et théorie,Régulier,Startup; Bureau,Programmation; Robotique,Seul ou en petite équipe,Développer des compétences professionnelles,ESIIA,Développeur full-stack,1.0
2026-07-16 14:58:21,Étudiant(e),A2,Français; Histoire; Philosophie,Français,Argumenter; Communiquer; Analyser des textes; Rédiger,Faire des recherches; Lire des documents; Débattre; Rédiger,Problèmes juridiques et sociaux,Études de cas; Débats,Théorie,Régulier,Tribunal,Justice; Administration; Société; Droits humains,Seul,La stabilité professionnelle,PIP,Technicien de laboratoire,1.0
2026-07-09 13:49:44,Professionnel(le),A2,Anglais; Histoire; Français,Français; Anglais,Créer; Présenter,Communiquer; Présenter; Organiser des événements,Problèmes de communication,Travaux de groupe,Pratique et théorie,Dynamique,Média,Communication; Marketing,En équipe,La possibilité d'évoluer professionnellement,PIP,Technicien en pharmacie,1.0
2026-07-07 16:16:07,Étudiant(e),S,Mathématiques; SVT,Physique; SVT,Expérimenter; Analyser,Faire des expériences; Analyser; Rechercher,Problèmes scientifiques,Expériences; Recherche,Pratique et théorie,Intensif et régulier,Laboratoire; Industrie,Environnement; Sciences; Technologie,Seul ou en équipe,Être utile à la société,EMII,Technicien,5.0
2026-08-02 15:22:24,Étudiant(e),A2,Mathématiques; Économie; Français,Économie,Analyser; Négocier,Analyser un marché; Négocier; Faire du commerce,Problèmes commerciaux,Projets; Simulations,Pratique,Intensif,Agence; Commerce,Vente; Commerce; Entrepreneuriat; Marketing,En équipe,Les débouchés professionnels,PIP,Assistant de recherche,5.0
2026-08-07 17:33:30,Professionnel(le),A2,Anglais; Philosophie,Histoire,Argumenter; Communiquer; Analyser des textes; Rédiger,Lire des documents; Rédiger,Problèmes juridiques et sociaux,Débats,Pratique et théorie,Calme et régulier,Administration; Tribunal,Droits humains; Justice,Seul,La stabilité professionnelle,IAA,Biologiste,3.0
2026-08-14 15:46:31,Étudiant(e),A2,Français; Histoire,Français; Anglais,Présenter; Créer,Communiquer; Organiser des événements,Problèmes de communication,Présentations,Pratique,Dynamique,Entreprise; Studio,Médias; Publicité,En équipe,La possibilité d'évoluer professionnellement,AEE,Chercheur,3.0
2026-08-12 10:12:35,Étudiant(e),A1,Mathématiques; Français; Économie,Français,Analyser; Organiser; Communiquer; Négocier,Négocier; Communiquer,Problèmes commerciaux,Simulations,Pratique,Intensif,Entreprise; Agence,Vente; Commerce; Marketing; Entrepreneuriat,En équipe,Créer mon entreprise,TEE,Responsable marketing,4.0
2026-08-16 14:48:40,Étudiant(e),S,Physique; Chimie,Chimie; SVT,Manipuler des outils ou équipements; Observer,Rechercher; Mesurer,Problèmes scientifiques et expérimentaux,Expériences; Laboratoire,Pratique,Progressif,Industrie,Recherche; Chimie; Environnement; Laboratoire,Seul ou en équipe,La pratique professionnelle,ICMP,Technicien de laboratoire,1.0
2026-08-11 13:06:45,Étudiant(e),D,Physique; Mathématiques,Physique; SVT,Analyser; Expérimenter; Résoudre des problèmes; Observer,Rechercher; Analyser; Faire des expériences; Concevoir,Problèmes scientifiques,Travaux pratiques; Recherche,Pratique et théorie,Intensif et régulier,Centre de recherche,Environnement; Technologie,En équipe,Acquérir une formation solide,IMTICIA,Développeur full-stack,2.0
2026-07-29 08:46:24,Professionnel(le),G,Français; Économie,Économie,Calculer; Analyser des données; Planifier; Organiser,Organiser; Analyser un marché; Gérer un projet; Planifier,Problèmes économiques et organisationnels,Projets; Exercices pratiques,Pratique,Régulier,Bureau; Administration,Entrepreneuriat; Économie; Gestion,En équipe,Les débouchés professionnels,EMP,Manager,4.0
2026-07-21 08:21:04,Étudiant(e),A1,Mathématiques; Français,Économie,Planifier; Analyser des données,Gérer un projet; Organiser,Problèmes économiques et organisationnels,Projets,Pratique,Régulier,Entreprise; Bureau,Entrepreneuriat; Économie,En équipe,Les débouchés professionnels,TEE,Manager,2.0
2026-07-04 12:16:38,Étudiant(e),A2,Histoire; Français,Français,Présenter; Communiquer; Rédiger,Présenter; Créer du contenu,Problèmes de communication,Travaux de groupe,Pratique et théorie,Intensif et régulier,Studio,Marketing; Événementiel; Médias; Communication,En équipe,Développer son réseau professionnel,IAA,Assistant de recherche,3.0
2026-07-19 12:33:28,Étudiant(e),S,Mathématiques; Informatique,Informatique,Utiliser des outils informatiques; Analyser des informations,Programmer; Analyser des données,Problèmes logiques et techniques,Travaux dirigés; Projets pratiques,Pratique et théorie,Régulier,Bureau; Startup,Data; Intelligence artificielle; Programmation,Seul ou en petite équipe,Développer des compétences professionnelles,ISAIA,Analyste cyber-sécurité,5.0
2026-07-02 13:17:00,Étudiant(e),S,Mathématiques; Anglais,Informatique; Mathématiques,Utiliser des outils informatiques; Analyser des informations; Résoudre des problèmes logiques,Programmer; Analyser des données; Automatiser des tâches,Problèmes logiques et techniques,Projets pratiques; Programmation,Pratique,Régulier,Télétravail; Entreprise,Robotique; Data; Intelligence artificielle; Programmation,Seul ou en petite équipe,Développer des compétences professionnelles,IGGLIA,Ingénieur IA,4.0
2026-08-11 14:32:44,Professionnel(le),S,Anglais; Physique; Informatique,Informatique; Mathématiques,Résoudre des problèmes logiques; Utiliser des outils informatiques; Travailler avec des données,Créer des applications; Programmer; Analyser des données,Problèmes logiques et techniques,Programmation; Projets pratiques,Pratique et théorie,Régulier,Startup,Technologie; Robotique; Data; Intelligence artificielle,En équipe,Développer des compétences professionnelles,IGGLIA,Ingénieur IA,4.0
2026-08-02 12:14:34,Étudiant(e),S,Informatique; Physique; Anglais,Informatique; Mathématiques,Utiliser des outils informatiques; Résoudre des problèmes logiques,Automatiser des tâches; Créer des applications; Analyser des données,Problèmes logiques et techniques,Projets pratiques; Programmation,Pratique et théorie,Régulier,Télétravail,Technologie; Intelligence artificielle,En équipe,Travailler dans un secteur innovant,ISAIA,Développeur,5.0
2026-08-23 12:17:55,Étudiant(e),S,Mathématiques; Gestion; Économie,Mathématiques,Analyser des données; Être rigoureux; Calculer; Organiser,Analyser des comptes; Gérer; Analyser des données; Faire des calculs,Problèmes financiers,Exercices,Pratique et théorie,Régulier,Cabinet; Bureau,Gestion; Audit; Comptabilité,Seul,Les débouchés professionnels,ISAIA,Chef de projet,1.0
2026-08-05 15:29:38,Étudiant(e),A2,Histoire; Anglais,Philosophie,Communiquer; Rédiger; Argumenter; Analyser des textes,Débattre; Lire des documents; Rédiger,Problèmes juridiques et sociaux,Études de cas,Théorie,Régulier,Cabinet,Droit; Justice; Droits humains; Société,Seul ou en équipe,La stabilité professionnelle,AEE,Spécialiste en développement rural,3.0
2026-07-05 07:57:40,Professionnel(le),A2,Français; Histoire,Français; Histoire,Rédiger; Argumenter; Communiquer; Analyser des textes,Débattre; Faire des recherches; Lire des documents; Rédiger,Problèmes juridiques et sociaux,Débats; Études de cas,Pratique et théorie,Régulier,Cabinet; Tribunal,Administration; Droits humains,Seul ou en équipe,Aimer le domaine étudié,AEE,Technicien agricole,5.0
2026-08-06 10:48:58,Étudiant(e),D,Mathématiques; Chimie; Physique,SVT; Chimie,Manipuler des outils ou équipements; Observer; Analyser; Expérimenter,Mesurer; Rechercher; Faire des expériences; Analyser des substances,Problèmes scientifiques et expérimentaux,Laboratoire,Pratique,Régulier,Laboratoire; Centre de recherche,Laboratoire; Chimie,En équipe,Acquérir une formation solide,PIP,Technicien de laboratoire,4.0
2026-07-21 12:09:00,Étudiant(e),S,Physique; SVT,SVT,Analyser; Expérimenter; Observer,Concevoir; Faire des expériences; Analyser,Problèmes scientifiques,Recherche,Pratique et théorie,Intensif et régulier,Centre de recherche,Environnement; Technologie,Seul ou en équipe,Acquérir une formation solide,IMTICIA,Analyste cyber-sécurité,2.0
2026-07-08 15:57:58,Étudiant(e),S,Mathématiques; Physique,Informatique,Utiliser des outils informatiques; Résoudre des problèmes logiques; Travailler avec des données; Analyser des informations,Programmer; Créer des applications; Analyser des données; Automatiser des tâches,Problèmes logiques et techniques,Travaux dirigés; Projets pratiques,Pratique,Intensif et régulier,Bureau,Data; Robotique; Intelligence artificielle; Programmation,En équipe,Travailler dans un secteur innovant,IGGLIA,Data scientifique,3.0
2026-08-11 11:35:51,Étudiant(e),A1,Français; Mathématiques; Économie,Économie; Français,Organiser; Analyser; Négocier,Faire du commerce; Communiquer,Problèmes commerciaux,Simulations,Pratique et théorie,Intensif,Commerce; Agence,Commerce; Entrepreneuriat; Vente; Marketing,En équipe,Les débouchés professionnels,CAA,Business developer,1.0
2026-07-19 10:01:20,Professionnel(le),A1,Français; Mathématiques; Gestion,Mathématiques; Gestion,Organiser; Planifier; Calculer; Analyser des données,Analyser un marché; Planifier; Organiser; Gérer un projet,Problèmes économiques et organisationnels,Études de cas,Pratique et théorie,Régulier,Administration; Bureau,Économie; Entrepreneuriat,Seul ou en équipe,Créer mon entreprise,FIC,Business developer,3.0
2026-07-06 07:45:30,Étudiant(e),C,SVT; Chimie,Physique,Analyser; Manipuler des outils ou équipements; Observer; Expérimenter,Rechercher; Faire des expériences; Analyser des substances; Mesurer,Problèmes scientifiques et expérimentaux,Expériences; Laboratoire,Pratique,Progressif,Centre de recherche; Industrie,Recherche; Laboratoire; Chimie,Seul ou en équipe,La pratique professionnelle,PIP,Technicien en pharmacie,2.0
2026-07-09 07:09:46,Étudiant(e),A1,Mathématiques; Économie; Gestion,Économie; Gestion,Organiser; Planifier,Gérer un projet; Analyser un marché,Problèmes économiques et organisationnels,Projets,Pratique,Dynamique,Bureau,Management; Entrepreneuriat,Seul ou en équipe,Les débouchés professionnels,CAA,Gestionnaire,4.0
2026-07-04 09:06:54,Professionnel(le),A1,Philosophie; Histoire; Français,Français,Analyser des textes; Argumenter,Débattre; Lire des documents; Faire des recherches; Rédiger,Problèmes juridiques et sociaux,Débats; Études de cas,Pratique et théorie,Calme et régulier,Tribunal; Administration,Administration; Justice; Droits humains; Société,Seul,Aimer le domaine étudié,DTJA,Assistant juridique,5.0
2026-08-21 11:25:26,Étudiant(e),G,Gestion; Économie,Économie; Mathématiques,Calculer; Organiser,Faire des calculs; Analyser des comptes; Analyser des données; Gérer,Problèmes financiers,Études de cas,Théorie et pratique,Régulier,Cabinet; Banque,Banque; Audit; Finance; Gestion,Seul ou en équipe,Les perspectives de carrière,FIC,Auditeur,3.0
2026-07-19 16:56:27,Étudiant(e),G,Histoire; Français,Français; Anglais,Présenter; Communiquer; Rédiger; Créer,Communiquer; Présenter; Créer du contenu; Organiser des événements,Problèmes de communication,Projets,Pratique et théorie,Intensif et régulier,Agence; Studio,Médias; Marketing; Communication,En équipe,Développer mes compétences relationnelles,TEH,Responsable communication,1.0
2026-08-25 16:02:29,Professionnel(le),G,Mathématiques; Français; Gestion,Économie,Calculer; Organiser,Gérer un projet; Planifier,Problèmes économiques et organisationnels,Projets,Pratique,Régulier,Administration; Entreprise,Économie; Gestion,Seul ou en équipe,Les débouchés professionnels,CAA,Responsable administratif,3.0
2026-07-25 09:11:48,Étudiant(e),G,Gestion; Mathématiques; Économie,Mathématiques; Économie,Calculer; Organiser; Analyser des données; Être rigoureux,Faire des calculs; Gérer; Analyser des données; Analyser des comptes,Problèmes financiers,Travaux pratiques,Théorie et pratique,Régulier,Bureau,Finance; Audit,Seul,Les perspectives de carrière,FIC,Auditeur,3.0
2026-08-11 14:44:42,Professionnel(le),C,SVT; Mathématiques,Physique,Manipuler des outils ou équipements; Expérimenter; Observer,Faire des expériences; Mesurer,Problèmes scientifiques et expérimentaux,Travaux pratiques; Laboratoire,Pratique,Régulier,Industrie,Environnement; Recherche; Industrie,Seul ou en équipe,Aimer le domaine étudié,ESIIA,Ingénieur,5.0
2026-08-05 13:18:27,Étudiant(e),A1,Économie; Mathématiques; Français,Économie; Français,Analyser; Organiser; Négocier,Faire du commerce; Négocier; Communiquer; Analyser un marché,Problèmes commerciaux,Études de cas,Pratique et théorie,Dynamique,Agence,Vente; Commerce; Marketing,En équipe,Créer mon entreprise,CAA,Gestionnaire,5.0
2026-08-07 12:52:35,Étudiant(e),G,Mathématiques; Économie,Gestion,Planifier; Calculer; Analyser des données; Organiser,Analyser un marché; Gérer un projet; Planifier,Problèmes économiques et organisationnels,Projets; Études de cas,Pratique et théorie,Dynamique,Bureau; Entreprise,Gestion; Entrepreneuriat,Seul ou en équipe,Les perspectives de carrière,CAA,Business developer,2.0
2026-08-14 09:59:41,Étudiant(e),A1,Anglais; Français; Philosophie,Philosophie; Histoire,Communiquer; Rédiger; Argumenter,Lire des documents; Faire des recherches,Problèmes juridiques et sociaux,Lectures; Débats,Théorie,Régulier,Administration,Société; Administration; Justice; Droit,Seul ou en équipe,La reconnaissance du diplôme,DTJA,Juriste,1.0
2026-08-24 17:35:34,Étudiant(e),A2,Anglais; Français; Histoire,Anglais,Communiquer; Rédiger,Créer du contenu; Communiquer; Présenter; Organiser des événements,Problèmes de communication,Projets,Pratique et théorie,Intensif et régulier,Média,Communication; Marketing; Événementiel; Publicité,En équipe,La possibilité d'évoluer professionnellement,AEE,Spécialiste en développement rural,5.0
2026-08-21 14:08:57,Étudiant(e),S,Mathématiques; Physique; Chimie,Mathématiques; Physique,Manipuler des outils ou équipements; Analyser,Faire des expériences; Analyser des substances; Mesurer; Rechercher,Problèmes scientifiques et expérimentaux,Travaux pratiques; Expériences,Pratique et théorie,Régulier,Industrie; Laboratoire,Environnement; Recherche; Industrie; Chimie,En équipe,La pratique professionnelle,ICMP,Chimiste,2.0
2026-07-07 12:36:28,Professionnel(le),S,Physique; Informatique,Informatique; Mathématiques,Analyser des informations; Utiliser des outils informatiques; Résoudre des problèmes logiques; Travailler avec des données,Analyser des données; Créer des applications,Problèmes logiques et techniques,Travaux dirigés,Pratique,Régulier,Startup; Bureau,Intelligence artificielle; Robotique; Technologie,Seul ou en petite équipe,Développer des compétences professionnelles,ESIIA,Développeur logiciel,3.0
2026-08-14 10:55:02,Étudiant(e),A1,Français; Gestion; Mathématiques,Économie,Organiser; Planifier; Analyser des données; Calculer,Organiser; Gérer un projet; Planifier,Problèmes économiques et organisationnels,Exercices pratiques; Projets,Pratique et théorie,Régulier,Bureau; Entreprise,Gestion; Entrepreneuriat; Économie; Management,Seul ou en équipe,Les débouchés professionnels,EMP,Manager,1.0
2026-07-26 13:53:15,Professionnel(le),D,Physique; SVT; Chimie,SVT,Expérimenter; Observer,Rechercher; Faire des expériences; Concevoir,Problèmes scientifiques,Expériences,Pratique et théorie,Intensif et régulier,Laboratoire,Sciences; Environnement; Recherche,En équipe,Être utile à la société,AEE,Chercheur,3.0
2026-08-17 14:05:42,Étudiant(e),G,Économie; Mathématiques; Gestion,Économie,Organiser; Être rigoureux; Calculer,Faire des calculs; Gérer; Analyser des données; Analyser des comptes,Problèmes financiers,Exercices,Théorie et pratique,Intensif et régulier,Bureau; Entreprise,Comptabilité; Audit,Seul ou en équipe,Les débouchés professionnels,FIC,Comptable,3.0
2026-08-23 16:54:04,Étudiant(e),S,SVT; Chimie; Physique,Mathématiques,Observer; Expérimenter; Analyser; Manipuler des outils ou équipements,Rechercher; Faire des expériences,Problèmes scientifiques et expérimentaux,Laboratoire,Pratique et théorie,Régulier,Laboratoire,Laboratoire; Industrie; Recherche,Seul ou en équipe,Aimer le domaine étudié,GCA,Assistant de recherche,4.0
2026-07-01 09:05:51,Étudiant(e),G,Histoire; Anglais,Anglais,Communiquer; Créer; Présenter,Présenter; Communiquer; Organiser des événements; Créer du contenu,Problèmes de communication,Présentations,Pratique et théorie,Intensif et régulier,Studio,Publicité; Communication; Médias; Événementiel,En équipe,Développer son réseau professionnel,TEH,Responsable communication,2.0
2026-08-23 08:32:41,Professionnel(le),A2,Anglais; Français; Histoire,Anglais,Communiquer; Créer,Communiquer; Présenter,Problèmes de communication,Présentations; Travaux de groupe,Pratique,Dynamique,Média; Studio,Médias; Communication; Publicité; Marketing,En équipe,Développer mes compétences relationnelles,PIP,Assistant de recherche,4.0
2026-08-17 07:12:10,Étudiant(e),G,Gestion; Mathématiques,Économie,Organiser; Analyser des données; Être rigoureux; Calculer,Faire des calculs; Gérer,Problèmes financiers,Travaux pratiques; Exercices,Théorie et pratique,Intensif et régulier,Bureau,Audit; Banque,Seul ou en équipe,La stabilité professionnelle,FIC,Auditeur,1.0
2026-07-29 09:39:28,Professionnel(le),A2,Histoire; Français; Anglais,Français; Anglais,Créer; Présenter,Organiser des événements; Créer du contenu; Présenter,Problèmes de communication,Travaux de groupe,Pratique,Intensif et régulier,Entreprise; Studio,Événementiel; Communication; Publicité; Médias,En équipe,Développer son réseau professionnel,AEE,Technicien agricole,5.0
2026-08-13 08:55:00,Étudiant(e),A2,Économie; Mathématiques; Français,Économie,Communiquer; Négocier,Communiquer; Négocier,Problèmes commerciaux,Simulations,Pratique et théorie,Intensif,Agence,Entrepreneuriat; Vente; Commerce; Marketing,En équipe,Les perspectives de carrière,IAA,Expert en qualité alimentaire,4.0
2026-08-19 10:07:59,Professionnel(le),G,Mathématiques; Gestion,Économie; Mathématiques,Organiser; Planifier,Planifier; Analyser un marché; Organiser; Gérer un projet,Problèmes économiques et organisationnels,Exercices pratiques,Pratique,Dynamique,Administration; Bureau,Entrepreneuriat; Gestion,En équipe,Les perspectives de carrière,EMP,Gestionnaire,1.0
2026-08-05 15:11:37,Professionnel(le),A1,Histoire; Philosophie,Histoire; Français,Analyser des textes; Argumenter,Faire des recherches; Débattre,Problèmes juridiques et sociaux,Lectures,Pratique et théorie,Régulier,Tribunal; Administration,Administration; Droits humains; Droit; Société,Seul ou en équipe,La reconnaissance du diplôme,DTJA,Conseiller juridique,3.0
2026-08-07 07:23:34,Étudiant(e),S,Informatique; Physique; Anglais,Informatique,Travailler avec des données; Utiliser des outils informatiques; Analyser des informations; Résoudre des problèmes logiques,Créer des applications; Automatiser des tâches,Problèmes logiques et techniques,Programmation,Pratique,Intensif et régulier,Télétravail; Startup,Programmation; Technologie,Seul ou en petite équipe,Les débouchés professionnels,IMTICIA,Développeur,1.0
2026-07-12 17:46:05,Professionnel(le),A1,Philosophie; Français,Philosophie,Argumenter; Communiquer; Rédiger,Lire des documents; Rédiger,Problèmes juridiques et sociaux,Lectures; Débats,Théorie,Régulier,Institution publique; Cabinet,Droit; Justice,Seul,La reconnaissance du diplôme,DTJA,Juriste,5.0
2026-07-24 13:29:13,Étudiant(e),S,Anglais; Informatique; Mathématiques,Mathématiques,Travailler avec des données; Utiliser des outils informatiques,Analyser des données; Créer des applications; Automatiser des tâches; Programmer,Problèmes logiques et techniques,Travaux dirigés; Programmation,Pratique,Régulier,Télétravail,Robotique; Programmation,Seul ou en petite équipe,Travailler dans un secteur innovant,ESIIA,Ingénieur IA,5.0
2026-07-08 12:11:14,Étudiant(e),S,Français; Économie; Mathématiques,Gestion,Organiser; Calculer,Planifier; Organiser; Gérer un projet; Analyser un marché,Problèmes économiques et organisationnels,Études de cas,Pratique,Régulier,Bureau,Économie; Management; Gestion; Entrepreneuriat,Seul ou en équipe,Les perspectives de carrière,IGGLIA,Développeur,1.0
2026-07-22 14:38:27,Étudiant(e),A2,Histoire; Anglais; Français,Français,Présenter; Communiquer; Rédiger,Présenter; Créer du contenu,Problèmes de communication,Présentations; Travaux de groupe,Pratique,Dynamique,Studio,Médias; Publicité,En équipe,Développer mes compétences relationnelles,AEE,Spécialiste en développement rural,3.0
2026-08-11 14:54:37,Étudiant(e),A1,Gestion; Mathématiques,Gestion; Économie,Calculer; Organiser; Analyser des données; Planifier,Analyser un marché; Gérer un projet; Planifier,Problèmes économiques et organisationnels,Projets,Pratique et théorie,Dynamique,Administration,Entrepreneuriat; Management; Gestion,En équipe,Les débouchés professionnels,EMP,Manager,2.0
2026-08-16 10:30:31,Étudiant(e),C,Mathématiques; Chimie; SVT,Physique; SVT,Observer; Analyser; Expérimenter; Résoudre des problèmes,Concevoir; Faire des expériences; Rechercher; Analyser,Problèmes scientifiques,Expériences; Recherche,Pratique et théorie,Régulier,Centre de recherche; Industrie,Technologie; Recherche,Seul ou en équipe,Être utile à la société,EMII,Chercheur,5.0
2026-07-03 08:10:01,Étudiant(e),G,Gestion; Mathématiques,Économie; Mathématiques,Être rigoureux; Analyser des données,Gérer; Analyser des comptes; Analyser des données; Faire des calculs,Problèmes financiers,Exercices; Travaux pratiques,Pratique et théorie,Régulier,Banque,Finance; Audit,Seul,Les perspectives de carrière,FIC,Gestionnaire,3.0
2026-08-04 08:14:26,Étudiant(e),G,Gestion; Mathématiques; Économie,Mathématiques; Économie,Analyser des données; Être rigoureux; Calculer; Organiser,Faire des calculs; Analyser des comptes,Problèmes financiers,Exercices; Travaux pratiques,Théorie et pratique,Régulier,Entreprise,Audit; Banque,Seul,La stabilité professionnelle,FIC,Analyste financier,5.0
2026-08-23 12:31:15,Étudiant(e),S,Physique; Anglais; Mathématiques,Mathématiques,Résoudre des problèmes logiques; Travailler avec des données; Utiliser des outils informatiques,Automatiser des tâches; Programmer,Problèmes logiques et techniques,Projets pratiques; Travaux dirigés,Pratique et théorie,Régulier,Startup,Robotique; Programmation; Data; Technologie,Seul ou en petite équipe,Les débouchés professionnels,ESIIA,Développeur logiciel,4.0
2026-08-02 14:18:41,Étudiant(e),S,Économie; Gestion; Mathématiques,Économie; Mathématiques,Être rigoureux; Calculer; Analyser des données,Analyser des données; Gérer,Problèmes financiers,Travaux pratiques,Théorie et pratique,Intensif et régulier,Entreprise; Cabinet,Finance; Gestion; Banque; Audit,Seul ou en équipe,Les débouchés professionnels,ISAIA,Chef de projet,1.0
2026-08-22 10:31:25,Étudiant(e),A1,Anglais; Histoire; Français,Français; Anglais,Présenter; Rédiger; Communiquer,Créer du contenu; Présenter,Problèmes de communication,Présentations; Travaux de groupe,Pratique et théorie,Intensif et régulier,Agence; Studio,Communication; Médias,En équipe,Développer son réseau professionnel,TEH,Responsable communication,3.0
2026-07-31 10:35:25,Étudiant(e),S,Mathématiques; Économie,Économie; Mathématiques,Organiser; Être rigoureux,Faire des calculs; Gérer; Analyser des comptes; Analyser des données,Problèmes financiers,Études de cas,Théorie et pratique,Intensif et régulier,Bureau,Audit; Comptabilité; Finance,Seul ou en équipe,La stabilité professionnelle,ISAIA,Data analyst,4.0
2026-07-09 07:28:00,Étudiant(e),S,Mathématiques; SVT,SVT; Mathématiques,Observer; Expérimenter; Analyser,Rechercher; Analyser des substances; Faire des expériences,Problèmes scientifiques et expérimentaux,Laboratoire,Pratique et théorie,Progressif,Centre de recherche; Laboratoire,Chimie; Environnement; Industrie; Laboratoire,Seul ou en équipe,Aimer le domaine étudié,ICMP,Technicien qualité,1.0
2026-08-16 13:22:27,Étudiant(e),D,Mathématiques; Chimie; SVT,Mathématiques,Expérimenter; Analyser; Manipuler des outils ou équipements; Observer,Analyser des substances; Rechercher; Faire des expériences,Problèmes scientifiques et expérimentaux,Expériences,Pratique,Régulier,Centre de recherche; Laboratoire,Chimie; Environnement,Seul ou en équipe,Acquérir une formation solide,ICMP,Chimiste,3.0
2026-07-02 15:39:05,Étudiant(e),C,Mathématiques; Chimie,Chimie,Expérimenter; Observer; Analyser; Manipuler des outils ou équipements,Analyser des substances; Mesurer,Problèmes scientifiques et expérimentaux,Laboratoire; Travaux pratiques,Pratique,Régulier,Laboratoire,Industrie; Laboratoire; Chimie; Environnement,En équipe,La pratique professionnelle,ICMP,Technicien qualité,5.0
2026-08-05 10:54:43,Étudiant(e),C,Mathématiques; Physique,SVT; Physique,Expérimenter; Manipuler des outils ou équipements; Analyser,Rechercher; Faire des expériences; Mesurer; Analyser des substances,Problèmes scientifiques et expérimentaux,Expériences,Pratique et théorie,Régulier,Industrie; Centre de recherche,Industrie; Recherche; Environnement; Laboratoire,Seul ou en équipe,Acquérir une formation solide,IAA,Technicien qualité,1.0
2026-07-04 17:17:50,Étudiant(e),A1,Histoire; Anglais,Français; Anglais,Créer; Rédiger; Présenter; Communiquer,Communiquer; Organiser des événements; Créer du contenu,Problèmes de communication,Travaux de groupe; Projets,Pratique,Intensif et régulier,Entreprise; Studio,Communication; Marketing,En équipe,La possibilité d'évoluer professionnellement,TEE,Responsable communication,5.0
2026-08-20 15:36:32,Professionnel(le),G,Français; Mathématiques,Économie; Français,Négocier; Analyser; Organiser,Faire du commerce; Négocier,Problèmes commerciaux,Projets; Simulations,Pratique et théorie,Dynamique,Commerce; Entreprise,Vente; Marketing; Entrepreneuriat; Commerce,En équipe,Les débouchés professionnels,CAA,Commercial,4.0
2026-08-03 07:24:51,Professionnel(le),S,Chimie; SVT; Mathématiques,SVT; Mathématiques,Résoudre des problèmes; Analyser; Expérimenter; Observer,Faire des expériences; Concevoir,Problèmes scientifiques,Recherche,Pratique et théorie,Régulier,Centre de recherche,Environnement; Technologie; Recherche,En équipe,Acquérir une formation solide,ESIIA,Assistant de recherche,2.0
2026-07-26 07:51:40,Professionnel(le),C,SVT; Physique,Mathématiques,Résoudre des problèmes; Expérimenter; Analyser,Concevoir; Faire des expériences; Rechercher; Analyser,Problèmes scientifiques,Recherche,Pratique et théorie,Régulier,Industrie,Sciences; Environnement; Technologie,Seul ou en équipe,Acquérir une formation solide,IMTICIA,Chercheur,4.0
2026-08-17 08:12:50,Étudiant(e),A1,Histoire; Anglais; Français,Français; Anglais,Communiquer; Présenter; Rédiger; Créer,Créer du contenu; Présenter; Organiser des événements,Problèmes de communication,Travaux de groupe; Présentations,Pratique,Dynamique,Studio,Communication; Marketing; Événementiel; Publicité,En équipe,La possibilité d'évoluer professionnellement,TEH,Community manager,2.0
2026-08-03 07:39:59,Étudiant(e),S,Chimie; SVT; Physique,Physique; SVT,Résoudre des problèmes; Analyser; Observer; Expérimenter,Faire des expériences; Analyser; Concevoir,Problèmes scientifiques,Expériences; Recherche,Pratique et théorie,Régulier,Laboratoire; Centre de recherche,Sciences; Recherche; Environnement,En équipe,Être utile à la société,GCA,Assistant de recherche,5.0
2026-07-13 17:31:29,Professionnel(le),S,Français; Mathématiques; Gestion,Gestion,Calculer; Organiser,Analyser un marché; Planifier,Problèmes économiques et organisationnels,Projets,Pratique et théorie,Régulier,Entreprise; Bureau,Management; Entrepreneuriat; Économie; Gestion,Seul ou en équipe,Les perspectives de carrière,GCA,Manager,5.0
2026-08-07 09:22:31,Étudiant(e),S,Mathématiques; Économie; Gestion,Mathématiques,Calculer; Analyser des données; Être rigoureux; Organiser,Gérer; Analyser des comptes; Analyser des données; Faire des calculs,Problèmes financiers,Exercices; Travaux pratiques,Pratique et théorie,Régulier,Bureau; Cabinet,Banque; Comptabilité; Finance,Seul,Les perspectives de carrière,IGGLIA,Data analyst,3.0
2026-07-28 08:55:29,Professionnel(le),S,SVT; Mathématiques,Chimie; Physique,Manipuler des outils ou équipements; Expérimenter; Analyser; Observer,Rechercher; Mesurer,Problèmes scientifiques et expérimentaux,Laboratoire,Pratique,Régulier,Centre de recherche; Laboratoire,Chimie; Environnement; Industrie; Recherche,En équipe,Acquérir une formation solide,ICMP,Technicien de laboratoire,4.0
2026-08-17 09:11:12,Professionnel(le),S,Gestion; Mathématiques,Mathématiques,Calculer; Planifier; Organiser,Planifier; Organiser,Problèmes économiques et organisationnels,Exercices pratiques; Études de cas,Pratique et théorie,Régulier,Entreprise,Management; Économie; Entrepreneuriat; Gestion,En équipe,Les perspectives de carrière,EMII,Chef de projet,4.0
2026-07-14 08:05:59,Étudiant(e),G,Gestion; Mathématiques,Économie,Analyser des données; Organiser; Être rigoureux,Faire des calculs; Analyser des données; Analyser des comptes,Problèmes financiers,Études de cas; Exercices,Pratique et théorie,Régulier,Entreprise,Comptabilité; Audit; Gestion; Finance,Seul,Les débouchés professionnels,FIC,Contrôleur de gestion,4.0
2026-07-14 13:39:38,Étudiant(e),S,SVT; Mathématiques,Mathématiques,Observer; Analyser; Expérimenter,Rechercher; Analyser; Faire des expériences,Problèmes scientifiques,Travaux pratiques,Pratique et théorie,Régulier,Laboratoire,Technologie; Sciences; Recherche,Seul ou en équipe,Être utile à la société,EMII,Assistant de recherche,1.0
2026-07-25 09:21:37,Professionnel(le),A1,Anglais; Français,Anglais; Français,Créer; Présenter,Présenter; Communiquer,Problèmes de communication,Travaux de groupe; Projets,Pratique et théorie,Dynamique,Média; Studio,Publicité; Marketing; Communication,En équipe,La possibilité d'évoluer professionnellement,TEE,Chargé de communication,4.0
2026-08-06 10:08:06,Professionnel(le),D,SVT; Mathématiques; Physique,SVT,Analyser; Observer; Résoudre des problèmes,Rechercher; Faire des expériences; Concevoir,Problèmes scientifiques,Travaux pratiques; Recherche,Pratique et théorie,Régulier,Centre de recherche; Industrie,Technologie; Recherche; Environnement; Sciences,Seul ou en équipe,Être utile à la société,AEE,Assistant de recherche,3.0
2026-08-06 17:26:53,Étudiant(e),G,Économie; Gestion,Économie,Être rigoureux; Organiser; Analyser des données; Calculer,Analyser des comptes; Analyser des données; Gérer,Problèmes financiers,Exercices; Travaux pratiques,Théorie et pratique,Intensif et régulier,Entreprise,Finance; Comptabilité; Gestion; Banque,Seul ou en équipe,Les débouchés professionnels,FIC,Contrôleur de gestion,3.0
2026-07-04 10:52:06,Étudiant(e),D,Chimie; SVT,Physique; Mathématiques,Résoudre des problèmes; Observer,Analyser; Faire des expériences; Concevoir; Rechercher,Problèmes scientifiques,Travaux pratiques; Expériences,Pratique et théorie,Régulier,Laboratoire,Environnement; Recherche; Sciences; Technologie,En équipe,Acquérir une formation solide,GCA,Chercheur,1.0
2026-07-31 09:31:26,Étudiant(e),C,SVT; Physique; Mathématiques,Mathématiques,Analyser; Observer; Expérimenter; Manipuler des outils ou équipements,Mesurer; Faire des expériences,Problèmes scientifiques et expérimentaux,Laboratoire,Pratique,Régulier,Centre de recherche; Laboratoire,Chimie; Recherche,En équipe,La pratique professionnelle,EMII,Chercheur,4.0
2026-08-02 10:48:12,Étudiant(e),G,Gestion; Français,Économie; Gestion,Analyser des données; Planifier; Calculer; Organiser,Organiser; Planifier; Gérer un projet,Problèmes économiques et organisationnels,Études de cas,Pratique et théorie,Dynamique,Bureau; Entreprise,Économie; Entrepreneuriat,En équipe,Créer mon entreprise,EMP,Business developer,2.0
2026-08-10 08:04:01,Professionnel(le),S,Chimie; Mathématiques,Physique,Résoudre des problèmes; Expérimenter,Analyser; Rechercher; Faire des expériences; Concevoir,Problèmes scientifiques,Recherche; Expériences,Pratique et théorie,Intensif et régulier,Laboratoire,Sciences; Technologie; Recherche,En équipe,Acquérir une formation solide,ESIIA,Ingénieur,3.0
2026-07-14 11:19:00,Professionnel(le),A1,Anglais; Histoire,Français,Argumenter; Rédiger,Faire des recherches; Débattre,Problèmes juridiques et sociaux,Lectures,Pratique et théorie,Calme et régulier,Cabinet; Institution publique,Droits humains; Droit; Société,Seul ou en équipe,La reconnaissance du diplôme,DTJA,Avocat,1.0
2026-08-25 07:40:56,Étudiant(e),G,Économie; Français,Économie,Communiquer; Analyser; Organiser,Faire du commerce; Communiquer; Négocier,Problèmes commerciaux,Projets; Études de cas,Pratique,Dynamique,Entreprise; Agence,Vente; Commerce,En équipe,Créer mon entreprise,CAA,Commercial,2.0
2026-08-07 13:01:59,Étudiant(e),S,SVT; Chimie,Physique; Mathématiques,Résoudre des problèmes; Expérimenter; Observer,Faire des expériences; Rechercher; Concevoir; Analyser,Problèmes scientifiques,Expériences,Pratique et théorie,Intensif et régulier,Industrie,Technologie; Sciences; Recherche,Seul ou en équipe,Acquérir une formation solide,EMII,Assistant de recherche,1.0
2026-07-16 12:06:56,Professionnel(le),C,SVT; Chimie; Physique,Mathématiques; SVT,Résoudre des problèmes; Expérimenter; Observer; Analyser,Concevoir; Rechercher; Analyser; Faire des expériences,Problèmes scientifiques,Recherche,Pratique et théorie,Régulier,Laboratoire,Technologie; Sciences,En équipe,Acquérir une formation solide,EMII,Chercheur,4.0
2026-07-22 09:15:41,Professionnel(le),S,Gestion; Économie; Mathématiques,Mathématiques,Calculer; Analyser des données; Organiser,Faire des calculs; Analyser des comptes,Problèmes financiers,Études de cas; Travaux pratiques,Théorie et pratique,Régulier,Banque; Entreprise,Gestion; Comptabilité; Finance; Audit,Seul ou en équipe,La stabilité professionnelle,EMII,Manager,2.0
2026-08-25 16:12:41,Étudiant(e),A1,Français; Philosophie; Anglais,Philosophie; Français,Rédiger; Communiquer; Argumenter; Analyser des textes,Faire des recherches; Débattre; Lire des documents,Problèmes juridiques et sociaux,Études de cas,Théorie,Calme et régulier,Administration; Cabinet,Justice; Droit,Seul ou en équipe,La stabilité professionnelle,DTJA,Assistant juridique,1.0
2026-07-31 10:55:44,Étudiant(e),S,Mathématiques; Anglais,Mathématiques; Informatique,Analyser des informations; Résoudre des problèmes logiques; Travailler avec des données,Créer des applications; Automatiser des tâches; Analyser des données; Programmer,Problèmes logiques et techniques,Travaux dirigés,Pratique,Régulier,Bureau; Entreprise,Robotique; Data; Intelligence artificielle; Programmation,En équipe,Les débouchés professionnels,IGGLIA,Data scientifique,3.0
2026-07-24 13:03:28,Professionnel(le),C,Mathématiques; SVT; Chimie,SVT; Mathématiques,Observer; Analyser; Manipuler des outils ou équipements,Mesurer; Analyser des substances; Faire des expériences; Rechercher,Problèmes scientifiques et expérimentaux,Travaux pratiques; Laboratoire,Pratique et théorie,Progressif,Laboratoire,Industrie; Chimie; Environnement,En équipe,La pratique professionnelle,ICMP,Technicien qualité,4.0
2026-07-18 08:09:42,Étudiant(e),S,Mathématiques; Anglais,Mathématiques,Utiliser des outils informatiques; Résoudre des problèmes logiques,Créer des applications; Automatiser des tâches; Programmer,Problèmes logiques et techniques,Travaux dirigés; Programmation,Pratique,Régulier,Startup; Bureau,Programmation; Technologie,Seul ou en petite équipe,Travailler dans un secteur innovant,ISAIA,Développeur,1.0
2026-08-08 16:06:25,Étudiant(e),A2,Français; Économie; Mathématiques,Français,Organiser; Négocier; Communiquer; Analyser,Faire du commerce; Analyser un marché; Négocier; Communiquer,Problèmes commerciaux,Études de cas,Pratique et théorie,Dynamique,Entreprise,Entrepreneuriat; Commerce; Marketing,En équipe,Les débouchés professionnels,AEE,Technicien agricole,5.0
2026-07-18 12:40:15,Étudiant(e),S,Mathématiques; Gestion; Économie,Mathématiques; Économie,Calculer; Analyser des données; Être rigoureux,Analyser des comptes; Gérer,Problèmes financiers,Exercices; Travaux pratiques,Théorie et pratique,Régulier,Cabinet,Finance; Banque; Audit,Seul,Les débouchés professionnels,IGGLIA,Technicien,5.0
2026-08-19 15:56:46,Professionnel(le),A1,Histoire; Philosophie,Français; Histoire,Analyser des textes; Rédiger; Communiquer,Rédiger; Débattre; Lire des documents; Faire des recherches,Problèmes juridiques et sociaux,Lectures,Théorie,Régulier,Cabinet; Administration,Droits humains; Justice; Droit,Seul,La reconnaissance du diplôme,DTJA,Conseiller juridique,5.0
2026-07-22 08:11:14,Étudiant(e),A1,Français; Histoire; Anglais,Français,Rédiger; Argumenter; Analyser des textes; Communiquer,Rédiger; Débattre,Problèmes juridiques et sociaux,Lectures,Pratique et théorie,Calme et régulier,Cabinet; Administration,Droits humains; Justice,Seul ou en équipe,Aimer le domaine étudié,DTJA,Avocat,1.0
2026-07-03 07:31:40,Professionnel(le),S,Physique; Informatique,Mathématiques,Résoudre des problèmes logiques; Travailler avec des données,Programmer; Analyser des données,Problèmes logiques et techniques,Travaux dirigés,Pratique et théorie,Régulier,Bureau,Programmation; Technologie; Data; Intelligence artificielle,En équipe,Les débouchés professionnels,ISAIA,Ingénieur IA,4.0
2026-08-06 15:25:57,Professionnel(le),S,Gestion; Économie,Économie; Mathématiques,Être rigoureux; Organiser; Analyser des données; Calculer,Analyser des données; Analyser des comptes; Faire des calculs,Problèmes financiers,Études de cas,Pratique et théorie,Régulier,Cabinet,Finance; Gestion; Audit; Comptabilité,Seul ou en équipe,Les perspectives de carrière,IGGLIA,Chef de projet,5.0
2026-07-27 09:42:36,Étudiant(e),A1,Mathématiques; Français,Économie; Français,Organiser; Négocier; Analyser; Communiquer,Faire du commerce; Négocier; Communiquer,Problèmes commerciaux,Études de cas,Pratique,Dynamique,Commerce; Agence,Marketing; Entrepreneuriat; Commerce,En équipe,Les perspectives de carrière,TEE,Responsable marketing,5.0
2026-07-08 07:55:32,Professionnel(le),S,Mathématiques; Informatique,Mathématiques; Informatique,Travailler avec des données; Résoudre des problèmes logiques,Programmer; Automatiser des tâches; Créer des applications,Problèmes logiques et techniques,Travaux dirigés; Projets pratiques,Pratique et théorie,Régulier,Startup; Télétravail,Data; Intelligence artificielle; Programmation; Robotique,Seul ou en petite équipe,Travailler dans un secteur innovant,IGGLIA,Ingénieur IA,5.0
2026-08-06 14:13:31,Professionnel(le),G,Français; Mathématiques; Économie,Gestion,Planifier; Organiser,Gérer un projet; Analyser un marché; Organiser; Planifier,Problèmes économiques et organisationnels,Exercices pratiques,Pratique,Dynamique,Administration,Management; Économie; Entrepreneuriat,Seul ou en équipe,Les perspectives de carrière,EMP,Gestionnaire,3.0
2026-07-28 10:58:17,Étudiant(e),A1,Gestion; Économie,Mathématiques,Calculer; Organiser; Planifier,Organiser; Analyser un marché; Gérer un projet; Planifier,Problèmes économiques et organisationnels,Projets; Études de cas,Pratique et théorie,Dynamique,Bureau,Entrepreneuriat; Gestion; Management,Seul ou en équipe,Les perspectives de carrière,EMP,Chef de projet,3.0
2026-08-07 09:35:10,Étudiant(e),S,Physique; Anglais; Mathématiques,Mathématiques; Informatique,Analyser des informations; Travailler avec des données,Analyser des données; Automatiser des tâches,Problèmes logiques et techniques,Projets pratiques,Pratique et théorie,Régulier,Startup; Bureau,Robotique; Intelligence artificielle; Data; Programmation,Seul ou en petite équipe,Travailler dans un secteur innovant,ISAIA,Ingénieur IA,2.0
2026-08-24 13:49:49,Étudiant(e),D,Mathématiques; Chimie,SVT; Mathématiques,Expérimenter; Observer; Manipuler des outils ou équipements,Analyser des substances; Rechercher; Mesurer; Faire des expériences,Problèmes scientifiques et expérimentaux,Laboratoire; Expériences,Pratique,Progressif,Centre de recherche,Environnement; Recherche,Seul ou en équipe,Acquérir une formation solide,AEE,Ingénieur agronome,4.0
2026-07-09 11:16:25,Étudiant(e),S,Mathématiques; Anglais,Informatique,Travailler avec des données; Résoudre des problèmes logiques; Analyser des informations,Programmer; Analyser des données; Automatiser des tâches,Problèmes logiques et techniques,Travaux dirigés; Programmation,Pratique,Régulier,Startup; Bureau,Technologie; Intelligence artificielle; Data; Programmation,Seul ou en petite équipe,Les débouchés professionnels,IGGLIA,Data scientifique,3.0
2026-08-05 08:23:51,Professionnel(le),S,Physique; Anglais; Mathématiques,Informatique,Analyser des informations; Résoudre des problèmes logiques; Travailler avec des données,Créer des applications; Automatiser des tâches; Analyser des données,Problèmes logiques et techniques,Projets pratiques,Pratique et théorie,Régulier,Entreprise,Technologie; Intelligence artificielle; Programmation,En équipe,Les débouchés professionnels,ISAIA,Ingénieur IA,5.0
2026-07-16 13:59:20,Étudiant(e),G,Économie; Gestion; Mathématiques,Mathématiques; Économie,Organiser; Être rigoureux,Gérer; Analyser des comptes; Faire des calculs; Analyser des données,Problèmes financiers,Études de cas,Pratique et théorie,Intensif et régulier,Cabinet; Entreprise,Banque; Finance,Seul ou en équipe,Les débouchés professionnels,FIC,Gestionnaire,4.0
2026-07-09 17:47:27,Étudiant(e),S,Mathématiques; Anglais; Informatique,Informatique; Mathématiques,Résoudre des problèmes logiques; Utiliser des outils informatiques; Travailler avec des données; Analyser des informations,Automatiser des tâches; Créer des applications; Analyser des données; Programmer,Problèmes logiques et techniques,Programmation; Travaux dirigés,Pratique,Régulier,Startup,Data; Intelligence artificielle; Technologie,En équipe,Travailler dans un secteur innovant,IGGLIA,Technicien informatique,5.0
2026-08-13 16:56:00,Professionnel(le),S,SVT; Physique; Mathématiques,SVT; Chimie,Manipuler des outils ou équipements; Expérimenter; Observer; Analyser,Mesurer; Rechercher; Faire des expériences,Problèmes scientifiques et expérimentaux,Travaux pratiques,Pratique,Progressif,Industrie; Centre de recherche,Laboratoire; Chimie; Industrie; Recherche,En équipe,La pratique professionnelle,PIP,Technicien qualité,4.0
2026-07-12 08:33:53,Étudiant(e),G,Français; Économie,Économie,Communiquer; Organiser; Négocier; Analyser,Analyser un marché; Négocier; Communiquer,Problèmes commerciaux,Simulations,Pratique,Dynamique,Entreprise,Marketing; Entrepreneuriat,En équipe,Créer mon entreprise,TEE,Chargé marketing,4.0
2026-08-02 15:07:42,Étudiant(e),S,Gestion; Mathématiques,Mathématiques; Économie,Analyser des données; Organiser; Calculer; Être rigoureux,Gérer; Analyser des comptes; Faire des calculs; Analyser des données,Problèmes financiers,Exercices; Travaux pratiques,Théorie et pratique,Régulier,Entreprise,Audit; Banque; Comptabilité; Gestion,Seul ou en équipe,Les débouchés professionnels,IGGLIA,Chef de projet,3.0
2026-08-17 15:08:49,Étudiant(e),A1,Anglais; Français,Français,Communiquer; Présenter; Créer; Rédiger,Communiquer; Organiser des événements; Présenter; Créer du contenu,Problèmes de communication,Présentations,Pratique,Dynamique,Agence,Publicité; Marketing; Médias,En équipe,Développer mes compétences relationnelles,TEH,Responsable marketing,3.0
2026-08-19 16:47:36,Professionnel(le),S,Mathématiques; Physique,Mathématiques,Utiliser des outils informatiques; Travailler avec des données; Analyser des informations,Créer des applications; Analyser des données,Problèmes logiques et techniques,Travaux dirigés; Programmation,Pratique et théorie,Intensif et régulier,Bureau,Technologie; Intelligence artificielle; Programmation; Data,Seul ou en petite équipe,Développer des compétences professionnelles,ISAIA,Développeur logiciel,3.0
2026-08-15 12:17:41,Professionnel(le),G,Français; Mathématiques; Économie,Français; Économie,Analyser; Communiquer; Organiser,Négocier; Analyser un marché,Problèmes commerciaux,Projets,Pratique,Intensif,Commerce,Marketing; Commerce; Entrepreneuriat; Vente,En équipe,Les perspectives de carrière,CAA,Responsable marketing,5.0
2026-07-16 09:45:20,Étudiant(e),D,Mathématiques; Chimie; Physique,Physique,Analyser; Résoudre des problèmes; Observer; Expérimenter,Rechercher; Analyser; Faire des expériences,Problèmes scientifiques,Expériences,Pratique et théorie,Régulier,Centre de recherche,Recherche; Technologie; Environnement,Seul ou en équipe,Acquérir une formation solide,IMTICIA,Ingénieur IA,5.0
2026-08-04 11:31:31,Étudiant(e),C,Chimie; Physique; Mathématiques,Physique; SVT,Analyser; Observer,Analyser; Rechercher; Faire des expériences,Problèmes scientifiques,Expériences; Recherche,Pratique et théorie,Régulier,Industrie; Laboratoire,Technologie; Environnement; Recherche; Sciences,En équipe,Acquérir une formation solide,EMII,Assistant de recherche,5.0
2026-07-29 11:43:41,Professionnel(le),A2,Français; Histoire; Anglais,Français; Anglais,Rédiger; Présenter; Créer,Communiquer; Créer du contenu,Problèmes de communication,Projets,Pratique,Dynamique,Entreprise; Média,Médias; Publicité; Marketing; Événementiel,En équipe,Développer son réseau professionnel,IAA,Technicien de laboratoire,2.0
2026-08-24 11:22:57,Étudiant(e),G,Mathématiques; Gestion,Économie; Mathématiques,Organiser; Analyser des données; Être rigoureux,Analyser des données; Analyser des comptes,Problèmes financiers,Exercices; Travaux pratiques,Pratique et théorie,Intensif et régulier,Cabinet,Finance; Banque,Seul ou en équipe,La stabilité professionnelle,FIC,Analyste financier,4.0
2026-08-21 15:44:39,Étudiant(e),A2,Philosophie; Français,Philosophie; Histoire,Analyser des textes; Rédiger; Argumenter,Faire des recherches; Débattre; Rédiger; Lire des documents,Problèmes juridiques et sociaux,Études de cas,Théorie,Régulier,Institution publique,Droits humains; Justice; Société,Seul,Aimer le domaine étudié,AEE,Spécialiste en développement rural,4.0
2026-08-19 14:18:19,Étudiant(e),S,Mathématiques; Gestion; Économie,Mathématiques,Analyser des données; Être rigoureux; Calculer,Faire des calculs; Analyser des comptes; Gérer,Problèmes financiers,Exercices; Travaux pratiques,Théorie et pratique,Régulier,Entreprise,Banque; Finance; Audit,Seul ou en équipe,La stabilité professionnelle,EMII,Ingénieur,4.0
2026-07-03 07:03:57,Étudiant(e),S,Mathématiques; Gestion,Économie,Analyser des données; Être rigoureux,Gérer; Analyser des données,Problèmes financiers,Exercices,Pratique et théorie,Régulier,Banque; Cabinet,Banque; Audit; Comptabilité,Seul ou en équipe,Les perspectives de carrière,EMII,Chercheur,5.0
2026-08-19 17:26:35,Professionnel(le),S,Économie; Mathématiques; Gestion,Mathématiques,Planifier; Organiser; Analyser des données; Calculer,Planifier; Organiser,Problèmes économiques et organisationnels,Études de cas; Projets,Pratique et théorie,Dynamique,Administration,Management; Économie; Gestion; Entrepreneuriat,En équipe,Les débouchés professionnels,GCA,Chef de projet,4.0
2026-07-22 13:23:08,Étudiant(e),S,Français; Mathématiques; Gestion,Économie; Gestion,Planifier; Organiser,Analyser un marché; Organiser; Gérer un projet; Planifier,Problèmes économiques et organisationnels,Projets,Pratique,Dynamique,Administration,Management; Économie; Entrepreneuriat; Gestion,En équipe,Créer mon entreprise,IGGLIA,Chef de projet,1.0
2026-07-21 11:41:31,Professionnel(le),S,Économie; Gestion,Mathématiques,Être rigoureux; Calculer,Faire des calculs; Analyser des données,Problèmes financiers,Exercices; Études de cas,Théorie et pratique,Intensif et régulier,Cabinet,Gestion; Banque; Audit,Seul ou en équipe,Les débouchés professionnels,EMII,Manager,4.0
2026-08-03 11:29:17,Étudiant(e),S,Gestion; Économie,Mathématiques; Gestion,Organiser; Planifier; Calculer,Gérer un projet; Analyser un marché,Problèmes économiques et organisationnels,Études de cas,Pratique,Régulier,Administration,Gestion; Entrepreneuriat; Économie; Management,Seul ou en équipe,Les débouchés professionnels,EMII,Manager,5.0
2026-08-15 17:51:42,Professionnel(le),A2,Français; Économie; Mathématiques,Français,Négocier; Communiquer,Communiquer; Négocier,Problèmes commerciaux,Projets; Simulations,Pratique,Intensif,Entreprise,Marketing; Entrepreneuriat; Vente,En équipe,Les débouchés professionnels,IAA,Technicien de laboratoire,3.0
2026-08-17 17:58:39,Étudiant(e),D,Mathématiques; SVT; Chimie,Physique; Mathématiques,Observer; Analyser; Manipuler des outils ou équipements,Rechercher; Analyser des substances; Mesurer; Faire des expériences,Problèmes scientifiques et expérimentaux,Travaux pratiques; Laboratoire,Pratique,Régulier,Laboratoire,Laboratoire; Industrie; Chimie; Environnement,En équipe,Aimer le domaine étudié,ICMP,Technicien qualité,4.0
2026-07-26 13:51:09,Professionnel(le),S,Français; Gestion; Économie,Gestion,Organiser; Analyser des données; Calculer; Planifier,Organiser; Analyser un marché,Problèmes économiques et organisationnels,Études de cas,Pratique et théorie,Dynamique,Administration; Entreprise,Entrepreneuriat; Management; Gestion; Économie,En équipe,Créer mon entreprise,IMTICIA,Chef de projet,4.0
2026-08-07 09:12:17,Étudiant(e),C,SVT; Chimie,SVT; Physique,Analyser; Résoudre des problèmes; Observer; Expérimenter,Concevoir; Analyser,Problèmes scientifiques,Expériences,Pratique et théorie,Intensif et régulier,Industrie,Environnement; Technologie,En équipe,Être utile à la société,IMTICIA,Ingénieur logiciel,2.0
2026-08-22 11:17:26,Étudiant(e),C,Physique; Chimie,Physique,Expérimenter; Analyser,Rechercher; Mesurer,Problèmes scientifiques et expérimentaux,Laboratoire; Travaux pratiques,Pratique et théorie,Régulier,Centre de recherche; Laboratoire,Environnement; Chimie; Recherche,En équipe,La pratique professionnelle,GCA,Assistant de recherche,3.0
2026-07-04 07:49:00,Étudiant(e),A2,Économie; Mathématiques; Français,Français; Économie,Communiquer; Organiser,Communiquer; Négocier,Problèmes commerciaux,Projets; Simulations,Pratique et théorie,Dynamique,Agence,Vente; Entrepreneuriat; Commerce; Marketing,En équipe,Créer mon entreprise,PIP,Technicien en pharmacie,3.0
2026-07-29 15:36:15,Étudiant(e),S,Anglais; Physique,Informatique,Analyser des informations; Résoudre des problèmes logiques,Programmer; Automatiser des tâches; Analyser des données; Créer des applications,Problèmes logiques et techniques,Projets pratiques,Pratique,Intensif et régulier,Télétravail; Startup,Robotique; Programmation; Data; Intelligence artificielle,Seul ou en petite équipe,Les débouchés professionnels,IGGLIA,Analyste cyber-sécurité,4.0
2026-07-06 10:02:38,Étudiant(e),G,Français; Anglais; Histoire,Anglais; Français,Présenter; Communiquer; Créer; Rédiger,Communiquer; Créer du contenu,Problèmes de communication,Travaux de groupe; Projets,Pratique et théorie,Intensif et régulier,Studio; Média,Communication; Publicité; Événementiel; Médias,En équipe,Développer mes compétences relationnelles,TEH,Community manager,4.0
2026-08-09 13:08:14,Étudiant(e),S,Gestion; Mathématiques,Économie,Analyser des données; Calculer,Gérer un projet; Organiser; Analyser un marché,Problèmes économiques et organisationnels,Projets; Études de cas,Pratique et théorie,Régulier,Bureau,Management; Gestion,Seul ou en équipe,Les débouchés professionnels,GCA,Chef de projet,1.0
2026-07-30 15:04:36,Étudiant(e),S,Informatique; Mathématiques; Physique,Mathématiques,Analyser des informations; Travailler avec des données,Automatiser des tâches; Créer des applications,Problèmes logiques et techniques,Travaux dirigés; Programmation,Pratique,Régulier,Télétravail,Intelligence artificielle; Technologie; Robotique; Programmation,En équipe,Les débouchés professionnels,ESIIA,Développeur full-stack,2.0
2026-07-15 07:01:24,Professionnel(le),C,Mathématiques; Physique; Chimie,Physique,Expérimenter; Observer; Analyser; Résoudre des problèmes,Analyser; Faire des expériences; Rechercher,Problèmes scientifiques,Expériences,Pratique et théorie,Intensif et régulier,Laboratoire; Industrie,Sciences; Technologie; Recherche; Environnement,Seul ou en équipe,Être utile à la société,EMII,Technicien,4.0
2026-08-11 17:54:44,Étudiant(e),S,Anglais; Physique,Mathématiques; Informatique,Travailler avec des données; Résoudre des problèmes logiques,Analyser des données; Automatiser des tâches,Problèmes logiques et techniques,Programmation; Projets pratiques,Pratique et théorie,Régulier,Startup,Data; Technologie; Robotique,Seul ou en petite équipe,Les débouchés professionnels,ESIIA,Ingénieur IA,2.0
2026-07-22 12:44:25,Étudiant(e),S,Chimie; Physique; Mathématiques,Mathématiques; SVT,Résoudre des problèmes; Analyser; Observer; Expérimenter,Concevoir; Rechercher; Faire des expériences,Problèmes scientifiques,Expériences; Recherche,Pratique et théorie,Régulier,Laboratoire; Centre de recherche,Technologie; Sciences; Recherche,En équipe,Acquérir une formation solide,AEE,Biologiste,4.0
2026-07-11 10:14:30,Étudiant(e),D,SVT; Physique; Chimie,Physique; SVT,Observer; Expérimenter; Résoudre des problèmes,Concevoir; Analyser,Problèmes scientifiques,Expériences,Pratique et théorie,Intensif et régulier,Centre de recherche; Industrie,Technologie; Recherche,En équipe,Être utile à la société,IMTICIA,Chercheur,2.0
2026-07-21 14:58:09,Étudiant(e),S,Mathématiques; Informatique; Physique,Informatique,Travailler avec des données; Analyser des informations,Automatiser des tâches; Programmer,Problèmes logiques et techniques,Travaux dirigés; Projets pratiques,Pratique,Intensif et régulier,Startup,Data; Intelligence artificielle; Programmation,Seul ou en petite équipe,Travailler dans un secteur innovant,ISAIA,Data scientifique,4.0
2026-07-05 07:57:39,Professionnel(le),S,Mathématiques; Chimie; Physique,Mathématiques; Physique,Analyser; Observer; Manipuler des outils ou équipements,Faire des expériences; Mesurer; Rechercher; Analyser des substances,Problèmes scientifiques et expérimentaux,Laboratoire; Expériences,Pratique,Progressif,Laboratoire,Recherche; Environnement; Laboratoire,Seul ou en équipe,Aimer le domaine étudié,ICMP,Chimiste,4.0
2026-07-12 08:21:36,Professionnel(le),C,Chimie; Mathématiques,Chimie; Mathématiques,Manipuler des outils ou équipements; Observer,Faire des expériences; Mesurer; Rechercher,Problèmes scientifiques et expérimentaux,Laboratoire,Pratique,Progressif,Industrie; Laboratoire,Recherche; Industrie; Environnement,En équipe,Aimer le domaine étudié,ICMP,Technicien de laboratoire,5.0
2026-08-13 09:31:23,Professionnel(le),A2,Histoire; Anglais,Français; Philosophie,Rédiger; Argumenter,Faire des recherches; Débattre; Rédiger; Lire des documents,Problèmes juridiques et sociaux,Débats,Pratique et théorie,Calme et régulier,Institution publique,Droits humains; Administration; Droit,Seul,La reconnaissance du diplôme,IAA,Technicien agricole,4.0
2026-08-04 09:24:11,Étudiant(e),S,Informatique; Mathématiques,Mathématiques; Informatique,Utiliser des outils informatiques; Travailler avec des données,Analyser des données; Créer des applications; Programmer; Automatiser des tâches,Problèmes logiques et techniques,Programmation; Travaux dirigés,Pratique et théorie,Régulier,Startup,Technologie; Intelligence artificielle,Seul ou en petite équipe,Développer des compétences professionnelles,IGGLIA,Technicien informatique,5.0
2026-08-04 12:13:01,Étudiant(e),D,Mathématiques; Physique,Chimie,Manipuler des outils ou équipements; Analyser; Observer; Expérimenter,Rechercher; Mesurer,Problèmes scientifiques et expérimentaux,Expériences,Pratique,Régulier,Laboratoire; Industrie,Chimie; Industrie; Laboratoire,Seul ou en équipe,La pratique professionnelle,GCA,Technicien,1.0
2026-07-18 07:22:19,Professionnel(le),G,Français; Économie; Mathématiques,Économie; Français,Organiser; Négocier; Analyser; Communiquer,Analyser un marché; Négocier; Communiquer; Faire du commerce,Problèmes commerciaux,Simulations; Projets,Pratique et théorie,Dynamique,Entreprise; Agence,Vente; Entrepreneuriat; Commerce,En équipe,Les débouchés professionnels,CAA,Chargé marketing,1.0
2026-08-11 16:27:58,Professionnel(le),C,Mathématiques; Chimie,Mathématiques,Manipuler des outils ou équipements; Expérimenter; Analyser,Mesurer; Faire des expériences; Rechercher; Analyser des substances,Problèmes scientifiques et expérimentaux,Travaux pratiques; Laboratoire,Pratique et théorie,Régulier,Centre de recherche,Laboratoire; Chimie; Recherche,En équipe,Acquérir une formation solide,IAA,Technicien de laboratoire,4.0
2026-07-01 13:37:30,Étudiant(e),A2,Français; Anglais,Anglais; Français,Rédiger; Présenter; Communiquer; Créer,Créer du contenu; Communiquer; Présenter,Problèmes de communication,Projets,Pratique et théorie,Dynamique,Studio; Média,Marketing; Publicité,En équipe,La possibilité d'évoluer professionnellement,IAA,Chercheur,5.0
2026-07-05 11:15:25,Étudiant(e),G,Histoire; Anglais,Français,Rédiger; Communiquer,Organiser des événements; Communiquer; Présenter,Problèmes de communication,Présentations; Travaux de groupe,Pratique,Intensif et régulier,Média; Studio,Médias; Communication; Marketing; Événementiel,En équipe,Développer mes compétences relationnelles,TEH,Community manager,4.0
2026-07-31 08:24:26,Professionnel(le),S,Chimie; SVT; Mathématiques,Physique,Analyser; Expérimenter,Mesurer; Rechercher,Problèmes scientifiques et expérimentaux,Travaux pratiques; Expériences,Pratique et théorie,Régulier,Centre de recherche; Industrie,Industrie; Recherche; Chimie; Laboratoire,Seul ou en équipe,Aimer le domaine étudié,ICMP,Technicien qualité,4.0
2026-08-21 16:33:15,Professionnel(le),S,SVT; Chimie; Mathématiques,Mathématiques; Chimie,Observer; Manipuler des outils ou équipements; Analyser,Mesurer; Faire des expériences; Analyser des substances,Problèmes scientifiques et expérimentaux,Laboratoire,Pratique et théorie,Régulier,Centre de recherche,Recherche; Industrie; Chimie,Seul ou en équipe,Acquérir une formation solide,ICMP,Technicien de laboratoire,4.0
2026-08-23 12:47:44,Professionnel(le),A1,Économie; Français,Gestion; Économie,Analyser des données; Planifier,Planifier; Organiser,Problèmes économiques et organisationnels,Projets,Pratique,Dynamique,Bureau,Économie; Entrepreneuriat; Gestion,En équipe,Les perspectives de carrière,EMP,Responsable administratif,1.0
2026-07-02 16:46:17,Étudiant(e),S,Mathématiques; Physique,Mathématiques; Informatique,Utiliser des outils informatiques; Analyser des informations,Analyser des données; Automatiser des tâches; Programmer; Créer des applications,Problèmes logiques et techniques,Programmation; Projets pratiques,Pratique,Intensif et régulier,Startup; Télétravail,Technologie; Intelligence artificielle; Data; Programmation,Seul ou en petite équipe,Développer des compétences professionnelles,IGGLIA,Technicien informatique,1.0
2026-07-01 09:12:15,Étudiant(e),A1,Histoire; Anglais; Français,Français,Communiquer; Créer; Rédiger,Présenter; Communiquer,Problèmes de communication,Projets,Pratique et théorie,Dynamique,Agence; Entreprise,Événementiel; Communication; Marketing,En équipe,Développer mes compétences relationnelles,TEH,Community manager,2.0
2026-08-05 08:58:54,Étudiant(e),S,Physique; Anglais,Mathématiques,Utiliser des outils informatiques; Travailler avec des données; Résoudre des problèmes logiques; Analyser des informations,Créer des applications; Automatiser des tâches,Problèmes logiques et techniques,Programmation,Pratique,Intensif et régulier,Bureau,Robotique; Intelligence artificielle,Seul ou en petite équipe,Travailler dans un secteur innovant,ESIIA,Ingénieur IA,4.0
2026-07-14 12:11:57,Professionnel(le),S,Anglais; Mathématiques; Physique,Mathématiques; Informatique,Utiliser des outils informatiques; Résoudre des problèmes logiques; Analyser des informations; Travailler avec des données,Analyser des données; Créer des applications; Programmer; Automatiser des tâches,Problèmes logiques et techniques,Programmation; Projets pratiques,Pratique et théorie,Intensif et régulier,Bureau,Robotique; Data,En équipe,Les débouchés professionnels,ISAIA,Ingénieur logiciel,5.0
2026-07-11 14:39:39,Étudiant(e),A1,Philosophie; Histoire; Anglais,Français,Communiquer; Rédiger,Faire des recherches; Lire des documents,Problèmes juridiques et sociaux,Études de cas; Lectures,Théorie,Calme et régulier,Administration,Justice; Société,Seul,La reconnaissance du diplôme,DTJA,Assistant juridique,1.0
2026-07-28 07:51:23,Étudiant(e),S,Anglais; Informatique,Informatique,Utiliser des outils informatiques; Travailler avec des données; Résoudre des problèmes logiques,Programmer; Automatiser des tâches; Analyser des données,Problèmes logiques et techniques,Travaux dirigés,Pratique et théorie,Intensif et régulier,Startup,Programmation; Technologie,Seul ou en petite équipe,Développer des compétences professionnelles,ISAIA,Data scientifique,4.0
2026-07-28 08:25:27,Professionnel(le),S,Physique; Anglais,Informatique,Résoudre des problèmes logiques; Utiliser des outils informatiques; Analyser des informations,Créer des applications; Analyser des données; Programmer,Problèmes logiques et techniques,Projets pratiques,Pratique et théorie,Intensif et régulier,Startup,Programmation; Intelligence artificielle; Data,En équipe,Travailler dans un secteur innovant,IMTICIA,Ingénieur logiciel,5.0
2026-08-03 09:23:19,Professionnel(le),A1,Histoire; Philosophie,Histoire,Argumenter; Analyser des textes; Communiquer; Rédiger,Faire des recherches; Rédiger,Problèmes juridiques et sociaux,Lectures; Débats,Pratique et théorie,Calme et régulier,Institution publique,Société; Justice; Droits humains,Seul ou en équipe,Aimer le domaine étudié,DTJA,Avocat,5.0
2026-08-12 09:59:39,Étudiant(e),G,Français; Mathématiques; Gestion,Mathématiques,Planifier; Analyser des données; Calculer; Organiser,Organiser; Gérer un projet; Analyser un marché,Problèmes économiques et organisationnels,Exercices pratiques,Pratique et théorie,Dynamique,Bureau,Économie; Gestion; Entrepreneuriat; Management,Seul ou en équipe,Les perspectives de carrière,EMP,Chef de projet,1.0
2026-07-29 11:16:48,Professionnel(le),D,Physique; SVT; Mathématiques,Mathématiques,Analyser; Observer; Expérimenter,Faire des expériences; Mesurer; Analyser des substances; Rechercher,Problèmes scientifiques et expérimentaux,Travaux pratiques; Expériences,Pratique et théorie,Régulier,Laboratoire; Industrie,Environnement; Industrie,Seul ou en équipe,Aimer le domaine étudié,GCA,Ingénieur,4.0
2026-07-09 16:36:50,Professionnel(le),A1,Français; Économie,Économie,Analyser des données; Planifier; Organiser,Planifier; Gérer un projet; Analyser un marché,Problèmes économiques et organisationnels,Études de cas,Pratique et théorie,Dynamique,Bureau,Management; Gestion; Entrepreneuriat,Seul ou en équipe,Les débouchés professionnels,EMP,Chef de projet,3.0
2026-07-27 14:50:48,Professionnel(le),S,Économie; Gestion; Mathématiques,Mathématiques,Calculer; Planifier,Planifier; Analyser un marché; Organiser,Problèmes économiques et organisationnels,Études de cas; Exercices pratiques,Pratique,Dynamique,Entreprise,Gestion; Management; Économie; Entrepreneuriat,En équipe,Les perspectives de carrière,EMII,Gestionnaire,4.0
2026-08-13 09:22:37,Étudiant(e),S,Économie; Mathématiques,Mathématiques,Être rigoureux; Analyser des données; Organiser; Calculer,Analyser des données; Analyser des comptes; Gérer; Faire des calculs,Problèmes financiers,Exercices,Pratique et théorie,Régulier,Cabinet,Audit; Comptabilité,Seul ou en équipe,Les débouchés professionnels,ISAIA,Ingénieur IA,3.0
2026-07-06 12:07:09,Professionnel(le),S,Gestion; Économie,Mathématiques,Être rigoureux; Calculer; Analyser des données,Faire des calculs; Analyser des données; Analyser des comptes,Problèmes financiers,Études de cas; Travaux pratiques,Théorie et pratique,Régulier,Bureau; Entreprise,Finance; Audit; Banque,Seul ou en équipe,La stabilité professionnelle,ISAIA,Chef de projet,3.0
2026-07-13 13:02:06,Professionnel(le),D,Physique; Mathématiques,Physique; SVT,Analyser; Résoudre des problèmes; Expérimenter,Concevoir; Rechercher; Faire des expériences; Analyser,Problèmes scientifiques,Recherche,Pratique et théorie,Intensif et régulier,Laboratoire; Industrie,Recherche; Technologie; Sciences; Environnement,Seul ou en équipe,Être utile à la société,GCA,Ingénieur,3.0
2026-07-09 14:31:27,Professionnel(le),A2,Philosophie; Français; Anglais,Philosophie; Histoire,Analyser des textes; Argumenter; Rédiger; Communiquer,Rédiger; Lire des documents,Problèmes juridiques et sociaux,Lectures; Débats,Théorie,Calme et régulier,Tribunal; Administration,Droits humains; Administration; Justice; Société,Seul,La stabilité professionnelle,PIP,Spécialiste en réglementaire pharmaceutique,3.0
2026-07-27 12:54:42,Professionnel(le),G,Anglais; Histoire,Anglais,Créer; Rédiger,Créer du contenu; Organiser des événements,Problèmes de communication,Projets,Pratique et théorie,Intensif et régulier,Agence,Marketing; Médias; Publicité,En équipe,Développer mes compétences relationnelles,TEE,Journaliste,5.0
2026-07-07 11:50:06,Étudiant(e),S,Physique; Mathématiques,Chimie; Mathématiques,Expérimenter; Observer; Manipuler des outils ou équipements,Analyser des substances; Rechercher; Mesurer; Faire des expériences,Problèmes scientifiques et expérimentaux,Expériences,Pratique et théorie,Régulier,Industrie,Environnement; Chimie; Laboratoire,Seul ou en équipe,Acquérir une formation solide,ICMP,Assistant de recherche,1.0
2026-07-28 09:34:26,Étudiant(e),G,Gestion; Économie,Économie,Organiser; Être rigoureux,Faire des calculs; Gérer; Analyser des données; Analyser des comptes,Problèmes financiers,Exercices,Théorie et pratique,Régulier,Cabinet; Entreprise,Gestion; Audit; Banque,Seul ou en équipe,La stabilité professionnelle,FIC,Responsable administratif,2.0
2026-08-20 17:25:38,Étudiant(e),A1,Anglais; Français,Français; Anglais,Créer; Communiquer; Présenter; Rédiger,Communiquer; Présenter; Créer du contenu; Organiser des événements,Problèmes de communication,Travaux de groupe; Présentations,Pratique,Intensif et régulier,Agence,Communication; Marketing; Publicité,En équipe,Développer son réseau professionnel,TEH,Responsable marketing,3.0
2026-08-15 09:23:40,Professionnel(le),A2,Histoire; Français; Philosophie,Français,Analyser des textes; Communiquer,Faire des recherches; Rédiger; Débattre; Lire des documents,Problèmes juridiques et sociaux,Débats; Études de cas,Théorie,Calme et régulier,Cabinet,Droit; Droits humains,Seul,Aimer le domaine étudié,PIP,Spécialiste en réglementaire pharmaceutique,4.0
2026-08-08 14:15:21,Professionnel(le),A2,Économie; Français,Économie,Communiquer; Organiser; Analyser; Négocier,Communiquer; Faire du commerce; Analyser un marché,Problèmes commerciaux,Études de cas,Pratique,Dynamique,Agence,Commerce; Entrepreneuriat; Marketing,En équipe,Les débouchés professionnels,PIP,Chercheur,3.0
2026-07-06 17:47:56,Professionnel(le),C,Physique; SVT,Physique,Résoudre des problèmes; Observer; Expérimenter,Analyser; Concevoir; Faire des expériences,Problèmes scientifiques,Expériences,Pratique et théorie,Intensif et régulier,Laboratoire; Industrie,Environnement; Technologie; Recherche,En équipe,Être utile à la société,IMTICIA,Chercheur,1.0
2026-07-16 16:01:18,Professionnel(le),A1,Histoire; Français,Philosophie; Français,Argumenter; Analyser des textes; Communiquer; Rédiger,Faire des recherches; Lire des documents,Problèmes juridiques et sociaux,Lectures; Débats,Pratique et théorie,Régulier,Institution publique,Droits humains; Société,Seul,La stabilité professionnelle,DTJA,Assistant juridique,2.0
2026-07-09 12:11:07,Étudiant(e),A1,Français; Anglais,Français,Créer; Rédiger; Présenter; Communiquer,Présenter; Créer du contenu; Communiquer,Problèmes de communication,Travaux de groupe,Pratique et théorie,Intensif et régulier,Entreprise,Publicité; Médias; Communication; Événementiel,En équipe,Développer son réseau professionnel,TEH,Responsable communication,2.0
2026-08-21 14:42:53,Étudiant(e),A1,Anglais; Français; Histoire,Anglais,Créer; Présenter; Communiquer; Rédiger,Créer du contenu; Organiser des événements; Présenter,Problèmes de communication,Présentations,Pratique,Dynamique,Agence; Studio,Communication; Publicité; Marketing; Événementiel,En équipe,La possibilité d'évoluer professionnellement,TEH,Responsable communication,4.0
2026-07-21 14:49:10,Étudiant(e),S,SVT; Physique; Mathématiques,SVT,Expérimenter; Observer; Analyser; Manipuler des outils ou équipements,Analyser des substances; Mesurer; Faire des expériences; Rechercher,Problèmes scientifiques et expérimentaux,Travaux pratiques,Pratique,Régulier,Laboratoire,Environnement; Chimie,En équipe,Acquérir une formation solide,ICMP,Chimiste,2.0
2026-08-23 16:38:25,Professionnel(le),C,SVT; Physique; Mathématiques,Mathématiques; Physique,Expérimenter; Analyser,Rechercher; Concevoir,Problèmes scientifiques,Recherche,Pratique et théorie,Régulier,Industrie,Recherche; Environnement; Technologie,En équipe,Acquérir une formation solide,ESIIA,Chercheur,4.0
2026-07-15 08:18:47,Professionnel(le),S,Anglais; Physique; Mathématiques,Informatique,Analyser des informations; Travailler avec des données,Programmer; Automatiser des tâches; Créer des applications; Analyser des données,Problèmes logiques et techniques,Travaux dirigés; Programmation,Pratique et théorie,Intensif et régulier,Startup,Intelligence artificielle; Robotique,En équipe,Les débouchés professionnels,ESIIA,Data analyst,4.0
2026-08-15 09:10:31,Professionnel(le),A1,Français; Économie,Français; Économie,Analyser; Organiser; Communiquer,Négocier; Analyser un marché,Problèmes commerciaux,Études de cas,Pratique,Intensif,Entreprise,Commerce; Entrepreneuriat; Marketing,En équipe,Créer mon entreprise,TEE,Responsable marketing,5.0
2026-08-02 16:17:16,Étudiant(e),D,Physique; Mathématiques,Physique; Mathématiques,Observer; Analyser; Résoudre des problèmes,Faire des expériences; Concevoir,Problèmes scientifiques,Recherche,Pratique et théorie,Intensif et régulier,Industrie,Recherche; Sciences; Environnement,En équipe,Être utile à la société,GCA,Chercheur,1.0
2026-07-06 16:45:44,Étudiant(e),D,Mathématiques; Physique,Physique; Mathématiques,Analyser; Observer; Expérimenter; Résoudre des problèmes,Faire des expériences; Concevoir; Analyser,Problèmes scientifiques,Expériences,Pratique et théorie,Intensif et régulier,Centre de recherche; Laboratoire,Technologie; Sciences; Environnement; Recherche,Seul ou en équipe,Acquérir une formation solide,EMII,Assistant de recherche,3.0
2026-08-12 16:57:49,Étudiant(e),S,Anglais; Informatique; Physique,Mathématiques,Analyser des informations; Utiliser des outils informatiques; Travailler avec des données,Automatiser des tâches; Créer des applications; Analyser des données,Problèmes logiques et techniques,Projets pratiques; Programmation,Pratique,Régulier,Startup; Télétravail,Robotique; Data; Technologie,Seul ou en petite équipe,Les débouchés professionnels,ESIIA,Ingénieur IA,4.0
2026-07-12 11:09:42,Étudiant(e),G,Gestion; Mathématiques,Mathématiques,Analyser des données; Organiser,Gérer un projet; Analyser un marché,Problèmes économiques et organisationnels,Exercices pratiques,Pratique et théorie,Régulier,Entreprise; Administration,Management; Entrepreneuriat,Seul ou en équipe,Les débouchés professionnels,DTJA,Responsable administratif,1.0
2026-08-20 07:09:17,Étudiant(e),S,Gestion; Économie,Économie,Être rigoureux; Organiser; Calculer; Analyser des données,Analyser des comptes; Analyser des données; Gérer; Faire des calculs,Problèmes financiers,Études de cas,Théorie et pratique,Régulier,Banque,Comptabilité; Finance; Gestion; Banque,Seul,Les débouchés professionnels,ISAIA,Développeur full-stack,3.0
2026-07-05 07:22:06,Étudiant(e),C,Mathématiques; Chimie,Physique; SVT,Analyser; Observer; Expérimenter; Résoudre des problèmes,Concevoir; Analyser,Problèmes scientifiques,Expériences,Pratique et théorie,Régulier,Industrie,Environnement; Sciences; Recherche; Technologie,En équipe,Acquérir une formation solide,ESIIA,Ingénieur IA,1.0
2026-07-29 14:48:59,Étudiant(e),A2,Français; Histoire; Philosophie,Histoire,Rédiger; Analyser des textes; Argumenter; Communiquer,Rédiger; Débattre; Faire des recherches,Problèmes juridiques et sociaux,Études de cas; Débats,Théorie,Régulier,Cabinet,Droits humains; Justice; Administration; Société,Seul,La reconnaissance du diplôme,IAA,Technicien de laboratoire,3.0
2026-08-17 14:42:57,Étudiant(e),A2,Mathématiques; Économie; Français,Français; Économie,Négocier; Organiser; Communiquer; Analyser,Communiquer; Analyser un marché; Négocier; Faire du commerce,Problèmes commerciaux,Simulations,Pratique,Intensif,Commerce,Entrepreneuriat; Vente,En équipe,Les perspectives de carrière,IAA,Technicien qualité,3.0
2026-07-09 09:24:23,Étudiant(e),C,Physique; Chimie,SVT; Mathématiques,Expérimenter; Manipuler des outils ou équipements,Rechercher; Faire des expériences,Problèmes scientifiques et expérimentaux,Expériences,Pratique et théorie,Régulier,Centre de recherche; Laboratoire,Environnement; Industrie; Chimie; Laboratoire,En équipe,Aimer le domaine étudié,ICMP,Technicien qualité,1.0
2026-07-31 15:45:37,Étudiant(e),A1,Anglais; Histoire,Histoire; Philosophie,Communiquer; Argumenter; Analyser des textes,Débattre; Faire des recherches; Rédiger; Lire des documents,Problèmes juridiques et sociaux,Lectures,Pratique et théorie,Régulier,Institution publique; Tribunal,Administration; Droit; Société,Seul,La reconnaissance du diplôme,DTJA,Conseiller juridique,4.0
2026-07-16 08:01:22,Étudiant(e),A1,Philosophie; Français; Histoire,Français; Histoire,Argumenter; Communiquer; Analyser des textes,Lire des documents; Faire des recherches,Problèmes juridiques et sociaux,Études de cas; Lectures,Pratique et théorie,Régulier,Administration,Droits humains; Justice,Seul,La stabilité professionnelle,DTJA,Avocat,2.0
2026-08-06 15:17:50,Étudiant(e),G,Mathématiques; Gestion,Mathématiques; Économie,Être rigoureux; Organiser; Analyser des données; Calculer,Gérer; Analyser des données; Analyser des comptes,Problèmes financiers,Exercices; Études de cas,Théorie et pratique,Intensif et régulier,Entreprise; Cabinet,Gestion; Finance; Audit; Comptabilité,Seul ou en équipe,La stabilité professionnelle,FIC,Auditeur,2.0
2026-07-13 09:21:06,Professionnel(le),S,Mathématiques; Physique; Chimie,Physique; SVT,Analyser; Résoudre des problèmes,Faire des expériences; Concevoir,Problèmes scientifiques,Travaux pratiques; Recherche,Pratique et théorie,Régulier,Laboratoire; Centre de recherche,Recherche; Sciences,En équipe,Être utile à la société,GCA,Technicien,3.0
2026-08-25 14:44:03,Professionnel(le),A1,Mathématiques; Français,Mathématiques; Gestion,Calculer; Analyser des données; Planifier,Gérer un projet; Analyser un marché; Planifier; Organiser,Problèmes économiques et organisationnels,Études de cas,Pratique,Régulier,Bureau; Administration,Économie; Management; Entrepreneuriat,Seul ou en équipe,Créer mon entreprise,EMP,Chef de projet,5.0
2026-08-24 15:47:31,Étudiant(e),A1,Gestion; Économie,Mathématiques; Gestion,Planifier; Analyser des données; Calculer,Organiser; Gérer un projet; Planifier; Analyser un marché,Problèmes économiques et organisationnels,Projets; Exercices pratiques,Pratique,Dynamique,Entreprise; Administration,Gestion; Économie; Entrepreneuriat; Management,Seul ou en équipe,Les débouchés professionnels,EMP,Manager,4.0
2026-08-03 10:10:17,Étudiant(e),S,Physique; Anglais; Informatique,Informatique,Résoudre des problèmes logiques; Utiliser des outils informatiques,Créer des applications; Programmer,Problèmes logiques et techniques,Travaux dirigés,Pratique,Régulier,Entreprise; Startup,Robotique; Technologie; Programmation; Intelligence artificielle,En équipe,Les débouchés professionnels,IMTICIA,Ingénieur logiciel,2.0
2026-08-12 11:48:11,Professionnel(le),A2,Histoire; Philosophie,Philosophie; Histoire,Analyser des textes; Argumenter,Débattre; Rédiger; Faire des recherches; Lire des documents,Problèmes juridiques et sociaux,Lectures; Études de cas,Pratique et théorie,Régulier,Cabinet; Administration,Administration; Droits humains,Seul,Aimer le domaine étudié,AEE,Éleveur,1.0
2026-08-22 16:19:40,Étudiant(e),A2,Anglais; Histoire,Histoire,Communiquer; Argumenter; Rédiger,Rédiger; Lire des documents; Faire des recherches,Problèmes juridiques et sociaux,Lectures,Théorie,Régulier,Tribunal; Cabinet,Société; Droits humains; Justice; Administration,Seul ou en équipe,Aimer le domaine étudié,IAA,Assistant de recherche,3.0
2026-07-01 09:44:27,Étudiant(e),G,Gestion; Mathématiques; Économie,Mathématiques; Économie,Organiser; Être rigoureux; Calculer,Faire des calculs; Analyser des données; Analyser des comptes,Problèmes financiers,Exercices; Études de cas,Théorie et pratique,Intensif et régulier,Cabinet; Entreprise,Banque; Finance; Gestion,Seul,La stabilité professionnelle,FIC,Contrôleur de gestion,4.0
2026-08-09 09:35:26,Étudiant(e),C,Physique; SVT; Mathématiques,Physique,Résoudre des problèmes; Analyser; Expérimenter; Observer,Concevoir; Analyser; Rechercher,Problèmes scientifiques,Travaux pratiques; Expériences,Pratique et théorie,Intensif et régulier,Industrie,Environnement; Technologie,En équipe,Être utile à la société,IMTICIA,Assistant de recherche,4.0
2026-07-27 17:28:10,Étudiant(e),S,Informatique; Mathématiques,Mathématiques,Travailler avec des données; Analyser des informations; Utiliser des outils informatiques; Résoudre des problèmes logiques,Créer des applications; Programmer; Analyser des données; Automatiser des tâches,Problèmes logiques et techniques,Programmation; Travaux dirigés,Pratique et théorie,Régulier,Startup; Bureau,Intelligence artificielle; Programmation; Data; Robotique,En équipe,Les débouchés professionnels,IGGLIA,Technicien informatique,5.0
2026-07-05 16:26:06,Étudiant(e),S,Gestion; Économie; Mathématiques,Économie; Mathématiques,Calculer; Organiser; Analyser des données; Être rigoureux,Analyser des données; Faire des calculs; Analyser des comptes,Problèmes financiers,Études de cas,Pratique et théorie,Régulier,Entreprise,Finance; Gestion; Banque,Seul,Les débouchés professionnels,ISAIA,Chef de projet,4.0
2026-08-04 07:51:04,Étudiant(e),A1,Histoire; Philosophie,Philosophie; Histoire,Argumenter; Rédiger; Communiquer; Analyser des textes,Lire des documents; Débattre,Problèmes juridiques et sociaux,Débats,Théorie,Calme et régulier,Administration,Société; Droit; Droits humains; Justice,Seul ou en équipe,La reconnaissance du diplôme,DTJA,Juriste,1.0
2026-07-03 10:41:29,Professionnel(le),S,Économie; Gestion; Mathématiques,Mathématiques; Économie,Analyser des données; Être rigoureux; Calculer,Gérer; Faire des calculs,Problèmes financiers,Exercices,Pratique et théorie,Intensif et régulier,Entreprise,Audit; Banque,Seul ou en équipe,Les débouchés professionnels,EMII,Chercheur,4.0
2026-07-08 13:52:43,Professionnel(le),D,SVT; Mathématiques,Chimie,Observer; Manipuler des outils ou équipements; Analyser,Mesurer; Faire des expériences,Problèmes scientifiques et expérimentaux,Expériences,Pratique et théorie,Régulier,Laboratoire,Industrie; Recherche; Environnement; Laboratoire,Seul ou en équipe,La pratique professionnelle,ICMP,Technicien de laboratoire,5.0
2026-08-14 15:53:22,Étudiant(e),G,Mathématiques; Économie; Gestion,Économie; Mathématiques,Analyser des données; Être rigoureux,Faire des calculs; Gérer,Problèmes financiers,Travaux pratiques; Exercices,Théorie et pratique,Régulier,Cabinet; Banque,Audit; Comptabilité,Seul,La stabilité professionnelle,FIC,Contrôleur de gestion,2.0
2026-07-18 07:25:19,Professionnel(le),S,Français; Gestion; Économie,Mathématiques; Économie,Analyser des données; Organiser,Analyser un marché; Gérer un projet; Organiser,Problèmes économiques et organisationnels,Études de cas; Exercices pratiques,Pratique et théorie,Régulier,Administration; Bureau,Économie; Entrepreneuriat; Management; Gestion,En équipe,Créer mon entreprise,GCA,Chef de projet,3.0
2026-08-03 12:37:46,Professionnel(le),S,Mathématiques; Anglais,Informatique; Mathématiques,Travailler avec des données; Analyser des informations; Résoudre des problèmes logiques; Utiliser des outils informatiques,Analyser des données; Créer des applications; Automatiser des tâches; Programmer,Problèmes logiques et techniques,Programmation; Travaux dirigés,Pratique,Régulier,Bureau,Technologie; Data; Intelligence artificielle,Seul ou en petite équipe,Travailler dans un secteur innovant,IGGLIA,Développeur full-stack,2.0
2026-08-21 12:50:06,Professionnel(le),C,Mathématiques; Chimie; Physique,SVT; Physique,Analyser; Résoudre des problèmes; Expérimenter; Observer,Analyser; Faire des expériences; Concevoir,Problèmes scientifiques,Recherche; Travaux pratiques,Pratique et théorie,Régulier,Laboratoire,Recherche; Technologie; Environnement,En équipe,Être utile à la société,IMTICIA,Chercheur,3.0
2026-07-15 15:25:19,Étudiant(e),S,Mathématiques; Gestion,Économie,Calculer; Organiser,Analyser des données; Faire des calculs,Problèmes financiers,Travaux pratiques,Théorie et pratique,Régulier,Bureau,Banque; Gestion; Audit; Comptabilité,Seul,La stabilité professionnelle,GCA,Ingénieur,2.0
2026-08-22 12:52:07,Étudiant(e),C,Physique; Mathématiques; Chimie,SVT,Expérimenter; Analyser,Analyser des substances; Rechercher; Faire des expériences; Mesurer,Problèmes scientifiques et expérimentaux,Travaux pratiques,Pratique et théorie,Régulier,Centre de recherche; Laboratoire,Chimie; Recherche; Environnement,Seul ou en équipe,Acquérir une formation solide,PIP,Chercheur en pharmacologie,1.0
2026-07-26 07:50:00,Étudiant(e),S,Économie; Mathématiques,Économie; Mathématiques,Calculer; Organiser,Analyser des comptes; Analyser des données; Faire des calculs; Gérer,Problèmes financiers,Exercices,Pratique et théorie,Régulier,Entreprise,Banque; Audit,Seul ou en équipe,Les débouchés professionnels,ISAIA,Analyste cyber-sécurité,5.0
2026-08-12 17:42:37,Étudiant(e),S,SVT; Physique,Chimie,Manipuler des outils ou équipements; Observer; Expérimenter,Mesurer; Rechercher; Analyser des substances; Faire des expériences,Problèmes scientifiques et expérimentaux,Travaux pratiques; Laboratoire,Pratique et théorie,Régulier,Industrie,Chimie; Laboratoire,Seul ou en équipe,Acquérir une formation solide,ICMP,Technicien de laboratoire,5.0
2026-08-07 09:57:30,Étudiant(e),G,Gestion; Mathématiques; Économie,Économie; Mathématiques,Organiser; Être rigoureux,Analyser des données; Analyser des comptes,Problèmes financiers,Études de cas; Exercices,Théorie et pratique,Régulier,Entreprise,Banque; Audit,Seul,Les débouchés professionnels,FIC,Analyste financier,3.0
2026-08-01 09:54:40,Professionnel(le),A1,Anglais; Philosophie; Français,Français,Argumenter; Analyser des textes; Communiquer; Rédiger,Lire des documents; Faire des recherches,Problèmes juridiques et sociaux,Études de cas; Débats,Théorie,Régulier,Cabinet; Administration,Droits humains; Administration; Droit; Société,Seul ou en équipe,La stabilité professionnelle,DTJA,Conseiller juridique,5.0
2026-08-24 07:13:17,Étudiant(e),G,Français; Économie,Économie; Français,Analyser; Communiquer,Négocier; Communiquer,Problèmes commerciaux,Simulations,Pratique,Intensif,Commerce; Agence,Marketing; Commerce; Entrepreneuriat; Vente,En équipe,Les débouchés professionnels,CAA,Business developer,4.0
2026-08-07 14:46:13,Professionnel(le),S,Mathématiques; Physique; Informatique,Mathématiques; Informatique,Analyser des informations; Utiliser des outils informatiques,Créer des applications; Automatiser des tâches,Problèmes logiques et techniques,Travaux dirigés; Programmation,Pratique et théorie,Régulier,Télétravail,Robotique; Data; Technologie,En équipe,Développer des compétences professionnelles,ESIIA,Data analyst,5.0
2026-08-24 10:39:57,Étudiant(e),G,Histoire; Français,Français; Anglais,Rédiger; Présenter; Communiquer; Créer,Créer du contenu; Organiser des événements; Communiquer; Présenter,Problèmes de communication,Présentations; Projets,Pratique,Intensif et régulier,Média; Studio,Marketing; Publicité,En équipe,Développer son réseau professionnel,TEE,Chargé marketing,4.0
2026-08-20 10:06:52,Étudiant(e),A1,Anglais; Histoire; Philosophie,Français,Communiquer; Analyser des textes; Argumenter,Débattre; Rédiger; Faire des recherches; Lire des documents,Problèmes juridiques et sociaux,Études de cas; Lectures,Théorie,Régulier,Cabinet,Droits humains; Justice,Seul,La reconnaissance du diplôme,DTJA,Avocat,5.0
2026-07-11 09:06:56,Étudiant(e),G,Mathématiques; Gestion,Mathématiques; Économie,Organiser; Planifier; Analyser des données; Calculer,Organiser; Gérer un projet; Planifier; Analyser un marché,Problèmes économiques et organisationnels,Projets,Pratique,Dynamique,Administration,Entrepreneuriat; Économie; Gestion; Management,Seul ou en équipe,Créer mon entreprise,EMP,Chef de projet,5.0
2026-07-22 09:42:55,Étudiant(e),S,Économie; Gestion; Mathématiques,Mathématiques; Économie,Être rigoureux; Organiser,Gérer; Analyser des données; Analyser des comptes,Problèmes financiers,Travaux pratiques,Pratique et théorie,Intensif et régulier,Bureau; Cabinet,Finance; Comptabilité,Seul ou en équipe,Les débouchés professionnels,ISAIA,Technicien informatique,2.0
2026-07-08 15:07:18,Étudiant(e),A1,Économie; Gestion; Mathématiques,Gestion,Planifier; Organiser; Analyser des données,Organiser; Analyser un marché; Gérer un projet; Planifier,Problèmes économiques et organisationnels,Projets; Exercices pratiques,Pratique et théorie,Dynamique,Entreprise; Bureau,Gestion; Entrepreneuriat; Management,En équipe,Les débouchés professionnels,EMP,Chef de projet,4.0
2026-07-08 09:41:33,Étudiant(e),A2,Anglais; Philosophie; Histoire,Français; Philosophie,Analyser des textes; Argumenter; Rédiger,Débattre; Rédiger; Lire des documents; Faire des recherches,Problèmes juridiques et sociaux,Débats,Pratique et théorie,Calme et régulier,Institution publique; Administration,Droit; Société; Administration; Droits humains,Seul ou en équipe,La reconnaissance du diplôme,IAA,Technicien de laboratoire,2.0
2026-08-10 13:32:27,Professionnel(le),S,Gestion; Mathématiques; Français,Mathématiques,Planifier; Analyser des données; Organiser,Organiser; Analyser un marché; Gérer un projet; Planifier,Problèmes économiques et organisationnels,Projets; Études de cas,Pratique,Dynamique,Entreprise; Administration,Management; Économie; Entrepreneuriat,En équipe,Les perspectives de carrière,EMII,Chef de projet,3.0
2026-07-12 17:48:18,Étudiant(e),S,Informatique; Anglais; Mathématiques,Informatique,Travailler avec des données; Résoudre des problèmes logiques,Automatiser des tâches; Créer des applications,Problèmes logiques et techniques,Travaux dirigés; Programmation,Pratique et théorie,Régulier,Télétravail; Startup,Robotique; Programmation; Data; Technologie,Seul ou en petite équipe,Travailler dans un secteur innovant,IMTICIA,Développeur,2.0
2026-08-25 14:59:55,Professionnel(le),C,Chimie; SVT; Physique,Physique; Mathématiques,Expérimenter; Analyser; Observer; Résoudre des problèmes,Rechercher; Concevoir; Faire des expériences,Problèmes scientifiques,Recherche,Pratique et théorie,Intensif et régulier,Industrie; Centre de recherche,Environnement; Technologie; Sciences,En équipe,Acquérir une formation solide,EMII,Assistant de recherche,5.0
2026-08-20 08:24:10,Étudiant(e),G,Mathématiques; Gestion; Français,Mathématiques; Économie,Calculer; Planifier,Planifier; Organiser; Gérer un projet; Analyser un marché,Problèmes économiques et organisationnels,Exercices pratiques; Études de cas,Pratique,Régulier,Entreprise,Entrepreneuriat; Économie,En équipe,Les perspectives de carrière,EMP,Business developer,5.0
2026-08-14 10:54:22,Étudiant(e),A1,Anglais; Français; Histoire,Anglais; Français,Créer; Présenter; Rédiger; Communiquer,Organiser des événements; Présenter,Problèmes de communication,Projets,Pratique,Dynamique,Studio,Marketing; Communication; Événementiel; Médias,En équipe,Développer mes compétences relationnelles,TEH,Community manager,3.0
2026-08-17 07:44:08,Étudiant(e),D,Chimie; Mathématiques,Mathématiques; SVT,Manipuler des outils ou équipements; Observer; Expérimenter; Analyser,Analyser des substances; Mesurer,Problèmes scientifiques et expérimentaux,Laboratoire,Pratique,Progressif,Centre de recherche,Laboratoire; Chimie,En équipe,Acquérir une formation solide,ICMP,Technicien de laboratoire,3.0
2026-08-08 16:07:33,Étudiant(e),S,Anglais; Informatique; Mathématiques,Mathématiques,Travailler avec des données; Résoudre des problèmes logiques,Créer des applications; Analyser des données,Problèmes logiques et techniques,Travaux dirigés; Projets pratiques,Pratique,Intensif et régulier,Entreprise; Startup,Robotique; Programmation; Intelligence artificielle; Data,En équipe,Développer des compétences professionnelles,ISAIA,Analyste cyber-sécurité,1.0
2026-07-29 17:14:32,Professionnel(le),A1,Économie; Français,Économie,Organiser; Négocier,Communiquer; Faire du commerce; Analyser un marché,Problèmes commerciaux,Projets; Simulations,Pratique et théorie,Dynamique,Agence,Marketing; Entrepreneuriat; Commerce,En équipe,Créer mon entreprise,TEE,Responsable marketing,5.0
2026-07-05 11:56:05,Étudiant(e),A1,Mathématiques; Français; Économie,Français; Économie,Organiser; Analyser; Négocier,Analyser un marché; Négocier; Communiquer,Problèmes commerciaux,Études de cas,Pratique et théorie,Intensif,Entreprise; Agence,Marketing; Commerce,En équipe,Les débouchés professionnels,CAA,Commercial,4.0
2026-07-11 16:38:37,Professionnel(le),D,Chimie; SVT; Mathématiques,SVT; Mathématiques,Résoudre des problèmes; Observer,Concevoir; Rechercher; Faire des expériences,Problèmes scientifiques,Recherche,Pratique et théorie,Intensif et régulier,Centre de recherche,Technologie; Recherche; Sciences,En équipe,Acquérir une formation solide,AEE,Chercheur,3.0
2026-08-01 13:04:53,Professionnel(le),D,SVT; Mathématiques; Chimie,Chimie,Manipuler des outils ou équipements; Expérimenter; Analyser; Observer,Faire des expériences; Mesurer; Analyser des substances,Problèmes scientifiques et expérimentaux,Laboratoire,Pratique et théorie,Progressif,Laboratoire; Centre de recherche,Industrie; Laboratoire,En équipe,Acquérir une formation solide,IAA,Chercheur,3.0
2026-07-18 16:54:45,Étudiant(e),D,SVT; Physique,Mathématiques,Analyser; Expérimenter; Observer; Manipuler des outils ou équipements,Analyser des substances; Rechercher; Faire des expériences; Mesurer,Problèmes scientifiques et expérimentaux,Laboratoire,Pratique,Progressif,Industrie; Centre de recherche,Laboratoire; Recherche; Chimie; Environnement,Seul ou en équipe,Aimer le domaine étudié,IAA,Technicien de laboratoire,4.0
2026-07-21 17:56:27,Étudiant(e),S,Économie; Français,Économie; Mathématiques,Analyser des données; Calculer; Organiser,Gérer un projet; Planifier; Analyser un marché,Problèmes économiques et organisationnels,Projets; Études de cas,Pratique et théorie,Régulier,Entreprise,Économie; Entrepreneuriat; Gestion; Management,Seul ou en équipe,Les perspectives de carrière,EMII,Chef de projet,1.0
2026-08-05 16:39:19,Professionnel(le),S,Mathématiques; Anglais,Informatique; Mathématiques,Résoudre des problèmes logiques; Analyser des informations; Travailler avec des données,Programmer; Créer des applications,Problèmes logiques et techniques,Programmation; Projets pratiques,Pratique,Régulier,Entreprise,Robotique; Programmation; Intelligence artificielle; Technologie,En équipe,Travailler dans un secteur innovant,ESIIA,Ingénieur logiciel,3.0
2026-08-08 10:23:11,Étudiant(e),S,Économie; Gestion,Gestion,Organiser; Calculer,Analyser un marché; Organiser,Problèmes économiques et organisationnels,Exercices pratiques; Études de cas,Pratique et théorie,Dynamique,Administration; Entreprise,Gestion; Management; Entrepreneuriat; Économie,Seul ou en équipe,Les perspectives de carrière,EMII,Chef de projet,4.0
2026-07-02 07:31:46,Professionnel(le),G,Économie; Mathématiques; Français,Économie,Analyser; Organiser; Négocier; Communiquer,Négocier; Communiquer; Analyser un marché; Faire du commerce,Problèmes commerciaux,Simulations; Projets,Pratique et théorie,Intensif,Entreprise; Commerce,Commerce; Vente,En équipe,Créer mon entreprise,CAA,Responsable marketing,5.0
2026-07-23 15:43:35,Étudiant(e),G,Mathématiques; Économie; Français,Gestion,Calculer; Analyser des données,Analyser un marché; Planifier; Organiser,Problèmes économiques et organisationnels,Projets; Exercices pratiques,Pratique et théorie,Dynamique,Entreprise,Entrepreneuriat; Gestion; Économie,En équipe,Les perspectives de carrière,EMP,Community manager,3.0
2026-07-08 13:53:05,Étudiant(e),S,Informatique; Mathématiques,Mathématiques,Analyser des informations; Utiliser des outils informatiques,Analyser des données; Créer des applications; Automatiser des tâches,Problèmes logiques et techniques,Travaux dirigés,Pratique et théorie,Régulier,Entreprise; Télétravail,Technologie; Intelligence artificielle,En équipe,Travailler dans un secteur innovant,ISAIA,Data scientifique,5.0
2026-07-21 15:07:24,Étudiant(e),A1,Histoire; Anglais,Français; Anglais,Créer; Présenter; Rédiger,Communiquer; Présenter; Créer du contenu,Problèmes de communication,Travaux de groupe; Projets,Pratique et théorie,Dynamique,Entreprise,Marketing; Publicité; Événementiel; Médias,En équipe,Développer mes compétences relationnelles,TEH,Chargé marketing,4.0
2026-08-01 10:52:05,Étudiant(e),G,Économie; Français; Gestion,Mathématiques; Économie,Organiser; Analyser des données; Calculer,Organiser; Planifier; Analyser un marché,Problèmes économiques et organisationnels,Études de cas; Projets,Pratique et théorie,Régulier,Entreprise,Entrepreneuriat; Gestion; Économie; Management,En équipe,Créer mon entreprise,EMP,Manager,4.0
2026-07-25 11:51:50,Étudiant(e),S,Informatique; Anglais; Mathématiques,Informatique,Travailler avec des données; Analyser des informations; Utiliser des outils informatiques; Résoudre des problèmes logiques,Automatiser des tâches; Analyser des données,Problèmes logiques et techniques,Projets pratiques,Pratique,Régulier,Bureau,Technologie; Programmation; Data,Seul ou en petite équipe,Développer des compétences professionnelles,ISAIA,Ingénieur logiciel,1.0
2026-08-08 14:47:39,Professionnel(le),G,Histoire; Français; Anglais,Français; Anglais,Présenter; Créer,Créer du contenu; Organiser des événements,Problèmes de communication,Travaux de groupe,Pratique,Intensif et régulier,Média,Marketing; Événementiel; Publicité; Médias,En équipe,Développer son réseau professionnel,TEH,Community manager,5.0
2026-07-03 12:12:04,Étudiant(e),G,Histoire; Anglais; Français,Français; Anglais,Rédiger; Présenter; Créer; Communiquer,Communiquer; Présenter,Problèmes de communication,Présentations; Travaux de groupe,Pratique et théorie,Intensif et régulier,Agence; Média,Publicité; Marketing; Communication; Médias,En équipe,Développer mes compétences relationnelles,TEH,Responsable communication,1.0
2026-08-19 11:11:53,Étudiant(e),S,Informatique; Physique,Informatique,Travailler avec des données; Utiliser des outils informatiques; Résoudre des problèmes logiques; Analyser des informations,Analyser des données; Automatiser des tâches; Programmer; Créer des applications,Problèmes logiques et techniques,Projets pratiques; Travaux dirigés,Pratique,Régulier,Télétravail; Bureau,Technologie; Programmation,Seul ou en petite équipe,Les débouchés professionnels,ISAIA,Ingénieur logiciel,2.0
2026-08-24 12:07:33,Étudiant(e),A1,Français; Économie,Économie; Français,Négocier; Analyser; Organiser; Communiquer,Communiquer; Négocier; Faire du commerce,Problèmes commerciaux,Études de cas,Pratique,Intensif,Agence,Marketing; Commerce,En équipe,Les perspectives de carrière,CAA,Commercial,2.0
2026-08-25 17:50:09,Étudiant(e),D,Chimie; Mathématiques,Chimie,Observer; Manipuler des outils ou équipements; Analyser; Expérimenter,Analyser des substances; Mesurer,Problèmes scientifiques et expérimentaux,Laboratoire; Travaux pratiques,Pratique,Régulier,Centre de recherche,Laboratoire; Industrie; Environnement; Chimie,Seul ou en équipe,Acquérir une formation solide,ICMP,Technicien qualité,2.0
2026-08-04 07:11:08,Professionnel(le),S,Économie; Gestion,Mathématiques; Économie,Être rigoureux; Calculer,Analyser des comptes; Gérer,Problèmes financiers,Exercices,Pratique et théorie,Intensif et régulier,Entreprise,Gestion; Banque; Audit; Finance,Seul ou en équipe,Les débouchés professionnels,EMII,Gestionnaire,5.0
2026-07-02 10:52:11,Professionnel(le),G,Français; Mathématiques,Économie,Analyser; Communiquer,Négocier; Communiquer; Faire du commerce; Analyser un marché,Problèmes commerciaux,Études de cas,Pratique et théorie,Intensif,Entreprise,Marketing; Entrepreneuriat,En équipe,Les perspectives de carrière,TEE,Chargé marketing,3.0
2026-07-26 08:58:39,Étudiant(e),G,Mathématiques; Gestion,Économie,Analyser des données; Être rigoureux; Organiser; Calculer,Analyser des données; Gérer,Problèmes financiers,Études de cas,Pratique et théorie,Régulier,Bureau; Entreprise,Banque; Finance; Audit,Seul,Les perspectives de carrière,FIC,Analyste financier,2.0
2026-08-07 14:26:08,Étudiant(e),S,Informatique; Physique; Anglais,Mathématiques; Informatique,Utiliser des outils informatiques; Travailler avec des données,Créer des applications; Analyser des données; Programmer; Automatiser des tâches,Problèmes logiques et techniques,Projets pratiques; Travaux dirigés,Pratique et théorie,Intensif et régulier,Télétravail; Bureau,Technologie; Intelligence artificielle; Programmation; Data,Seul ou en petite équipe,Développer des compétences professionnelles,IGGLIA,Analyste cyber-sécurité,2.0
2026-07-17 10:07:41,Professionnel(le),A2,Économie; Mathématiques,Économie; Français,Analyser; Négocier,Analyser un marché; Négocier; Faire du commerce,Problèmes commerciaux,Projets,Pratique,Intensif,Entreprise,Commerce; Vente; Entrepreneuriat; Marketing,En équipe,Les débouchés professionnels,AEE,Chercheur,4.0
2026-08-17 17:39:14,Professionnel(le),S,Mathématiques; Informatique,Informatique; Mathématiques,Utiliser des outils informatiques; Analyser des informations,Analyser des données; Automatiser des tâches; Programmer,Problèmes logiques et techniques,Travaux dirigés; Projets pratiques,Pratique,Intensif et régulier,Bureau,Robotique; Programmation; Data; Technologie,Seul ou en petite équipe,Développer des compétences professionnelles,IGGLIA,Développeur logiciel,5.0
2026-07-07 14:03:17,Étudiant(e),A1,Français; Histoire,Français; Anglais,Présenter; Créer; Communiquer; Rédiger,Créer du contenu; Communiquer; Présenter,Problèmes de communication,Présentations,Pratique,Dynamique,Entreprise; Studio,Publicité; Marketing; Médias; Communication,En équipe,Développer mes compétences relationnelles,TEH,Journaliste,2.0
2026-08-20 07:19:24,Étudiant(e),G,Anglais; Histoire; Français,Anglais,Communiquer; Créer; Présenter; Rédiger,Créer du contenu; Communiquer; Organiser des événements,Problèmes de communication,Projets,Pratique,Intensif et régulier,Agence; Média,Marketing; Événementiel; Communication,En équipe,Développer mes compétences relationnelles,TEH,Community manager,2.0
2026-07-16 13:31:11,Étudiant(e),S,Économie; Mathématiques; Gestion,Mathématiques; Économie,Organiser; Analyser des données; Calculer; Être rigoureux,Analyser des comptes; Gérer,Problèmes financiers,Études de cas; Travaux pratiques,Théorie et pratique,Intensif et régulier,Cabinet; Banque,Comptabilité; Gestion,Seul,Les débouchés professionnels,EMII,Chef de projet,3.0
2026-07-31 10:27:34,Professionnel(le),G,Histoire; Français,Anglais,Présenter; Communiquer; Rédiger; Créer,Communiquer; Organiser des événements,Problèmes de communication,Travaux de groupe,Pratique et théorie,Dynamique,Média; Agence,Publicité; Événementiel,En équipe,La possibilité d'évoluer professionnellement,TEE,Responsable communication,2.0
2026-08-21 12:02:02,Étudiant(e),S,Anglais; Mathématiques; Informatique,Informatique; Mathématiques,Travailler avec des données; Résoudre des problèmes logiques; Analyser des informations,Analyser des données; Créer des applications; Programmer,Problèmes logiques et techniques,Travaux dirigés,Pratique et théorie,Régulier,Bureau; Startup,Robotique; Data; Programmation,Seul ou en petite équipe,Les débouchés professionnels,IGGLIA,Data scientifique,4.0
2026-07-22 17:52:08,Étudiant(e),G,Anglais; Histoire; Français,Anglais; Français,Créer; Communiquer; Présenter,Organiser des événements; Communiquer; Créer du contenu; Présenter,Problèmes de communication,Travaux de groupe,Pratique,Dynamique,Entreprise,Médias; Publicité,En équipe,La possibilité d'évoluer professionnellement,TEH,Responsable communication,1.0
2026-08-16 08:16:51,Professionnel(le),A2,Économie; Mathématiques; Français,Économie,Communiquer; Organiser,Analyser un marché; Négocier; Faire du commerce,Problèmes commerciaux,Projets; Études de cas,Pratique et théorie,Intensif,Agence; Entreprise,Vente; Entrepreneuriat,En équipe,Créer mon entreprise,IAA,Biologiste,5.0
2026-07-03 07:44:19,Professionnel(le),S,Économie; Mathématiques,Économie,Analyser des données; Organiser; Calculer,Gérer; Analyser des comptes; Analyser des données,Problèmes financiers,Travaux pratiques; Exercices,Pratique et théorie,Intensif et régulier,Bureau; Entreprise,Audit; Comptabilité,Seul,Les perspectives de carrière,GCA,Chef de projet,4.0
2026-07-02 10:05:58,Étudiant(e),A1,Français; Histoire,Anglais; Français,Communiquer; Présenter; Créer; Rédiger,Organiser des événements; Créer du contenu,Problèmes de communication,Présentations,Pratique,Dynamique,Entreprise,Événementiel; Marketing; Communication; Publicité,En équipe,La possibilité d'évoluer professionnellement,EMP,Business developer,5.0
2026-08-20 08:20:43,Professionnel(le),A1,Anglais; Histoire,Anglais; Français,Créer; Rédiger,Créer du contenu; Organiser des événements; Présenter,Problèmes de communication,Travaux de groupe; Présentations,Pratique et théorie,Dynamique,Agence; Média,Communication; Événementiel; Marketing,En équipe,La possibilité d'évoluer professionnellement,TEH,Responsable communication,4.0
2026-07-03 12:49:49,Étudiant(e),D,Mathématiques; Physique; SVT,SVT,Expérimenter; Résoudre des problèmes; Analyser,Analyser; Rechercher; Concevoir; Faire des expériences,Problèmes scientifiques,Recherche,Pratique et théorie,Régulier,Industrie,Sciences; Environnement; Technologie,Seul ou en équipe,Être utile à la société,EMII,Ingénieur,4.0
2026-08-19 16:28:34,Étudiant(e),A2,Français; Histoire; Philosophie,Français,Rédiger; Argumenter; Communiquer; Analyser des textes,Lire des documents; Faire des recherches,Problèmes juridiques et sociaux,Études de cas,Théorie,Calme et régulier,Tribunal,Société; Droits humains,Seul ou en équipe,Aimer le domaine étudié,AEE,Spécialiste en développement rural,3.0
2026-08-16 11:07:36,Étudiant(e),A1,Français; Économie,Français; Économie,Négocier; Communiquer,Faire du commerce; Négocier; Communiquer; Analyser un marché,Problèmes commerciaux,Projets; Simulations,Pratique,Dynamique,Entreprise,Commerce; Vente,En équipe,Les débouchés professionnels,CAA,Business developer,1.0
2026-08-11 12:08:21,Étudiant(e),S,Physique; Mathématiques,Physique,Manipuler des outils ou équipements; Analyser; Observer,Faire des expériences; Rechercher; Analyser des substances; Mesurer,Problèmes scientifiques et expérimentaux,Expériences,Pratique,Régulier,Industrie,Environnement; Chimie,En équipe,La pratique professionnelle,ICMP,Technicien de laboratoire,3.0
2026-07-13 16:25:34,Étudiant(e),S,Anglais; Informatique,Mathématiques; Informatique,Analyser des informations; Utiliser des outils informatiques; Travailler avec des données; Résoudre des problèmes logiques,Automatiser des tâches; Créer des applications; Programmer; Analyser des données,Problèmes logiques et techniques,Programmation,Pratique,Intensif et régulier,Startup; Télétravail,Intelligence artificielle; Data; Programmation,En équipe,Travailler dans un secteur innovant,IGGLIA,Développeur,3.0
2026-08-08 13:23:27,Étudiant(e),S,Informatique; Mathématiques; Physique,Mathématiques,Travailler avec des données; Utiliser des outils informatiques; Analyser des informations,Automatiser des tâches; Programmer; Créer des applications,Problèmes logiques et techniques,Programmation,Pratique et théorie,Intensif et régulier,Entreprise; Télétravail,Technologie; Data,Seul ou en petite équipe,Développer des compétences professionnelles,ISAIA,Data scientifique,2.0
2026-07-05 11:09:22,Étudiant(e),G,Mathématiques; Français; Gestion,Gestion,Analyser des données; Organiser; Calculer; Planifier,Gérer un projet; Analyser un marché; Planifier,Problèmes économiques et organisationnels,Études de cas; Projets,Pratique,Dynamique,Bureau; Entreprise,Management; Économie; Entrepreneuriat; Gestion,Seul ou en équipe,Les perspectives de carrière,EMP,Chargé marketing,1.0
2026-07-26 07:46:48,Professionnel(le),S,Économie; Français,Économie,Organiser; Analyser des données; Calculer,Gérer un projet; Analyser un marché; Organiser; Planifier,Problèmes économiques et organisationnels,Études de cas; Exercices pratiques,Pratique et théorie,Dynamique,Entreprise,Gestion; Économie; Management; Entrepreneuriat,En équipe,Les perspectives de carrière,IGGLIA,Chef de projet,5.0
2026-08-25 14:59:09,Professionnel(le),G,Mathématiques; Gestion; Économie,Économie,Organiser; Calculer,Analyser des données; Analyser des comptes; Faire des calculs,Problèmes financiers,Études de cas,Pratique et théorie,Intensif et régulier,Cabinet,Finance; Gestion; Audit; Banque,Seul ou en équipe,La stabilité professionnelle,FIC,Analyste financier,1.0
2026-08-25 07:29:32,Étudiant(e),C,Physique; Mathématiques; SVT,Physique,Observer; Manipuler des outils ou équipements; Analyser; Expérimenter,Faire des expériences; Mesurer; Analyser des substances; Rechercher,Problèmes scientifiques et expérimentaux,Travaux pratiques,Pratique,Progressif,Centre de recherche,Laboratoire; Environnement; Chimie; Industrie,Seul ou en équipe,La pratique professionnelle,ICMP,Technicien,1.0
2026-07-17 10:41:47,Étudiant(e),G,Histoire; Anglais; Français,Français; Anglais,Rédiger; Présenter; Créer,Communiquer; Organiser des événements; Créer du contenu,Problèmes de communication,Présentations,Pratique et théorie,Dynamique,Studio; Agence,Communication; Marketing,En équipe,Développer son réseau professionnel,TEH,Chargé de communication,3.0
2026-07-18 12:58:06,Étudiant(e),S,Mathématiques; Informatique; Physique,Informatique,Résoudre des problèmes logiques; Analyser des informations; Utiliser des outils informatiques; Travailler avec des données,Programmer; Créer des applications; Automatiser des tâches; Analyser des données,Problèmes logiques et techniques,Projets pratiques,Pratique et théorie,Intensif et régulier,Télétravail; Startup,Intelligence artificielle; Technologie; Programmation; Data,Seul ou en petite équipe,Travailler dans un secteur innovant,IGGLIA,Analyste cyber-sécurité,2.0
2026-08-01 12:00:08,Étudiant(e),A1,Français; Mathématiques; Économie,Français; Économie,Organiser; Analyser; Communiquer,Négocier; Analyser un marché; Communiquer,Problèmes commerciaux,Études de cas; Projets,Pratique,Intensif,Entreprise,Marketing; Vente; Commerce,En équipe,Créer mon entreprise,CAA,Business developer,2.0
2026-08-11 12:21:41,Étudiant(e),S,Mathématiques; SVT; Chimie,SVT,Analyser; Manipuler des outils ou équipements; Observer; Expérimenter,Rechercher; Mesurer; Faire des expériences,Problèmes scientifiques et expérimentaux,Travaux pratiques; Laboratoire,Pratique,Régulier,Centre de recherche; Industrie,Recherche; Chimie; Environnement; Laboratoire,En équipe,Acquérir une formation solide,PIP,Chercheur en pharmacologie,4.0
2026-07-23 11:19:12,Étudiant(e),S,Chimie; Physique,SVT,Résoudre des problèmes; Analyser,Rechercher; Faire des expériences; Analyser; Concevoir,Problèmes scientifiques,Expériences,Pratique et théorie,Régulier,Laboratoire; Centre de recherche,Technologie; Recherche,Seul ou en équipe,Être utile à la société,EMII,Chercheur,5.0
2026-08-19 16:57:49,Étudiant(e),D,SVT; Mathématiques,SVT; Mathématiques,Analyser; Observer; Expérimenter,Analyser des substances; Mesurer,Problèmes scientifiques et expérimentaux,Travaux pratiques,Pratique,Régulier,Centre de recherche; Industrie,Laboratoire; Industrie; Recherche; Chimie,En équipe,La pratique professionnelle,ICMP,Technicien qualité,4.0
2026-07-09 14:38:49,Étudiant(e),S,SVT; Chimie,Chimie,Expérimenter; Observer; Manipuler des outils ou équipements; Analyser,Rechercher; Mesurer,Problèmes scientifiques et expérimentaux,Laboratoire; Travaux pratiques,Pratique et théorie,Progressif,Laboratoire; Industrie,Chimie; Environnement; Recherche,Seul ou en équipe,Aimer le domaine étudié,ICMP,Assistant de recherche,2.0
2026-07-20 13:46:36,Étudiant(e),A1,Histoire; Anglais,Français; Histoire,Communiquer; Analyser des textes,Rédiger; Débattre; Faire des recherches,Problèmes juridiques et sociaux,Lectures; Débats,Théorie,Régulier,Administration; Institution publique,Société; Droits humains,Seul ou en équipe,La stabilité professionnelle,DTJA,Conseiller juridique,1.0
2026-08-13 14:59:20,Étudiant(e),S,Informatique; Anglais,Mathématiques; Informatique,Utiliser des outils informatiques; Résoudre des problèmes logiques; Travailler avec des données; Analyser des informations,Analyser des données; Programmer; Créer des applications; Automatiser des tâches,Problèmes logiques et techniques,Programmation,Pratique,Intensif et régulier,Entreprise; Télétravail,Data; Robotique; Intelligence artificielle; Programmation,Seul ou en petite équipe,Les débouchés professionnels,IGGLIA,Data scientifique,5.0
2026-07-27 15:05:28,Professionnel(le),S,Mathématiques; Informatique; Physique,Mathématiques; Informatique,Utiliser des outils informatiques; Analyser des informations,Programmer; Automatiser des tâches; Analyser des données; Créer des applications,Problèmes logiques et techniques,Programmation,Pratique et théorie,Intensif et régulier,Bureau; Télétravail,Programmation; Intelligence artificielle,En équipe,Les débouchés professionnels,IGGLIA,Développeur logiciel,2.0
2026-08-09 07:29:14,Étudiant(e),S,Anglais; Physique; Mathématiques,Informatique; Mathématiques,Analyser des informations; Utiliser des outils informatiques; Travailler avec des données,Créer des applications; Programmer; Analyser des données; Automatiser des tâches,Problèmes logiques et techniques,Travaux dirigés; Programmation,Pratique,Intensif et régulier,Startup,Technologie; Intelligence artificielle; Programmation; Robotique,Seul ou en petite équipe,Travailler dans un secteur innovant,IGGLIA,Analyste cyber-sécurité,5.0
2026-07-08 08:50:30,Étudiant(e),G,Gestion; Économie; Mathématiques,Économie,Calculer; Analyser des données,Faire des calculs; Gérer,Problèmes financiers,Exercices; Travaux pratiques,Pratique et théorie,Intensif et régulier,Entreprise; Cabinet,Gestion; Banque; Audit,Seul,Les perspectives de carrière,FIC,Auditeur,1.0
2026-07-01 17:46:07,Étudiant(e),A2,Philosophie; Français,Philosophie; Histoire,Communiquer; Rédiger; Analyser des textes,Faire des recherches; Lire des documents,Problèmes juridiques et sociaux,Études de cas; Débats,Théorie,Calme et régulier,Institution publique,Justice; Administration; Droit,Seul,Aimer le domaine étudié,AEE,Assistant de recherche,5.0
2026-08-19 13:40:37,Étudiant(e),G,Français; Anglais; Histoire,Anglais,Créer; Communiquer; Rédiger; Présenter,Communiquer; Présenter,Problèmes de communication,Travaux de groupe; Présentations,Pratique,Dynamique,Entreprise,Événementiel; Médias; Publicité; Marketing,En équipe,Développer mes compétences relationnelles,EMP,Chargé marketing,4.0
2026-07-20 16:59:27,Professionnel(le),S,Anglais; Informatique; Physique,Informatique; Mathématiques,Analyser des informations; Résoudre des problèmes logiques; Utiliser des outils informatiques,Programmer; Analyser des données,Problèmes logiques et techniques,Projets pratiques,Pratique,Régulier,Télétravail; Bureau,Technologie; Robotique; Data,En équipe,Travailler dans un secteur innovant,ISAIA,Développeur logiciel,3.0
2026-07-01 08:57:27,Professionnel(le),S,Physique; Informatique; Mathématiques,Mathématiques,Utiliser des outils informatiques; Résoudre des problèmes logiques,Automatiser des tâches; Analyser des données; Programmer; Créer des applications,Problèmes logiques et techniques,Projets pratiques,Pratique,Régulier,Startup; Bureau,Robotique; Data; Intelligence artificielle,Seul ou en petite équipe,Travailler dans un secteur innovant,IGGLIA,Ingénieur IA,4.0
2026-08-20 11:28:45,Étudiant(e),A2,Histoire; Français,Français; Anglais,Communiquer; Créer; Rédiger,Présenter; Créer du contenu; Communiquer,Problèmes de communication,Travaux de groupe; Présentations,Pratique,Dynamique,Studio; Agence,Marketing; Communication; Publicité; Événementiel,En équipe,Développer mes compétences relationnelles,AEE,Ingénieur agronome,4.0
2026-08-24 12:02:00,Étudiant(e),C,Physique; Chimie,SVT; Mathématiques,Analyser; Résoudre des problèmes; Expérimenter; Observer,Faire des expériences; Rechercher; Concevoir; Analyser,Problèmes scientifiques,Recherche; Expériences,Pratique et théorie,Intensif et régulier,Centre de recherche,Technologie; Recherche,Seul ou en équipe,Acquérir une formation solide,EMII,Ingénieur,3.0
2026-08-14 14:14:42,Étudiant(e),S,Mathématiques; Économie; Gestion,Économie,Être rigoureux; Analyser des données,Analyser des comptes; Faire des calculs; Analyser des données,Problèmes financiers,Exercices; Études de cas,Pratique et théorie,Intensif et régulier,Entreprise; Cabinet,Comptabilité; Gestion; Finance,Seul ou en équipe,La stabilité professionnelle,ISAIA,Développeur full-stack,3.0
2026-08-25 10:50:13,Étudiant(e),A1,Histoire; Anglais,Français; Anglais,Présenter; Communiquer,Créer du contenu; Présenter; Communiquer; Organiser des événements,Problèmes de communication,Travaux de groupe,Pratique et théorie,Intensif et régulier,Entreprise; Agence,Communication; Événementiel,En équipe,Développer son réseau professionnel,TEH,Community manager,3.0
2026-07-15 09:37:34,Professionnel(le),G,Gestion; Économie; Français,Mathématiques; Économie,Planifier; Calculer; Analyser des données; Organiser,Planifier; Gérer un projet,Problèmes économiques et organisationnels,Exercices pratiques,Pratique et théorie,Régulier,Administration,Management; Gestion,Seul ou en équipe,Les perspectives de carrière,CAA,Manager,3.0
2026-08-02 08:46:42,Professionnel(le),C,Physique; Mathématiques,Chimie; Mathématiques,Expérimenter; Analyser,Mesurer; Analyser des substances; Rechercher,Problèmes scientifiques et expérimentaux,Laboratoire; Travaux pratiques,Pratique et théorie,Régulier,Centre de recherche; Industrie,Industrie; Chimie; Laboratoire,Seul ou en équipe,La pratique professionnelle,ICMP,Technicien qualité,2.0
2026-07-04 16:06:16,Professionnel(le),G,Histoire; Anglais,Anglais,Présenter; Communiquer; Rédiger,Créer du contenu; Organiser des événements,Problèmes de communication,Travaux de groupe; Présentations,Pratique et théorie,Intensif et régulier,Agence,Communication; Événementiel; Publicité; Marketing,En équipe,Développer mes compétences relationnelles,TEE,Journaliste,1.0
2026-08-23 13:49:43,Étudiant(e),S,Économie; Mathématiques; Français,Économie; Gestion,Analyser des données; Calculer,Organiser; Analyser un marché; Gérer un projet; Planifier,Problèmes économiques et organisationnels,Études de cas; Projets,Pratique et théorie,Régulier,Bureau; Entreprise,Gestion; Économie; Management,Seul ou en équipe,Les débouchés professionnels,IGGLIA,Chef de projet,3.0
2026-07-20 17:53:23,Étudiant(e),A2,Anglais; Français,Anglais,Communiquer; Rédiger; Présenter; Créer,Organiser des événements; Présenter,Problèmes de communication,Travaux de groupe; Présentations,Pratique et théorie,Intensif et régulier,Studio,Marketing; Médias,En équipe,Développer mes compétences relationnelles,PIP,Biologiste,1.0
2026-08-19 17:30:03,Étudiant(e),C,SVT; Chimie; Mathématiques,Mathématiques; Physique,Expérimenter; Analyser; Résoudre des problèmes; Observer,Analyser; Faire des expériences; Concevoir,Problèmes scientifiques,Expériences; Recherche,Pratique et théorie,Régulier,Laboratoire,Recherche; Environnement; Sciences; Technologie,En équipe,Acquérir une formation solide,ESIIA,Chercheur,1.0
2026-07-28 15:38:40,Professionnel(le),D,Chimie; Mathématiques,Chimie,Analyser; Observer; Expérimenter; Manipuler des outils ou équipements,Faire des expériences; Mesurer; Rechercher; Analyser des substances,Problèmes scientifiques et expérimentaux,Laboratoire; Travaux pratiques,Pratique,Progressif,Laboratoire; Centre de recherche,Environnement; Industrie; Chimie; Laboratoire,Seul ou en équipe,La pratique professionnelle,PIP,Chimiste,4.0
2026-07-02 14:20:46,Étudiant(e),G,Mathématiques; Français,Économie,Analyser; Négocier; Communiquer; Organiser,Communiquer; Analyser un marché,Problèmes commerciaux,Simulations,Pratique,Intensif,Agence; Entreprise,Marketing; Commerce; Entrepreneuriat; Vente,En équipe,Créer mon entreprise,TEE,Responsable communication,2.0
2026-07-04 15:30:34,Professionnel(le),A2,Français; Anglais; Histoire,Français; Philosophie,Communiquer; Rédiger; Analyser des textes,Faire des recherches; Débattre; Lire des documents; Rédiger,Problèmes juridiques et sociaux,Lectures; Études de cas,Pratique et théorie,Calme et régulier,Cabinet; Institution publique,Société; Droit; Justice; Administration,Seul,La stabilité professionnelle,PIP,Spécialiste en réglementaire pharmaceutique,3.0
2026-07-30 14:59:25,Étudiant(e),A1,Mathématiques; Économie,Mathématiques,Organiser; Planifier,Gérer un projet; Analyser un marché,Problèmes économiques et organisationnels,Projets,Pratique et théorie,Régulier,Entreprise; Bureau,Management; Gestion,En équipe,Créer mon entreprise,TEE,Journaliste,5.0
2026-07-22 17:57:52,Étudiant(e),A1,Économie; Mathématiques,Économie; Français,Organiser; Analyser,Négocier; Analyser un marché,Problèmes commerciaux,Simulations; Projets,Pratique,Dynamique,Entreprise,Entrepreneuriat; Vente; Marketing; Commerce,En équipe,Créer mon entreprise,CAA,Business developer,4.0
2026-07-06 16:41:35,Professionnel(le),A2,Français; Économie,Économie; Français,Organiser; Analyser,Communiquer; Négocier; Faire du commerce,Problèmes commerciaux,Projets,Pratique et théorie,Dynamique,Entreprise,Commerce; Entrepreneuriat; Vente,En équipe,Les débouchés professionnels,AEE,Biologiste,4.0
2026-07-03 16:51:23,Étudiant(e),A2,Anglais; Philosophie,Français,Argumenter; Communiquer; Analyser des textes; Rédiger,Rédiger; Lire des documents; Débattre,Problèmes juridiques et sociaux,Débats; Lectures,Théorie,Régulier,Administration; Cabinet,Justice; Droit,Seul,La stabilité professionnelle,IAA,Chercheur,2.0
2026-07-29 08:52:44,Étudiant(e),A1,Anglais; Français,Anglais; Français,Communiquer; Rédiger,Organiser des événements; Présenter; Créer du contenu; Communiquer,Problèmes de communication,Présentations; Projets,Pratique,Intensif et régulier,Média,Publicité; Marketing; Médias,En équipe,Développer mes compétences relationnelles,TEH,Chargé marketing,5.0
2026-08-21 15:15:44,Professionnel(le),S,Physique; Mathématiques; Chimie,Mathématiques; Chimie,Manipuler des outils ou équipements; Observer,Analyser des substances; Mesurer; Faire des expériences; Rechercher,Problèmes scientifiques et expérimentaux,Expériences; Laboratoire,Pratique et théorie,Régulier,Centre de recherche,Industrie; Environnement,En équipe,La pratique professionnelle,GCA,Ingénieur,5.0
2026-07-28 12:31:36,Étudiant(e),A2,Histoire; Français,Français; Anglais,Créer; Présenter,Présenter; Communiquer; Créer du contenu,Problèmes de communication,Projets,Pratique,Intensif et régulier,Studio; Média,Événementiel; Publicité; Communication; Marketing,En équipe,Développer son réseau professionnel,PIP,Biologiste,5.0
2026-07-21 09:34:15,Professionnel(le),C,Physique; Chimie; SVT,SVT; Mathématiques,Observer; Manipuler des outils ou équipements; Analyser,Faire des expériences; Rechercher; Mesurer; Analyser des substances,Problèmes scientifiques et expérimentaux,Travaux pratiques,Pratique et théorie,Progressif,Industrie; Centre de recherche,Laboratoire; Environnement; Recherche,Seul ou en équipe,La pratique professionnelle,PIP,Chimiste,3.0
2026-07-18 13:01:09,Étudiant(e),A2,Philosophie; Histoire,Histoire,Analyser des textes; Argumenter,Faire des recherches; Débattre; Lire des documents; Rédiger,Problèmes juridiques et sociaux,Lectures; Études de cas,Pratique et théorie,Régulier,Administration,Droit; Société; Justice,Seul ou en équipe,La reconnaissance du diplôme,AEE,Spécialiste en développement rural,2.0
2026-08-07 11:56:36,Étudiant(e),S,Physique; Anglais,Mathématiques; Informatique,Résoudre des problèmes logiques; Travailler avec des données; Utiliser des outils informatiques,Créer des applications; Programmer; Automatiser des tâches; Analyser des données,Problèmes logiques et techniques,Programmation,Pratique et théorie,Intensif et régulier,Télétravail,Data; Intelligence artificielle; Programmation; Technologie,En équipe,Les débouchés professionnels,IGGLIA,Analyste cyber-sécurité,3.0
2026-08-22 07:27:08,Professionnel(le),S,Anglais; Mathématiques; Physique,Informatique; Mathématiques,Travailler avec des données; Résoudre des problèmes logiques,Programmer; Créer des applications,Problèmes logiques et techniques,Programmation; Travaux dirigés,Pratique,Intensif et régulier,Bureau; Télétravail,Technologie; Programmation; Data,En équipe,Développer des compétences professionnelles,IMTICIA,Ingénieur logiciel,4.0
2026-08-15 13:49:22,Étudiant(e),A1,Gestion; Mathématiques,Gestion,Analyser des données; Organiser; Calculer; Planifier,Planifier; Analyser un marché; Organiser; Gérer un projet,Problèmes économiques et organisationnels,Études de cas; Projets,Pratique et théorie,Dynamique,Bureau,Entrepreneuriat; Gestion; Économie; Management,Seul ou en équipe,Les perspectives de carrière,EMP,Chef de projet,1.0
2026-07-09 09:39:29,Professionnel(le),S,Économie; Gestion,Économie,Organiser; Calculer; Être rigoureux; Analyser des données,Analyser des comptes; Gérer; Faire des calculs,Problèmes financiers,Travaux pratiques,Pratique et théorie,Intensif et régulier,Bureau,Audit; Banque,Seul ou en équipe,Les perspectives de carrière,IMTICIA,Technicien informatique,5.0
2026-08-25 12:56:43,Professionnel(le),S,Anglais; Informatique; Physique,Mathématiques,Analyser des informations; Utiliser des outils informatiques; Travailler avec des données; Résoudre des problèmes logiques,Programmer; Analyser des données,Problèmes logiques et techniques,Projets pratiques; Programmation,Pratique,Intensif et régulier,Startup,Robotique; Technologie; Programmation,Seul ou en petite équipe,Développer des compétences professionnelles,ESIIA,Ingénieur logiciel,4.0
2026-07-19 09:03:38,Professionnel(le),A1,Anglais; Français,Français; Anglais,Communiquer; Rédiger; Présenter,Organiser des événements; Communiquer; Créer du contenu,Problèmes de communication,Projets,Pratique et théorie,Dynamique,Média,Communication; Médias; Publicité; Événementiel,En équipe,Développer mes compétences relationnelles,TEH,Responsable communication,4.0
2026-08-18 12:00:16,Étudiant(e),S,Anglais; Mathématiques; Physique,Mathématiques,Travailler avec des données; Résoudre des problèmes logiques,Automatiser des tâches; Analyser des données,Problèmes logiques et techniques,Programmation; Projets pratiques,Pratique,Régulier,Entreprise; Startup,Intelligence artificielle; Programmation; Robotique,En équipe,Les débouchés professionnels,ESIIA,Ingénieur IA,4.0
2026-08-19 07:34:06,Étudiant(e),S,SVT; Mathématiques,SVT; Physique,Résoudre des problèmes; Expérimenter; Observer; Analyser,Rechercher; Faire des expériences,Problèmes scientifiques,Expériences,Pratique et théorie,Intensif et régulier,Laboratoire; Centre de recherche,Sciences; Recherche; Technologie; Environnement,En équipe,Acquérir une formation solide,AEE,Ingénieur agronome,4.0
2026-07-25 16:06:43,Professionnel(le),A1,Mathématiques; Gestion,Mathématiques,Calculer; Planifier,Organiser; Planifier,Problèmes économiques et organisationnels,Études de cas; Exercices pratiques,Pratique et théorie,Régulier,Entreprise; Administration,Entrepreneuriat; Gestion; Management,Seul ou en équipe,Les débouchés professionnels,CAA,Manager,3.0
2026-07-26 07:34:15,Étudiant(e),S,Mathématiques; SVT; Chimie,Mathématiques; Physique,Observer; Analyser; Résoudre des problèmes; Expérimenter,Faire des expériences; Rechercher; Concevoir,Problèmes scientifiques,Expériences; Travaux pratiques,Pratique et théorie,Intensif et régulier,Centre de recherche; Laboratoire,Sciences; Environnement; Technologie,Seul ou en équipe,Acquérir une formation solide,EMII,Chercheur,5.0
2026-08-24 09:14:07,Professionnel(le),G,Gestion; Mathématiques,Mathématiques,Calculer; Analyser des données; Organiser; Être rigoureux,Analyser des données; Analyser des comptes; Gérer; Faire des calculs,Problèmes financiers,Travaux pratiques; Études de cas,Pratique et théorie,Intensif et régulier,Cabinet,Finance; Audit; Comptabilité,Seul ou en équipe,Les débouchés professionnels,FIC,Analyste financier,3.0
2026-07-16 17:19:57,Étudiant(e),S,Anglais; Informatique; Physique,Informatique,Résoudre des problèmes logiques; Travailler avec des données; Utiliser des outils informatiques; Analyser des informations,Créer des applications; Programmer; Automatiser des tâches; Analyser des données,Problèmes logiques et techniques,Projets pratiques,Pratique,Intensif et régulier,Télétravail,Technologie; Robotique; Data,En équipe,Développer des compétences professionnelles,ISAIA,Analyste cyber-sécurité,3.0
2026-08-09 13:36:12,Étudiant(e),D,Chimie; Mathématiques; Physique,Chimie; Physique,Observer; Manipuler des outils ou équipements,Rechercher; Faire des expériences,Problèmes scientifiques et expérimentaux,Travaux pratiques; Expériences,Pratique et théorie,Progressif,Centre de recherche,Chimie; Environnement; Industrie; Laboratoire,En équipe,Acquérir une formation solide,GCA,Ingénieur,1.0
2026-07-24 12:33:26,Étudiant(e),C,SVT; Chimie; Physique,Chimie; Mathématiques,Manipuler des outils ou équipements; Analyser; Expérimenter; Observer,Faire des expériences; Analyser des substances,Problèmes scientifiques et expérimentaux,Expériences; Laboratoire,Pratique et théorie,Régulier,Centre de recherche; Laboratoire,Recherche; Chimie; Laboratoire,En équipe,Aimer le domaine étudié,IAA,Technicien de laboratoire,4.0
2026-07-07 15:03:09,Étudiant(e),A2,Français; Anglais; Philosophie,Français,Rédiger; Communiquer; Analyser des textes; Argumenter,Débattre; Rédiger; Lire des documents,Problèmes juridiques et sociaux,Débats; Lectures,Théorie,Calme et régulier,Cabinet,Administration; Justice; Société; Droits humains,Seul ou en équipe,Aimer le domaine étudié,AEE,Spécialiste en développement rural,2.0
2026-07-22 15:26:16,Professionnel(le),G,Mathématiques; Gestion,Mathématiques,Calculer; Organiser; Analyser des données; Être rigoureux,Analyser des données; Faire des calculs; Gérer,Problèmes financiers,Études de cas; Exercices,Pratique et théorie,Régulier,Cabinet,Finance; Audit; Comptabilité,Seul ou en équipe,La stabilité professionnelle,FIC,Comptable,1.0
2026-08-09 17:33:37,Étudiant(e),A2,Philosophie; Anglais; Français,Histoire,Argumenter; Rédiger; Communiquer,Lire des documents; Faire des recherches; Débattre; Rédiger,Problèmes juridiques et sociaux,Débats; Lectures,Pratique et théorie,Régulier,Cabinet,Droits humains; Justice; Société; Administration,Seul ou en équipe,La reconnaissance du diplôme,IAA,Technicien agricole,5.0
2026-07-03 10:04:58,Étudiant(e),A2,Économie; Mathématiques,Français; Économie,Communiquer; Organiser; Négocier; Analyser,Négocier; Analyser un marché; Communiquer; Faire du commerce,Problèmes commerciaux,Études de cas,Pratique et théorie,Intensif,Agence; Entreprise,Vente; Marketing; Commerce; Entrepreneuriat,En équipe,Les débouchés professionnels,AEE,Technicien de laboratoire,1.0
2026-07-16 07:43:42,Étudiant(e),D,SVT; Mathématiques; Chimie,Mathématiques; Physique,Analyser; Expérimenter; Manipuler des outils ou équipements; Observer,Faire des expériences; Mesurer; Analyser des substances,Problèmes scientifiques et expérimentaux,Travaux pratiques; Expériences,Pratique et théorie,Progressif,Centre de recherche,Laboratoire; Industrie,En équipe,Acquérir une formation solide,ICMP,Technicien qualité,2.0
2026-07-22 16:09:24,Professionnel(le),G,Mathématiques; Français; Économie,Économie; Français,Communiquer; Organiser; Analyser; Négocier,Négocier; Analyser un marché,Problèmes commerciaux,Projets,Pratique et théorie,Intensif,Entreprise,Vente; Entrepreneuriat; Marketing; Commerce,En équipe,Les perspectives de carrière,CAA,Commercial,4.0
2026-07-23 15:00:31,Étudiant(e),A2,Français; Économie; Mathématiques,Économie,Négocier; Analyser; Communiquer,Négocier; Analyser un marché,Problèmes commerciaux,Simulations; Études de cas,Pratique et théorie,Intensif,Commerce,Vente; Entrepreneuriat,En équipe,Les débouchés professionnels,AEE,Biologiste,3.0
2026-07-25 13:28:32,Étudiant(e),S,Mathématiques; Gestion; Économie,Économie; Mathématiques,Calculer; Analyser des données; Être rigoureux; Organiser,Gérer; Faire des calculs,Problèmes financiers,Travaux pratiques,Théorie et pratique,Intensif et régulier,Entreprise; Cabinet,Finance; Banque,Seul,Les débouchés professionnels,EMII,Manager,3.0
2026-08-23 14:03:41,Étudiant(e),A1,Histoire; Français; Anglais,Français; Anglais,Rédiger; Communiquer; Présenter,Présenter; Créer du contenu,Problèmes de communication,Présentations; Projets,Pratique et théorie,Dynamique,Média,Marketing; Communication; Publicité,En équipe,Développer son réseau professionnel,TEE,Responsable communication,5.0
2026-07-22 09:50:11,Étudiant(e),A1,Français; Économie,Gestion; Mathématiques,Analyser des données; Planifier; Calculer; Organiser,Planifier; Analyser un marché; Gérer un projet; Organiser,Problèmes économiques et organisationnels,Exercices pratiques; Projets,Pratique et théorie,Dynamique,Administration,Gestion; Management,En équipe,Créer mon entreprise,CAA,Manager,5.0
2026-08-14 13:16:04,Étudiant(e),G,Mathématiques; Gestion; Économie,Économie; Mathématiques,Calculer; Analyser des données; Être rigoureux,Gérer; Analyser des comptes; Faire des calculs,Problèmes financiers,Études de cas; Travaux pratiques,Théorie et pratique,Régulier,Entreprise; Cabinet,Banque; Audit,Seul ou en équipe,La stabilité professionnelle,FIC,Data analyst,4.0
2026-07-27 07:13:59,Étudiant(e),A2,Anglais; Philosophie,Histoire,Argumenter; Communiquer; Analyser des textes,Rédiger; Faire des recherches; Lire des documents,Problèmes juridiques et sociaux,Lectures,Pratique et théorie,Régulier,Administration; Institution publique,Droits humains; Justice; Société,Seul,La reconnaissance du diplôme,PIP,Technicien qualité,5.0
2026-07-10 07:48:23,Étudiant(e),A2,Français; Histoire,Français; Anglais,Créer; Présenter,Organiser des événements; Créer du contenu,Problèmes de communication,Travaux de groupe; Projets,Pratique et théorie,Intensif et régulier,Entreprise,Communication; Publicité; Marketing,En équipe,Développer son réseau professionnel,PIP,Assistant de recherche,2.0
2026-07-10 12:32:26,Étudiant(e),G,Économie; Français; Mathématiques,Économie,Calculer; Organiser; Analyser des données,Planifier; Gérer un projet,Problèmes économiques et organisationnels,Exercices pratiques,Pratique,Régulier,Entreprise; Bureau,Économie; Gestion,Seul ou en équipe,Créer mon entreprise,CAA,Responsable administratif,3.0
2026-07-08 15:36:42,Professionnel(le),C,Physique; Chimie; Mathématiques,Physique; SVT,Observer; Expérimenter; Analyser,Rechercher; Faire des expériences; Analyser,Problèmes scientifiques,Recherche; Expériences,Pratique et théorie,Intensif et régulier,Industrie,Environnement; Sciences,Seul ou en équipe,Acquérir une formation solide,ESIIA,Technicien,2.0
2026-07-15 09:43:13,Étudiant(e),S,Gestion; Français; Économie,Mathématiques,Analyser des données; Calculer,Analyser un marché; Planifier; Organiser,Problèmes économiques et organisationnels,Études de cas; Exercices pratiques,Pratique,Régulier,Entreprise,Économie; Management; Entrepreneuriat,Seul ou en équipe,Les perspectives de carrière,GCA,Manager,1.0
2026-08-11 10:52:41,Étudiant(e),S,Chimie; SVT,Physique; Mathématiques,Analyser; Résoudre des problèmes; Observer; Expérimenter,Rechercher; Analyser; Concevoir,Problèmes scientifiques,Expériences; Travaux pratiques,Pratique et théorie,Intensif et régulier,Centre de recherche; Industrie,Technologie; Environnement; Sciences; Recherche,En équipe,Acquérir une formation solide,GCA,Assistant de recherche,1.0
2026-07-14 15:56:26,Étudiant(e),C,Mathématiques; Chimie,Chimie,Analyser; Observer; Manipuler des outils ou équipements,Rechercher; Faire des expériences; Mesurer; Analyser des substances,Problèmes scientifiques et expérimentaux,Expériences; Laboratoire,Pratique,Régulier,Industrie; Centre de recherche,Laboratoire; Environnement; Recherche,En équipe,Aimer le domaine étudié,PIP,Technicien qualité,4.0
2026-08-04 08:27:06,Étudiant(e),D,Mathématiques; SVT,Chimie,Expérimenter; Manipuler des outils ou équipements; Analyser; Observer,Rechercher; Mesurer; Analyser des substances; Faire des expériences,Problèmes scientifiques et expérimentaux,Travaux pratiques; Expériences,Pratique et théorie,Progressif,Laboratoire,Chimie; Laboratoire,Seul ou en équipe,Acquérir une formation solide,IAA,Technicien de laboratoire,1.0
2026-07-23 13:25:28,Étudiant(e),G,Français; Gestion; Mathématiques,Économie; Mathématiques,Organiser; Analyser des données; Calculer; Planifier,Organiser; Gérer un projet; Planifier; Analyser un marché,Problèmes économiques et organisationnels,Études de cas; Projets,Pratique,Dynamique,Administration; Entreprise,Management; Entrepreneuriat,En équipe,Créer mon entreprise,EMP,Manager,5.0
2026-07-23 10:26:55,Étudiant(e),S,Anglais; Physique,Mathématiques; Informatique,Utiliser des outils informatiques; Analyser des informations,Automatiser des tâches; Programmer; Créer des applications; Analyser des données,Problèmes logiques et techniques,Programmation; Travaux dirigés,Pratique et théorie,Intensif et régulier,Entreprise; Bureau,Data; Programmation; Intelligence artificielle; Robotique,Seul ou en petite équipe,Travailler dans un secteur innovant,IGGLIA,Développeur,2.0
2026-08-13 12:25:37,Étudiant(e),G,Gestion; Économie; Mathématiques,Mathématiques,Calculer; Analyser des données; Être rigoureux,Faire des calculs; Analyser des données; Gérer; Analyser des comptes,Problèmes financiers,Études de cas,Théorie et pratique,Régulier,Cabinet,Comptabilité; Audit; Banque,Seul ou en équipe,La stabilité professionnelle,FIC,Auditeur,2.0
2026-08-09 08:51:08,Étudiant(e),D,SVT; Physique,Mathématiques; Physique,Observer; Expérimenter,Mesurer; Rechercher; Analyser des substances,Problèmes scientifiques et expérimentaux,Laboratoire; Expériences,Pratique,Régulier,Industrie; Laboratoire,Recherche; Laboratoire; Chimie,En équipe,Aimer le domaine étudié,ICMP,Technicien de laboratoire,5.0
2026-08-15 12:45:01,Étudiant(e),D,Chimie; SVT; Mathématiques,Physique,Manipuler des outils ou équipements; Expérimenter; Observer,Faire des expériences; Rechercher,Problèmes scientifiques et expérimentaux,Travaux pratiques; Laboratoire,Pratique et théorie,Régulier,Laboratoire; Industrie,Laboratoire; Recherche,Seul ou en équipe,La pratique professionnelle,GCA,Chercheur,3.0
2026-08-02 17:58:42,Étudiant(e),G,Économie; Mathématiques; Français,Mathématiques; Économie,Calculer; Planifier; Analyser des données,Planifier; Gérer un projet,Problèmes économiques et organisationnels,Projets; Études de cas,Pratique,Dynamique,Entreprise; Bureau,Gestion; Économie; Management,Seul ou en équipe,Créer mon entreprise,EMP,Chef de projet,3.0
2026-08-10 12:22:16,Étudiant(e),G,Gestion; Mathématiques; Économie,Économie,Planifier; Calculer; Organiser,Organiser; Planifier; Gérer un projet,Problèmes économiques et organisationnels,Exercices pratiques; Études de cas,Pratique et théorie,Régulier,Administration,Gestion; Économie,Seul ou en équipe,Créer mon entreprise,EMP,Responsable communication,1.0
2026-07-07 09:06:10,Étudiant(e),S,Physique; Mathématiques; Informatique,Informatique; Mathématiques,Utiliser des outils informatiques; Analyser des informations,Automatiser des tâches; Analyser des données,Problèmes logiques et techniques,Travaux dirigés; Projets pratiques,Pratique,Régulier,Entreprise,Data; Intelligence artificielle; Robotique,Seul ou en petite équipe,Développer des compétences professionnelles,ISAIA,Analyste cyber-sécurité,4.0
2026-07-27 12:27:06,Étudiant(e),A1,Anglais; Français,Français; Anglais,Rédiger; Communiquer; Créer,Organiser des événements; Communiquer; Présenter,Problèmes de communication,Présentations,Pratique,Intensif et régulier,Entreprise,Marketing; Événementiel; Médias,En équipe,Développer son réseau professionnel,TEH,Community manager,4.0
2026-08-05 09:16:01,Étudiant(e),S,Mathématiques; Anglais,Mathématiques,Travailler avec des données; Utiliser des outils informatiques,Créer des applications; Automatiser des tâches,Problèmes logiques et techniques,Travaux dirigés; Projets pratiques,Pratique,Intensif et régulier,Startup; Télétravail,Technologie; Programmation; Data; Robotique,Seul ou en petite équipe,Développer des compétences professionnelles,IMTICIA,Technicien informatique,2.0
2026-08-04 15:13:02,Professionnel(le),D,SVT; Chimie; Physique,SVT,Expérimenter; Observer; Résoudre des problèmes; Analyser,Analyser; Concevoir; Faire des expériences,Problèmes scientifiques,Travaux pratiques,Pratique et théorie,Intensif et régulier,Laboratoire; Centre de recherche,Environnement; Technologie,Seul ou en équipe,Être utile à la société,IMTICIA,Assistant de recherche,1.0
2026-08-03 10:05:11,Professionnel(le),A1,Histoire; Philosophie,Philosophie; Français,Communiquer; Analyser des textes; Rédiger,Faire des recherches; Lire des documents; Débattre,Problèmes juridiques et sociaux,Lectures; Études de cas,Théorie,Régulier,Cabinet; Administration,Société; Justice,Seul,Aimer le domaine étudié,DTJA,Avocat,4.0
2026-08-03 09:52:17,Professionnel(le),G,Histoire; Anglais,Anglais; Français,Présenter; Communiquer; Rédiger,Créer du contenu; Communiquer; Présenter; Organiser des événements,Problèmes de communication,Présentations; Projets,Pratique,Intensif et régulier,Agence; Entreprise,Médias; Marketing,En équipe,Développer mes compétences relationnelles,TEH,Responsable communication,5.0
2026-07-04 13:27:01,Étudiant(e),S,Gestion; Économie,Gestion,Planifier; Organiser,Planifier; Organiser; Analyser un marché,Problèmes économiques et organisationnels,Projets; Études de cas,Pratique et théorie,Dynamique,Bureau,Économie; Gestion; Entrepreneuriat; Management,Seul ou en équipe,Créer mon entreprise,ESIIA,Data scientifique,5.0
2026-07-06 08:09:22,Étudiant(e),G,Gestion; Mathématiques; Économie,Économie,Analyser des données; Calculer,Organiser; Analyser un marché,Problèmes économiques et organisationnels,Projets,Pratique et théorie,Dynamique,Entreprise,Entrepreneuriat; Économie; Management; Gestion,En équipe,Les débouchés professionnels,EMP,Manager,1.0
2026-08-05 10:35:49,Étudiant(e),D,SVT; Chimie,Mathématiques; SVT,Observer; Expérimenter; Analyser; Manipuler des outils ou équipements,Rechercher; Mesurer; Analyser des substances,Problèmes scientifiques et expérimentaux,Laboratoire,Pratique et théorie,Progressif,Centre de recherche; Industrie,Laboratoire; Environnement; Chimie; Recherche,En équipe,Acquérir une formation solide,PIP,Biologiste,4.0
2026-08-02 08:56:33,Étudiant(e),A1,Histoire; Français; Philosophie,Philosophie,Communiquer; Rédiger; Argumenter; Analyser des textes,Lire des documents; Rédiger; Faire des recherches; Débattre,Problèmes juridiques et sociaux,Lectures,Pratique et théorie,Régulier,Cabinet; Institution publique,Droit; Société; Justice; Droits humains,Seul ou en équipe,Aimer le domaine étudié,DTJA,Juriste,5.0
2026-07-19 11:20:31,Professionnel(le),A2,Histoire; Français,Philosophie,Rédiger; Analyser des textes,Lire des documents; Faire des recherches; Débattre; Rédiger,Problèmes juridiques et sociaux,Débats; Lectures,Pratique et théorie,Régulier,Cabinet,Droit; Justice; Droits humains; Administration,Seul,La stabilité professionnelle,IAA,Expert en qualité alimentaire,5.0
2026-08-05 07:13:37,Étudiant(e),D,Physique; Mathématiques; Chimie,Physique,Observer; Analyser; Expérimenter,Analyser des substances; Rechercher; Mesurer; Faire des expériences,Problèmes scientifiques et expérimentaux,Expériences; Laboratoire,Pratique,Régulier,Centre de recherche,Industrie; Recherche; Laboratoire,Seul ou en équipe,La pratique professionnelle,ICMP,Technicien,1.0
2026-08-20 11:49:03,Professionnel(le),C,Physique; Chimie,Mathématiques; SVT,Résoudre des problèmes; Expérimenter,Rechercher; Analyser,Problèmes scientifiques,Expériences; Travaux pratiques,Pratique et théorie,Régulier,Industrie,Technologie; Environnement; Recherche,Seul ou en équipe,Être utile à la société,IMTICIA,Ingénieur IA,1.0
2026-07-26 13:58:39,Étudiant(e),G,Gestion; Économie,Économie,Calculer; Être rigoureux,Faire des calculs; Analyser des comptes; Analyser des données,Problèmes financiers,Exercices,Pratique et théorie,Intensif et régulier,Cabinet; Banque,Gestion; Banque; Finance,Seul,La stabilité professionnelle,FIC,Contrôleur de gestion,3.0
2026-07-11 15:16:49,Étudiant(e),S,Gestion; Mathématiques,Gestion,Organiser; Analyser des données; Calculer; Planifier,Analyser un marché; Planifier; Gérer un projet,Problèmes économiques et organisationnels,Études de cas; Projets,Pratique et théorie,Dynamique,Bureau; Entreprise,Entrepreneuriat; Gestion; Management; Économie,En équipe,Les perspectives de carrière,GCA,Chef de projet,4.0
2026-08-11 16:03:04,Étudiant(e),S,Chimie; Mathématiques,SVT,Expérimenter; Observer; Analyser; Résoudre des problèmes,Analyser; Concevoir; Faire des expériences; Rechercher,Problèmes scientifiques,Expériences; Recherche,Pratique et théorie,Régulier,Laboratoire,Recherche; Environnement; Technologie,En équipe,Acquérir une formation solide,EMII,Assistant de recherche,5.0
2026-08-08 16:11:18,Professionnel(le),A2,Français; Histoire; Anglais,Histoire; Philosophie,Argumenter; Rédiger,Lire des documents; Rédiger; Faire des recherches,Problèmes juridiques et sociaux,Études de cas; Débats,Pratique et théorie,Calme et régulier,Tribunal; Administration,Droits humains; Administration; Société; Droit,Seul,Aimer le domaine étudié,PIP,Spécialiste en réglementaire pharmaceutique,3.0
2026-07-12 15:31:58,Étudiant(e),D,Chimie; SVT,Physique,Analyser; Expérimenter; Manipuler des outils ou équipements; Observer,Faire des expériences; Rechercher,Problèmes scientifiques et expérimentaux,Travaux pratiques; Laboratoire,Pratique et théorie,Régulier,Centre de recherche; Laboratoire,Recherche; Chimie,En équipe,Acquérir une formation solide,AEE,Technicien agricole,1.0
2026-07-03 09:33:55,Étudiant(e),A2,Français; Anglais,Français; Anglais,Rédiger; Créer; Communiquer; Présenter,Présenter; Créer du contenu,Problèmes de communication,Présentations; Projets,Pratique,Dynamique,Agence,Communication; Marketing; Médias; Publicité,En équipe,La possibilité d'évoluer professionnellement,AEE,Consultant agricole,4.0
2026-07-21 12:39:17,Professionnel(le),A2,Économie; Français; Mathématiques,Économie,Communiquer; Négocier; Organiser; Analyser,Négocier; Faire du commerce; Analyser un marché,Problèmes commerciaux,Simulations,Pratique et théorie,Intensif,Agence; Commerce,Marketing; Entrepreneuriat; Vente; Commerce,En équipe,Les débouchés professionnels,PIP,Chercheur en pharmacologie,5.0
2026-08-11 10:32:53,Professionnel(le),D,SVT; Physique; Mathématiques,Physique; SVT,Analyser; Expérimenter; Résoudre des problèmes,Analyser; Rechercher; Concevoir,Problèmes scientifiques,Recherche,Pratique et théorie,Régulier,Industrie,Sciences; Recherche; Technologie,Seul ou en équipe,Être utile à la société,EMII,Assistant de recherche,4.0
2026-08-07 07:56:31,Professionnel(le),C,Chimie; Mathématiques,Physique,Analyser; Manipuler des outils ou équipements; Expérimenter,Analyser des substances; Mesurer; Faire des expériences,Problèmes scientifiques et expérimentaux,Expériences,Pratique,Progressif,Centre de recherche; Laboratoire,Chimie; Laboratoire; Recherche,En équipe,La pratique professionnelle,ICMP,Technicien qualité,3.0
2026-07-30 09:03:08,Professionnel(le),D,Chimie; Physique; SVT,SVT; Mathématiques,Manipuler des outils ou équipements; Observer; Analyser,Rechercher; Faire des expériences; Analyser des substances,Problèmes scientifiques et expérimentaux,Expériences; Laboratoire,Pratique,Progressif,Centre de recherche,Chimie; Recherche,Seul ou en équipe,Acquérir une formation solide,ICMP,Technicien qualité,5.0
2026-07-28 12:31:02,Étudiant(e),G,Histoire; Anglais; Français,Anglais; Français,Créer; Présenter; Rédiger,Présenter; Créer du contenu,Problèmes de communication,Présentations,Pratique,Dynamique,Média; Agence,Médias; Événementiel; Publicité,En équipe,Développer son réseau professionnel,TEH,Responsable communication,2.0
2026-07-31 11:21:55,Professionnel(le),A1,Mathématiques; Gestion; Français,Économie; Mathématiques,Calculer; Organiser,Planifier; Gérer un projet,Problèmes économiques et organisationnels,Projets; Exercices pratiques,Pratique,Régulier,Administration,Économie; Gestion; Entrepreneuriat,En équipe,Les perspectives de carrière,FIC,Gestionnaire,2.0
2026-07-20 14:15:15,Professionnel(le),A1,Gestion; Français; Mathématiques,Économie; Gestion,Planifier; Organiser,Planifier; Analyser un marché,Problèmes économiques et organisationnels,Exercices pratiques; Projets,Pratique et théorie,Régulier,Administration; Entreprise,Entrepreneuriat; Management; Gestion; Économie,Seul ou en équipe,Les perspectives de carrière,EMP,Responsable administratif,4.0
2026-08-24 10:33:13,Étudiant(e),G,Économie; Mathématiques; Gestion,Économie,Calculer; Analyser des données; Organiser,Faire des calculs; Gérer; Analyser des comptes,Problèmes financiers,Travaux pratiques,Pratique et théorie,Régulier,Cabinet; Bureau,Audit; Banque; Finance; Gestion,Seul ou en équipe,Les débouchés professionnels,FIC,Contrôleur de gestion,3.0
2026-08-14 09:53:50,Étudiant(e),A1,Français; Anglais,Philosophie,Rédiger; Analyser des textes; Communiquer; Argumenter,Lire des documents; Faire des recherches,Problèmes juridiques et sociaux,Débats; Lectures,Pratique et théorie,Calme et régulier,Institution publique; Tribunal,Droits humains; Droit; Société; Administration,Seul ou en équipe,La reconnaissance du diplôme,DTJA,Avocat,1.0
2026-08-14 15:27:45,Professionnel(le),S,Gestion; Économie; Mathématiques,Mathématiques; Économie,Organiser; Planifier; Calculer; Analyser des données,Analyser un marché; Planifier,Problèmes économiques et organisationnels,Projets; Études de cas,Pratique et théorie,Régulier,Bureau; Administration,Management; Gestion; Économie,En équipe,Les débouchés professionnels,GCA,Gestionnaire,5.0
2026-08-18 10:51:28,Étudiant(e),G,Français; Économie; Mathématiques,Économie; Français,Organiser; Négocier; Analyser,Négocier; Analyser un marché,Problèmes commerciaux,Études de cas; Simulations,Pratique,Dynamique,Commerce,Vente; Entrepreneuriat; Commerce,En équipe,Créer mon entreprise,CAA,Business developer,1.0
2026-07-29 08:40:53,Étudiant(e),D,SVT; Chimie,Physique,Analyser; Expérimenter; Résoudre des problèmes; Observer,Rechercher; Concevoir; Analyser,Problèmes scientifiques,Travaux pratiques,Pratique et théorie,Régulier,Industrie; Centre de recherche,Recherche; Sciences; Technologie,Seul ou en équipe,Être utile à la société,ESIIA,Assistant de recherche,2.0
2026-07-11 10:32:01,Professionnel(le),A1,Français; Économie,Français; Économie,Communiquer; Organiser; Analyser; Négocier,Communiquer; Négocier; Faire du commerce; Analyser un marché,Problèmes commerciaux,Projets,Pratique et théorie,Intensif,Agence,Commerce; Marketing; Vente; Entrepreneuriat,En équipe,Les perspectives de carrière,CAA,Business developer,5.0
2026-07-31 14:38:57,Étudiant(e),C,Mathématiques; SVT,Chimie,Expérimenter; Manipuler des outils ou équipements; Analyser,Mesurer; Rechercher; Analyser des substances; Faire des expériences,Problèmes scientifiques et expérimentaux,Expériences,Pratique et théorie,Progressif,Centre de recherche,Industrie; Recherche; Chimie; Environnement,Seul ou en équipe,Aimer le domaine étudié,IAA,Biologiste,2.0
2026-08-20 13:14:11,Étudiant(e),S,Mathématiques; Physique,Mathématiques,Travailler avec des données; Analyser des informations; Utiliser des outils informatiques; Résoudre des problèmes logiques,Créer des applications; Analyser des données; Automatiser des tâches; Programmer,Problèmes logiques et techniques,Travaux dirigés,Pratique et théorie,Régulier,Bureau,Technologie; Data,En équipe,Travailler dans un secteur innovant,ISAIA,Analyste cyber-sécurité,4.0
2026-08-21 15:54:36,Professionnel(le),G,Anglais; Français,Anglais; Français,Créer; Présenter; Rédiger,Créer du contenu; Présenter,Problèmes de communication,Présentations; Travaux de groupe,Pratique,Dynamique,Média,Marketing; Événementiel; Publicité; Communication,En équipe,La possibilité d'évoluer professionnellement,TEH,Responsable communication,4.0
2026-08-22 13:42:11,Étudiant(e),G,Histoire; Anglais; Français,Français,Créer; Communiquer,Présenter; Communiquer,Problèmes de communication,Travaux de groupe,Pratique,Dynamique,Média,Marketing; Médias; Événementiel; Publicité,En équipe,Développer mes compétences relationnelles,TEE,Responsable marketing,1.0
2026-08-18 14:31:22,Étudiant(e),G,Français; Histoire; Anglais,Anglais,Rédiger; Communiquer; Présenter; Créer,Présenter; Organiser des événements; Créer du contenu; Communiquer,Problèmes de communication,Présentations; Travaux de groupe,Pratique et théorie,Dynamique,Studio,Médias; Événementiel,En équipe,Développer mes compétences relationnelles,TEH,Community manager,5.0
2026-07-31 10:02:43,Étudiant(e),A2,Histoire; Philosophie,Français; Philosophie,Rédiger; Communiquer; Analyser des textes; Argumenter,Lire des documents; Rédiger; Débattre; Faire des recherches,Problèmes juridiques et sociaux,Débats; Lectures,Théorie,Calme et régulier,Administration,Droits humains; Justice,Seul ou en équipe,Aimer le domaine étudié,AEE,Ingénieur agronome,3.0
2026-08-16 13:36:12,Étudiant(e),A2,Français; Histoire; Anglais,Anglais,Créer; Présenter; Communiquer; Rédiger,Créer du contenu; Présenter,Problèmes de communication,Projets,Pratique,Intensif et régulier,Entreprise; Média,Marketing; Événementiel; Publicité,En équipe,Développer mes compétences relationnelles,IAA,Chimiste,1.0
2026-07-21 16:48:29,Étudiant(e),A1,Histoire; Français; Philosophie,Histoire,Analyser des textes; Argumenter; Rédiger,Faire des recherches; Lire des documents; Rédiger; Débattre,Problèmes juridiques et sociaux,Débats; Études de cas,Pratique et théorie,Régulier,Tribunal; Administration,Administration; Droit; Société,Seul ou en équipe,Aimer le domaine étudié,DTJA,Juriste,1.0
2026-07-08 15:34:48,Étudiant(e),G,Anglais; Histoire,Français; Anglais,Créer; Rédiger; Communiquer; Présenter,Organiser des événements; Communiquer; Créer du contenu; Présenter,Problèmes de communication,Présentations,Pratique,Intensif et régulier,Média,Publicité; Marketing,En équipe,La possibilité d'évoluer professionnellement,TEH,Chargé marketing,3.0
2026-07-16 09:34:37,Professionnel(le),S,Mathématiques; SVT,Physique,Manipuler des outils ou équipements; Expérimenter,Faire des expériences; Mesurer,Problèmes scientifiques et expérimentaux,Travaux pratiques,Pratique et théorie,Régulier,Industrie; Laboratoire,Environnement; Chimie,En équipe,La pratique professionnelle,ESIIA,Développeur full-stack,5.0
2026-07-11 13:57:00,Étudiant(e),G,Économie; Gestion; Mathématiques,Mathématiques; Gestion,Analyser des données; Planifier; Organiser,Gérer un projet; Analyser un marché; Planifier; Organiser,Problèmes économiques et organisationnels,Études de cas,Pratique et théorie,Régulier,Entreprise,Management; Économie; Entrepreneuriat; Gestion,En équipe,Les débouchés professionnels,EMP,Chef de projet,3.0
2026-08-08 14:07:50,Étudiant(e),S,Mathématiques; Anglais,Informatique,Analyser des informations; Travailler avec des données; Utiliser des outils informatiques,Créer des applications; Analyser des données,Problèmes logiques et techniques,Programmation,Pratique et théorie,Intensif et régulier,Entreprise,Data; Intelligence artificielle; Robotique; Technologie,Seul ou en petite équipe,Les débouchés professionnels,IMTICIA,Ingénieur IA,4.0
2026-07-13 07:13:16,Professionnel(le),S,Gestion; Mathématiques,Mathématiques,Calculer; Organiser; Analyser des données; Planifier,Analyser un marché; Organiser; Planifier; Gérer un projet,Problèmes économiques et organisationnels,Études de cas; Projets,Pratique,Dynamique,Administration; Bureau,Entrepreneuriat; Économie; Gestion; Management,Seul ou en équipe,Les perspectives de carrière,GCA,Manager,4.0
2026-07-15 13:42:25,Étudiant(e),A2,Histoire; Anglais; Philosophie,Philosophie; Français,Rédiger; Communiquer; Argumenter; Analyser des textes,Faire des recherches; Débattre; Rédiger,Problèmes juridiques et sociaux,Lectures; Débats,Théorie,Calme et régulier,Administration,Justice; Droits humains; Droit; Administration,Seul,Aimer le domaine étudié,IAA,Chimiste,4.0
2026-08-08 09:29:39,Professionnel(le),A2,Anglais; Histoire; Français,Français; Anglais,Présenter; Créer; Rédiger,Communiquer; Organiser des événements; Créer du contenu; Présenter,Problèmes de communication,Projets,Pratique et théorie,Dynamique,Média,Marketing; Communication,En équipe,Développer mes compétences relationnelles,AEE,Ingénieur agronome,3.0
2026-08-24 15:23:24,Étudiant(e),D,Chimie; SVT; Mathématiques,Physique; SVT,Manipuler des outils ou équipements; Expérimenter,Mesurer; Rechercher,Problèmes scientifiques et expérimentaux,Laboratoire; Expériences,Pratique et théorie,Régulier,Centre de recherche,Laboratoire; Chimie; Environnement; Recherche,En équipe,Acquérir une formation solide,AEE,Éleveur,3.0
2026-08-18 16:07:11,Étudiant(e),A1,Philosophie; Français; Anglais,Histoire; Français,Rédiger; Argumenter,Rédiger; Débattre; Faire des recherches,Problèmes juridiques et sociaux,Lectures; Débats,Théorie,Régulier,Tribunal,Justice; Droits humains,Seul ou en équipe,La reconnaissance du diplôme,DTJA,Juriste,1.0
2026-07-12 07:03:14,Professionnel(le),G,Français; Économie; Mathématiques,Économie,Organiser; Communiquer; Négocier,Négocier; Analyser un marché; Faire du commerce,Problèmes commerciaux,Simulations,Pratique et théorie,Dynamique,Commerce,Marketing; Vente,En équipe,Les débouchés professionnels,CAA,Responsable marketing,4.0
2026-07-15 09:56:46,Étudiant(e),G,Mathématiques; Gestion,Économie; Mathématiques,Organiser; Calculer; Analyser des données; Être rigoureux,Faire des calculs; Analyser des comptes; Gérer,Problèmes financiers,Exercices; Travaux pratiques,Pratique et théorie,Intensif et régulier,Cabinet; Banque,Audit; Comptabilité; Finance; Gestion,Seul ou en équipe,Les débouchés professionnels,FIC,Auditeur,1.0
2026-07-06 09:42:31,Étudiant(e),C,SVT; Physique; Chimie,Chimie,Observer; Expérimenter,Rechercher; Analyser des substances; Mesurer; Faire des expériences,Problèmes scientifiques et expérimentaux,Laboratoire; Expériences,Pratique et théorie,Régulier,Industrie; Centre de recherche,Laboratoire; Industrie; Recherche; Chimie,Seul ou en équipe,Acquérir une formation solide,PIP,Biologiste,1.0
2026-08-06 16:25:43,Étudiant(e),G,Français; Histoire,Français,Communiquer; Rédiger,Communiquer; Créer du contenu,Problèmes de communication,Projets; Travaux de groupe,Pratique et théorie,Dynamique,Média; Studio,Publicité; Marketing; Événementiel; Médias,En équipe,Développer mes compétences relationnelles,TEE,Chargé marketing,3.0
2026-07-11 14:50:39,Professionnel(le),S,Mathématiques; Gestion,Mathématiques,Être rigoureux; Calculer; Organiser; Analyser des données,Gérer; Analyser des données; Analyser des comptes,Problèmes financiers,Travaux pratiques; Exercices,Théorie et pratique,Intensif et régulier,Entreprise; Cabinet,Finance; Banque; Gestion,Seul ou en équipe,Les débouchés professionnels,EMII,Manager,5.0
2026-08-05 13:07:09,Étudiant(e),S,Mathématiques; Physique,Mathématiques,Utiliser des outils informatiques; Résoudre des problèmes logiques; Analyser des informations,Programmer; Automatiser des tâches,Problèmes logiques et techniques,Travaux dirigés,Pratique et théorie,Régulier,Bureau; Startup,Programmation; Intelligence artificielle; Robotique; Data,Seul ou en petite équipe,Travailler dans un secteur innovant,ESIIA,Ingénieur logiciel,1.0
2026-08-19 13:29:48,Étudiant(e),A1,Économie; Français; Mathématiques,Économie,Organiser; Calculer; Analyser des données; Planifier,Analyser un marché; Organiser; Planifier,Problèmes économiques et organisationnels,Études de cas; Exercices pratiques,Pratique et théorie,Régulier,Bureau; Administration,Entrepreneuriat; Gestion; Management,Seul ou en équipe,Les perspectives de carrière,EMP,Manager,2.0
2026-07-21 10:31:53,Professionnel(le),A1,Économie; Gestion,Économie,Analyser des données; Organiser,Analyser un marché; Planifier; Organiser,Problèmes économiques et organisationnels,Exercices pratiques; Projets,Pratique et théorie,Dynamique,Administration,Management; Entrepreneuriat,En équipe,Les perspectives de carrière,CAA,Business developer,5.0
2026-08-14 12:37:57,Étudiant(e),S,Physique; Anglais,Informatique; Mathématiques,Travailler avec des données; Analyser des informations; Utiliser des outils informatiques; Résoudre des problèmes logiques,Automatiser des tâches; Créer des applications; Analyser des données; Programmer,Problèmes logiques et techniques,Travaux dirigés,Pratique,Intensif et régulier,Entreprise; Bureau,Intelligence artificielle; Programmation; Data,En équipe,Développer des compétences professionnelles,IGGLIA,Développeur full-stack,5.0
2026-08-06 13:33:59,Professionnel(le),A1,Économie; Mathématiques; Français,Français,Communiquer; Négocier; Organiser,Négocier; Faire du commerce; Communiquer,Problèmes commerciaux,Études de cas; Simulations,Pratique,Dynamique,Agence; Commerce,Vente; Entrepreneuriat; Marketing; Commerce,En équipe,Créer mon entreprise,CAA,Business developer,3.0
2026-08-18 08:41:55,Étudiant(e),A2,Économie; Français; Mathématiques,Français; Économie,Analyser; Organiser,Faire du commerce; Communiquer,Problèmes commerciaux,Projets; Études de cas,Pratique,Intensif,Agence; Entreprise,Commerce; Entrepreneuriat,En équipe,Les perspectives de carrière,IAA,Technicien qualité,3.0
2026-07-08 15:49:34,Professionnel(le),A2,Économie; Mathématiques; Français,Français; Économie,Négocier; Communiquer,Analyser un marché; Communiquer; Faire du commerce,Problèmes commerciaux,Projets; Simulations,Pratique et théorie,Dynamique,Agence; Commerce,Commerce; Marketing; Entrepreneuriat,En équipe,Créer mon entreprise,PIP,Chimiste,3.0
2026-08-11 07:59:46,Professionnel(le),A2,Histoire; Français,Français; Anglais,Rédiger; Présenter; Communiquer,Présenter; Créer du contenu; Communiquer,Problèmes de communication,Travaux de groupe; Présentations,Pratique,Intensif et régulier,Entreprise; Studio,Communication; Publicité; Médias; Marketing,En équipe,Développer son réseau professionnel,AEE,Biologiste,5.0
2026-07-05 14:52:17,Étudiant(e),A1,Histoire; Français,Anglais; Français,Rédiger; Communiquer; Présenter,Créer du contenu; Communiquer; Présenter,Problèmes de communication,Présentations; Travaux de groupe,Pratique,Dynamique,Studio; Média,Publicité; Communication; Médias; Marketing,En équipe,Développer mes compétences relationnelles,TEH,Responsable communication,3.0
2026-07-03 16:46:37,Professionnel(le),S,Mathématiques; Gestion; Économie,Mathématiques; Économie,Analyser des données; Être rigoureux; Organiser,Gérer; Faire des calculs,Problèmes financiers,Exercices; Travaux pratiques,Théorie et pratique,Régulier,Bureau; Banque,Gestion; Comptabilité,Seul ou en équipe,La stabilité professionnelle,GCA,Chef de projet,4.0
2026-08-07 16:39:52,Professionnel(le),C,Chimie; Physique,SVT; Mathématiques,Manipuler des outils ou équipements; Expérimenter; Analyser; Observer,Analyser des substances; Faire des expériences; Mesurer; Rechercher,Problèmes scientifiques et expérimentaux,Travaux pratiques; Expériences,Pratique,Progressif,Laboratoire,Recherche; Environnement,En équipe,Acquérir une formation solide,ICMP,Technicien qualité,4.0
2026-08-10 15:12:10,Étudiant(e),A1,Histoire; Anglais; Français,Français,Créer; Rédiger; Communiquer; Présenter,Présenter; Communiquer,Problèmes de communication,Travaux de groupe,Pratique et théorie,Dynamique,Entreprise; Studio,Marketing; Médias; Publicité; Communication,En équipe,Développer son réseau professionnel,TEE,Responsable communication,5.0
2026-07-18 13:18:53,Professionnel(le),A2,Philosophie; Français,Philosophie,Argumenter; Communiquer,Rédiger; Débattre,Problèmes juridiques et sociaux,Études de cas,Théorie,Calme et régulier,Tribunal; Administration,Société; Droits humains; Droit,Seul ou en équipe,La reconnaissance du diplôme,AEE,Spécialiste en développement rural,5.0
2026-07-27 09:08:17,Professionnel(le),A1,Philosophie; Anglais,Français; Philosophie,Communiquer; Rédiger; Argumenter; Analyser des textes,Faire des recherches; Débattre,Problèmes juridiques et sociaux,Études de cas,Théorie,Calme et régulier,Administration,Droits humains; Administration; Droit,Seul ou en équipe,Aimer le domaine étudié,DTJA,Conseiller juridique,1.0
2026-08-15 12:09:42,Professionnel(le),C,Chimie; SVT; Mathématiques,Physique,Expérimenter; Observer,Rechercher; Analyser; Faire des expériences,Problèmes scientifiques,Travaux pratiques; Expériences,Pratique et théorie,Intensif et régulier,Industrie,Technologie; Environnement; Recherche,Seul ou en équipe,Être utile à la société,IMTICIA,Technicien informatique,2.0
2026-08-20 14:33:44,Professionnel(le),C,Physique; Chimie,Physique; SVT,Observer; Analyser; Résoudre des problèmes,Concevoir; Rechercher,Problèmes scientifiques,Travaux pratiques; Recherche,Pratique et théorie,Intensif et régulier,Laboratoire,Environnement; Recherche,En équipe,Acquérir une formation solide,IMTICIA,Chercheur,2.0
2026-07-10 07:57:18,Professionnel(le),S,Physique; Mathématiques; Anglais,Informatique; Mathématiques,Utiliser des outils informatiques; Résoudre des problèmes logiques; Analyser des informations,Programmer; Analyser des données; Créer des applications,Problèmes logiques et techniques,Travaux dirigés,Pratique,Intensif et régulier,Startup,Intelligence artificielle; Robotique; Technologie; Data,Seul ou en petite équipe,Les débouchés professionnels,IGGLIA,Développeur logiciel,5.0
2026-07-30 16:36:12,Étudiant(e),G,Français; Économie; Mathématiques,Économie; Français,Négocier; Analyser; Organiser; Communiquer,Négocier; Faire du commerce; Communiquer,Problèmes commerciaux,Simulations; Études de cas,Pratique,Dynamique,Commerce; Entreprise,Entrepreneuriat; Vente; Commerce; Marketing,En équipe,Les perspectives de carrière,CAA,Business developer,5.0
2026-08-02 08:41:08,Professionnel(le),C,Chimie; SVT; Mathématiques,Mathématiques; Physique,Expérimenter; Analyser,Concevoir; Faire des expériences; Analyser; Rechercher,Problèmes scientifiques,Travaux pratiques,Pratique et théorie,Intensif et régulier,Laboratoire,Technologie; Sciences; Recherche; Environnement,Seul ou en équipe,Acquérir une formation solide,GCA,Assistant de recherche,1.0
2026-08-22 07:44:46,Étudiant(e),A1,Philosophie; Anglais; Histoire,Philosophie; Français,Argumenter; Rédiger; Communiquer,Débattre; Rédiger; Lire des documents; Faire des recherches,Problèmes juridiques et sociaux,Lectures; Études de cas,Théorie,Calme et régulier,Institution publique; Tribunal,Justice; Droit,Seul,La reconnaissance du diplôme,DTJA,Avocat,4.0
2026-07-09 11:08:07,Étudiant(e),S,Informatique; Physique; Mathématiques,Informatique; Mathématiques,Analyser des informations; Résoudre des problèmes logiques; Travailler avec des données; Utiliser des outils informatiques,Automatiser des tâches; Analyser des données,Problèmes logiques et techniques,Programmation; Projets pratiques,Pratique,Intensif et régulier,Bureau; Entreprise,Intelligence artificielle; Robotique,En équipe,Développer des compétences professionnelles,ESIIA,Ingénieur logiciel,3.0
2026-07-08 11:53:42,Étudiant(e),G,Français; Gestion,Économie,Organiser; Analyser des données; Calculer,Gérer un projet; Analyser un marché; Planifier,Problèmes économiques et organisationnels,Projets,Pratique,Dynamique,Entreprise; Administration,Économie; Gestion,Seul ou en équipe,Les débouchés professionnels,CAA,Gestionnaire,1.0
2026-08-16 15:35:55,Étudiant(e),S,Gestion; Économie,Mathématiques,Calculer; Analyser des données,Analyser des comptes; Faire des calculs; Gérer,Problèmes financiers,Travaux pratiques; Exercices,Théorie et pratique,Régulier,Bureau; Banque,Gestion; Banque,Seul ou en équipe,La stabilité professionnelle,GCA,Gestionnaire,2.0
2026-08-13 10:33:00,Étudiant(e),A1,Anglais; Français,Français; Histoire,Rédiger; Analyser des textes; Argumenter,Lire des documents; Débattre; Faire des recherches; Rédiger,Problèmes juridiques et sociaux,Débats,Pratique et théorie,Régulier,Cabinet,Société; Droits humains; Justice; Administration,Seul ou en équipe,Aimer le domaine étudié,DTJA,Juriste,5.0
2026-07-29 14:48:33,Professionnel(le),S,Physique; Mathématiques,Informatique; Mathématiques,Utiliser des outils informatiques; Analyser des informations; Résoudre des problèmes logiques; Travailler avec des données,Automatiser des tâches; Créer des applications; Analyser des données; Programmer,Problèmes logiques et techniques,Travaux dirigés,Pratique et théorie,Régulier,Télétravail,Intelligence artificielle; Programmation; Technologie; Robotique,Seul ou en petite équipe,Développer des compétences professionnelles,IGGLIA,Ingénieur IA,1.0
2026-08-09 11:50:37,Étudiant(e),D,Chimie; SVT,SVT; Mathématiques,Expérimenter; Observer,Concevoir; Analyser; Rechercher; Faire des expériences,Problèmes scientifiques,Travaux pratiques; Recherche,Pratique et théorie,Intensif et régulier,Laboratoire,Technologie; Sciences; Recherche,En équipe,Être utile à la société,AEE,Biologiste,3.0
2026-07-30 15:26:33,Étudiant(e),G,Mathématiques; Économie; Gestion,Économie; Mathématiques,Calculer; Analyser des données; Organiser; Être rigoureux,Analyser des comptes; Analyser des données,Problèmes financiers,Exercices,Pratique et théorie,Régulier,Cabinet; Entreprise,Banque; Audit; Finance; Comptabilité,Seul ou en équipe,Les perspectives de carrière,FIC,Auditeur,5.0
2026-07-24 14:46:23,Étudiant(e),C,SVT; Mathématiques; Physique,Physique; SVT,Analyser; Observer; Expérimenter; Manipuler des outils ou équipements,Mesurer; Rechercher; Faire des expériences,Problèmes scientifiques et expérimentaux,Expériences,Pratique,Régulier,Centre de recherche,Recherche; Industrie,En équipe,Aimer le domaine étudié,GCA,Chercheur,4.0
2026-07-06 10:51:17,Étudiant(e),S,Gestion; Économie,Mathématiques; Économie,Analyser des données; Calculer,Gérer; Analyser des données; Analyser des comptes; Faire des calculs,Problèmes financiers,Exercices,Théorie et pratique,Régulier,Entreprise; Bureau,Comptabilité; Gestion; Audit; Finance,Seul,Les perspectives de carrière,IGGLIA,Chef de projet,5.0
2026-07-25 08:37:49,Étudiant(e),D,Mathématiques; Chimie; SVT,Physique; Mathématiques,Observer; Analyser,Mesurer; Faire des expériences,Problèmes scientifiques et expérimentaux,Travaux pratiques; Expériences,Pratique,Progressif,Centre de recherche,Industrie; Laboratoire; Recherche; Environnement,En équipe,Aimer le domaine étudié,GCA,Technicien,2.0
2026-07-28 17:49:47,Étudiant(e),G,Mathématiques; Gestion,Économie; Gestion,Organiser; Calculer; Planifier,Analyser un marché; Organiser; Gérer un projet; Planifier,Problèmes économiques et organisationnels,Projets,Pratique,Régulier,Bureau,Management; Économie; Entrepreneuriat,Seul ou en équipe,Les perspectives de carrière,EMP,Business developer,1.0
2026-07-24 16:54:50,Étudiant(e),S,Physique; Informatique; Anglais,Informatique; Mathématiques,Travailler avec des données; Utiliser des outils informatiques,Automatiser des tâches; Créer des applications,Problèmes logiques et techniques,Programmation; Projets pratiques,Pratique,Régulier,Bureau,Robotique; Intelligence artificielle; Technologie,En équipe,Les débouchés professionnels,ESIIA,Ingénieur IA,2.0
2026-07-07 07:37:31,Étudiant(e),S,Gestion; Économie,Économie,Calculer; Analyser des données,Gérer; Analyser des données; Analyser des comptes; Faire des calculs,Problèmes financiers,Études de cas; Exercices,Pratique et théorie,Régulier,Banque; Bureau,Banque; Audit,Seul ou en équipe,Les perspectives de carrière,ISAIA,Chef de projet,3.0
2026-07-17 08:59:37,Professionnel(le),S,Chimie; Mathématiques; SVT,SVT,Analyser; Manipuler des outils ou équipements; Observer; Expérimenter,Rechercher; Mesurer; Faire des expériences; Analyser des substances,Problèmes scientifiques et expérimentaux,Expériences,Pratique,Progressif,Laboratoire; Industrie,Industrie; Environnement,En équipe,Aimer le domaine étudié,ICMP,Technicien qualité,3.0
2026-07-21 13:34:21,Professionnel(le),A1,Anglais; Français,Français; Anglais,Présenter; Communiquer; Rédiger; Créer,Organiser des événements; Communiquer,Problèmes de communication,Projets; Travaux de groupe,Pratique et théorie,Dynamique,Agence,Communication; Marketing,En équipe,La possibilité d'évoluer professionnellement,TEE,Community manager,5.0
2026-07-04 17:02:25,Étudiant(e),G,Gestion; Économie,Mathématiques; Gestion,Organiser; Planifier; Analyser des données,Planifier; Gérer un projet; Organiser; Analyser un marché,Problèmes économiques et organisationnels,Études de cas,Pratique et théorie,Régulier,Bureau; Entreprise,Management; Entrepreneuriat; Gestion; Économie,Seul ou en équipe,Les perspectives de carrière,EMP,Manager,2.0
2026-08-09 16:36:20,Étudiant(e),S,Mathématiques; Économie; Gestion,Gestion; Économie,Planifier; Organiser; Calculer,Planifier; Organiser; Gérer un projet,Problèmes économiques et organisationnels,Études de cas,Pratique,Dynamique,Bureau,Économie; Entrepreneuriat,Seul ou en équipe,Créer mon entreprise,GCA,Assistant de recherche,1.0
2026-07-01 17:24:00,Étudiant(e),G,Histoire; Français,Anglais,Communiquer; Rédiger; Présenter; Créer,Présenter; Organiser des événements,Problèmes de communication,Travaux de groupe,Pratique,Dynamique,Entreprise; Média,Marketing; Communication; Événementiel,En équipe,Développer mes compétences relationnelles,TEE,Community manager,2.0
2026-08-24 14:22:15,Professionnel(le),C,Mathématiques; Physique; SVT,Physique,Manipuler des outils ou équipements; Observer; Analyser,Rechercher; Mesurer,Problèmes scientifiques et expérimentaux,Laboratoire,Pratique et théorie,Régulier,Laboratoire,Chimie; Industrie; Laboratoire,En équipe,La pratique professionnelle,EMII,Technicien qualité,4.0
2026-07-15 14:21:24,Professionnel(le),C,SVT; Physique; Chimie,Physique,Observer; Manipuler des outils ou équipements,Faire des expériences; Rechercher; Analyser des substances; Mesurer,Problèmes scientifiques et expérimentaux,Expériences; Laboratoire,Pratique,Progressif,Centre de recherche; Laboratoire,Laboratoire; Industrie,En équipe,Aimer le domaine étudié,ICMP,Chercheur,5.0
2026-08-03 16:05:23,Étudiant(e),A1,Français; Économie; Mathématiques,Français,Communiquer; Analyser,Analyser un marché; Faire du commerce; Négocier,Problèmes commerciaux,Projets; Études de cas,Pratique,Intensif,Agence; Commerce,Vente; Marketing; Commerce; Entrepreneuriat,En équipe,Les perspectives de carrière,CAA,Business developer,1.0
2026-08-10 16:46:31,Étudiant(e),S,Chimie; Mathématiques; Physique,Physique; SVT,Observer; Expérimenter,Concevoir; Faire des expériences,Problèmes scientifiques,Travaux pratiques; Recherche,Pratique et théorie,Intensif et régulier,Industrie; Centre de recherche,Recherche; Technologie,Seul ou en équipe,Être utile à la société,IMTICIA,Développeur full-stack,5.0
2026-07-11 09:53:14,Professionnel(le),D,Mathématiques; SVT,Physique; Mathématiques,Observer; Analyser; Expérimenter; Manipuler des outils ou équipements,Faire des expériences; Mesurer; Rechercher,Problèmes scientifiques et expérimentaux,Expériences; Travaux pratiques,Pratique et théorie,Régulier,Industrie; Laboratoire,Environnement; Industrie,En équipe,La pratique professionnelle,EMII,Ingénieur,3.0
2026-07-31 09:30:21,Étudiant(e),D,SVT; Mathématiques,SVT; Physique,Analyser; Observer; Manipuler des outils ou équipements,Mesurer; Analyser des substances,Problèmes scientifiques et expérimentaux,Laboratoire,Pratique et théorie,Régulier,Laboratoire; Centre de recherche,Chimie; Environnement; Recherche,En équipe,La pratique professionnelle,ICMP,Assistant de recherche,2.0
2026-07-16 11:30:20,Étudiant(e),A2,Histoire; Français,Français,Rédiger; Présenter,Organiser des événements; Communiquer; Créer du contenu; Présenter,Problèmes de communication,Travaux de groupe; Présentations,Pratique,Dynamique,Studio,Médias; Événementiel; Publicité,En équipe,Développer son réseau professionnel,PIP,Chercheur,3.0
2026-08-14 09:10:40,Étudiant(e),A2,Histoire; Anglais; Français,Anglais; Français,Rédiger; Créer; Communiquer,Communiquer; Créer du contenu,Problèmes de communication,Présentations,Pratique et théorie,Intensif et régulier,Agence,Communication; Événementiel; Médias,En équipe,La possibilité d'évoluer professionnellement,PIP,Chercheur en pharmacologie,5.0
2026-07-04 07:37:44,Étudiant(e),G,Français; Histoire,Français,Présenter; Rédiger,Organiser des événements; Communiquer; Créer du contenu,Problèmes de communication,Présentations,Pratique,Intensif et régulier,Entreprise; Média,Publicité; Marketing; Communication,En équipe,Développer son réseau professionnel,EMP,Gestionnaire,1.0
2026-07-26 11:35:45,Professionnel(le),S,Anglais; Physique; Mathématiques,Informatique; Mathématiques,Travailler avec des données; Utiliser des outils informatiques; Analyser des informations; Résoudre des problèmes logiques,Créer des applications; Automatiser des tâches; Programmer,Problèmes logiques et techniques,Programmation; Projets pratiques,Pratique,Régulier,Entreprise; Startup,Technologie; Robotique,Seul ou en petite équipe,Les débouchés professionnels,ESIIA,Ingénieur IA,4.0
2026-08-24 10:14:59,Professionnel(le),G,Gestion; Français,Gestion; Mathématiques,Organiser; Analyser des données; Planifier,Organiser; Analyser un marché,Problèmes économiques et organisationnels,Projets,Pratique et théorie,Dynamique,Bureau,Gestion; Entrepreneuriat; Économie; Management,En équipe,Les perspectives de carrière,EMP,Chef de projet,5.0
2026-07-31 14:55:27,Étudiant(e),S,Mathématiques; Physique,Mathématiques,Résoudre des problèmes logiques; Utiliser des outils informatiques; Travailler avec des données; Analyser des informations,Automatiser des tâches; Analyser des données; Créer des applications,Problèmes logiques et techniques,Travaux dirigés; Programmation,Pratique,Intensif et régulier,Bureau,Robotique; Data; Technologie,En équipe,Les débouchés professionnels,ISAIA,Analyste cyber-sécurité,3.0
2026-07-12 09:28:19,Étudiant(e),C,SVT; Mathématiques,Mathématiques; Chimie,Analyser; Manipuler des outils ou équipements; Observer; Expérimenter,Faire des expériences; Mesurer; Analyser des substances; Rechercher,Problèmes scientifiques et expérimentaux,Laboratoire,Pratique et théorie,Régulier,Industrie; Laboratoire,Environnement; Laboratoire; Industrie; Recherche,En équipe,Acquérir une formation solide,PIP,Technicien qualité,4.0
2026-08-23 15:55:36,Professionnel(le),A2,Économie; Français; Mathématiques,Français,Communiquer; Organiser; Analyser; Négocier,Faire du commerce; Communiquer; Négocier; Analyser un marché,Problèmes commerciaux,Études de cas; Simulations,Pratique,Dynamique,Entreprise,Marketing; Entrepreneuriat; Vente; Commerce,En équipe,Créer mon entreprise,PIP,Technicien qualité,2.0
2026-07-08 13:23:56,Étudiant(e),D,SVT; Physique; Mathématiques,Physique,Analyser; Résoudre des problèmes; Observer,Faire des expériences; Rechercher; Concevoir,Problèmes scientifiques,Travaux pratiques; Recherche,Pratique et théorie,Intensif et régulier,Industrie; Laboratoire,Environnement; Recherche,En équipe,Acquérir une formation solide,IMTICIA,Assistant de recherche,2.0
2026-08-17 09:22:37,Étudiant(e),G,Histoire; Anglais; Français,Français; Anglais,Rédiger; Créer; Communiquer,Présenter; Organiser des événements; Communiquer; Créer du contenu,Problèmes de communication,Présentations,Pratique et théorie,Dynamique,Agence,Événementiel; Communication; Marketing,En équipe,Développer son réseau professionnel,TEH,Community manager,2.0
2026-08-07 16:51:07,Étudiant(e),S,Mathématiques; Gestion,Mathématiques,Être rigoureux; Organiser; Analyser des données,Faire des calculs; Analyser des données,Problèmes financiers,Études de cas,Pratique et théorie,Régulier,Cabinet,Comptabilité; Finance,Seul ou en équipe,Les perspectives de carrière,EMII,Ingénieur,3.0
2026-08-14 10:36:09,Étudiant(e),D,Chimie; Mathématiques,Mathématiques,Manipuler des outils ou équipements; Expérimenter,Analyser des substances; Mesurer; Faire des expériences; Rechercher,Problèmes scientifiques et expérimentaux,Laboratoire; Expériences,Pratique,Régulier,Industrie; Laboratoire,Chimie; Industrie; Recherche,Seul ou en équipe,Acquérir une formation solide,ICMP,Technicien qualité,3.0
2026-08-14 07:01:42,Étudiant(e),G,Économie; Gestion; Mathématiques,Économie,Analyser des données; Organiser,Analyser des données; Gérer; Analyser des comptes,Problèmes financiers,Travaux pratiques; Exercices,Pratique et théorie,Régulier,Entreprise; Cabinet,Gestion; Banque,Seul ou en équipe,La stabilité professionnelle,CAA,Commercial,3.0
2026-07-03 07:33:05,Étudiant(e),A2,Économie; Mathématiques,Économie; Français,Négocier; Organiser; Communiquer; Analyser,Communiquer; Négocier; Analyser un marché; Faire du commerce,Problèmes commerciaux,Projets,Pratique et théorie,Dynamique,Entreprise,Commerce; Marketing; Vente,En équipe,Les perspectives de carrière,IAA,Technicien agricole,4.0
2026-08-19 08:30:39,Professionnel(le),S,Mathématiques; Gestion; Économie,Mathématiques; Économie,Analyser des données; Être rigoureux,Faire des calculs; Gérer,Problèmes financiers,Exercices,Pratique et théorie,Régulier,Cabinet; Entreprise,Audit; Gestion; Comptabilité; Finance,Seul,La stabilité professionnelle,IGGLIA,Chef de projet,3.0
2026-07-28 17:16:13,Professionnel(le),C,SVT; Physique; Chimie,Mathématiques,Observer; Expérimenter; Analyser; Résoudre des problèmes,Concevoir; Faire des expériences; Analyser,Problèmes scientifiques,Recherche,Pratique et théorie,Régulier,Laboratoire; Centre de recherche,Environnement; Technologie; Recherche,En équipe,Être utile à la société,IMTICIA,Chercheur,3.0
2026-08-06 13:36:33,Étudiant(e),S,Mathématiques; Anglais; Physique,Mathématiques; Informatique,Résoudre des problèmes logiques; Analyser des informations,Créer des applications; Analyser des données; Automatiser des tâches,Problèmes logiques et techniques,Programmation,Pratique et théorie,Régulier,Entreprise; Startup,Intelligence artificielle; Technologie; Programmation; Data,Seul ou en petite équipe,Développer des compétences professionnelles,IGGLIA,Ingénieur IA,2.0
2026-07-02 16:11:05,Professionnel(le),S,Physique; Mathématiques; Anglais,Informatique; Mathématiques,Utiliser des outils informatiques; Résoudre des problèmes logiques,Automatiser des tâches; Programmer; Analyser des données,Problèmes logiques et techniques,Programmation,Pratique et théorie,Régulier,Bureau,Programmation; Robotique; Data,Seul ou en petite équipe,Travailler dans un secteur innovant,ISAIA,Développeur full-stack,5.0
2026-07-07 15:30:10,Étudiant(e),G,Économie; Mathématiques,Français,Communiquer; Analyser; Négocier; Organiser,Analyser un marché; Faire du commerce; Négocier,Problèmes commerciaux,Études de cas,Pratique,Intensif,Entreprise; Agence,Commerce; Marketing; Entrepreneuriat,En équipe,Les perspectives de carrière,TEE,Chargé marketing,3.0
2026-07-01 12:42:45,Professionnel(le),S,Mathématiques; Physique,SVT,Analyser; Résoudre des problèmes,Concevoir; Faire des expériences,Problèmes scientifiques,Expériences; Recherche,Pratique et théorie,Intensif et régulier,Centre de recherche,Sciences; Technologie; Environnement,En équipe,Être utile à la société,IMTICIA,Développeur,5.0
2026-07-04 09:51:55,Étudiant(e),S,Anglais; Mathématiques,Mathématiques; Informatique,Travailler avec des données; Analyser des informations,Créer des applications; Programmer; Automatiser des tâches,Problèmes logiques et techniques,Travaux dirigés,Pratique et théorie,Régulier,Télétravail,Data; Technologie; Robotique; Programmation,Seul ou en petite équipe,Les débouchés professionnels,ISAIA,Technicien informatique,1.0
2026-07-13 08:45:52,Étudiant(e),G,Français; Anglais,Anglais,Communiquer; Présenter; Créer; Rédiger,Créer du contenu; Présenter; Organiser des événements,Problèmes de communication,Projets,Pratique,Intensif et régulier,Entreprise; Studio,Médias; Publicité; Communication; Marketing,En équipe,La possibilité d'évoluer professionnellement,TEH,Responsable communication,1.0
2026-07-11 16:53:02,Étudiant(e),S,Gestion; Mathématiques,Économie,Être rigoureux; Calculer; Analyser des données; Organiser,Faire des calculs; Analyser des comptes; Gérer; Analyser des données,Problèmes financiers,Travaux pratiques; Études de cas,Théorie et pratique,Régulier,Cabinet,Banque; Audit; Gestion,Seul,Les perspectives de carrière,ISAIA,Assistant de recherche,3.0
2026-07-20 17:07:24,Étudiant(e),D,Physique; Chimie,Physique,Analyser; Manipuler des outils ou équipements; Observer; Expérimenter,Mesurer; Rechercher; Analyser des substances; Faire des expériences,Problèmes scientifiques et expérimentaux,Travaux pratiques; Expériences,Pratique,Régulier,Laboratoire,Environnement; Chimie,Seul ou en équipe,Aimer le domaine étudié,ICMP,Technicien de laboratoire,3.0
2026-07-31 09:03:49,Professionnel(le),D,Chimie; Physique; Mathématiques,Mathématiques,Expérimenter; Résoudre des problèmes,Analyser; Rechercher; Concevoir,Problèmes scientifiques,Expériences; Travaux pratiques,Pratique et théorie,Régulier,Laboratoire,Sciences; Environnement; Technologie; Recherche,En équipe,Acquérir une formation solide,IMTICIA,Chercheur,3.0
2026-07-14 07:12:57,Professionnel(le),A1,Histoire; Français,Philosophie,Communiquer; Argumenter; Rédiger,Rédiger; Débattre,Problèmes juridiques et sociaux,Débats; Lectures,Théorie,Régulier,Cabinet; Institution publique,Droits humains; Droit; Justice; Administration,Seul ou en équipe,La stabilité professionnelle,DTJA,Avocat,3.0
2026-07-10 11:03:03,Étudiant(e),S,Mathématiques; Physique; SVT,SVT; Physique,Analyser; Observer; Expérimenter,Concevoir; Faire des expériences; Analyser,Problèmes scientifiques,Expériences; Travaux pratiques,Pratique et théorie,Intensif et régulier,Laboratoire; Centre de recherche,Technologie; Environnement; Recherche,En équipe,Être utile à la société,IMTICIA,Assistant de recherche,2.0
2026-08-18 10:34:44,Étudiant(e),A1,Français; Histoire; Anglais,Français,Analyser des textes; Argumenter,Faire des recherches; Lire des documents,Problèmes juridiques et sociaux,Études de cas,Pratique et théorie,Calme et régulier,Administration; Institution publique,Société; Justice,Seul ou en équipe,La stabilité professionnelle,DTJA,Juriste,5.0
2026-07-20 15:01:58,Étudiant(e),A2,Français; Mathématiques; Économie,Français; Économie,Communiquer; Négocier,Négocier; Faire du commerce; Communiquer,Problèmes commerciaux,Projets; Simulations,Pratique et théorie,Intensif,Entreprise,Vente; Commerce,En équipe,Créer mon entreprise,PIP,Technicien en pharmacie,5.0
2026-08-14 12:34:03,Étudiant(e),S,SVT; Physique; Chimie,Mathématiques; Chimie,Manipuler des outils ou équipements; Expérimenter; Observer; Analyser,Analyser des substances; Rechercher; Mesurer,Problèmes scientifiques et expérimentaux,Expériences; Laboratoire,Pratique,Progressif,Centre de recherche,Laboratoire; Recherche; Environnement; Industrie,En équipe,Aimer le domaine étudié,IAA,Biologiste,5.0
2026-07-29 07:36:27,Étudiant(e),A1,Français; Économie,Économie,Organiser; Communiquer,Analyser un marché; Négocier; Faire du commerce,Problèmes commerciaux,Projets,Pratique,Dynamique,Commerce; Entreprise,Entrepreneuriat; Vente; Marketing; Commerce,En équipe,Les débouchés professionnels,CAA,Business developer,4.0
2026-08-17 14:26:29,Étudiant(e),G,Économie; Mathématiques; Français,Économie; Mathématiques,Analyser des données; Organiser,Analyser un marché; Gérer un projet; Planifier,Problèmes économiques et organisationnels,Projets,Pratique et théorie,Régulier,Bureau; Administration,Gestion; Management; Économie,Seul ou en équipe,Les débouchés professionnels,FIC,Contrôleur de gestion,3.0
2026-08-12 11:51:49,Étudiant(e),S,Informatique; Physique,Informatique; Mathématiques,Analyser des informations; Résoudre des problèmes logiques,Programmer; Automatiser des tâches; Créer des applications,Problèmes logiques et techniques,Programmation,Pratique,Régulier,Entreprise; Bureau,Data; Technologie; Robotique; Intelligence artificielle,En équipe,Travailler dans un secteur innovant,IGGLIA,Technicien informatique,3.0
2026-08-08 13:25:00,Étudiant(e),C,Mathématiques; Physique,Physique; SVT,Résoudre des problèmes; Analyser; Expérimenter,Rechercher; Faire des expériences; Analyser; Concevoir,Problèmes scientifiques,Expériences,Pratique et théorie,Régulier,Laboratoire,Environnement; Sciences; Recherche; Technologie,En équipe,Être utile à la société,GCA,Chercheur,1.0
2026-07-29 15:03:09,Étudiant(e),S,Physique; Mathématiques,SVT; Physique,Observer; Expérimenter; Résoudre des problèmes,Rechercher; Concevoir; Faire des expériences; Analyser,Problèmes scientifiques,Expériences; Travaux pratiques,Pratique et théorie,Régulier,Industrie,Technologie; Environnement,En équipe,Être utile à la société,IMTICIA,Ingénieur logiciel,5.0
2026-07-05 12:30:24,Professionnel(le),D,Mathématiques; Chimie; SVT,Mathématiques,Expérimenter; Résoudre des problèmes; Observer; Analyser,Analyser; Faire des expériences; Concevoir,Problèmes scientifiques,Travaux pratiques; Recherche,Pratique et théorie,Régulier,Centre de recherche; Industrie,Technologie; Environnement,En équipe,Être utile à la société,IMTICIA,Chercheur,3.0
2026-08-04 11:35:50,Professionnel(le),A1,Gestion; Français,Mathématiques,Analyser des données; Calculer; Planifier; Organiser,Analyser un marché; Gérer un projet; Planifier,Problèmes économiques et organisationnels,Projets,Pratique,Régulier,Entreprise,Entrepreneuriat; Management,En équipe,Créer mon entreprise,TEE,Manager,4.0
2026-07-27 16:05:09,Étudiant(e),G,Gestion; Mathématiques; Économie,Économie; Mathématiques,Être rigoureux; Calculer; Analyser des données,Faire des calculs; Analyser des données; Gérer,Problèmes financiers,Exercices; Études de cas,Théorie et pratique,Intensif et régulier,Entreprise; Bureau,Gestion; Audit; Finance; Comptabilité,Seul,La stabilité professionnelle,FIC,Responsable administratif,2.0
2026-08-06 12:12:00,Étudiant(e),S,Économie; Mathématiques,Mathématiques,Calculer; Analyser des données; Organiser,Faire des calculs; Analyser des comptes; Gérer,Problèmes financiers,Exercices; Études de cas,Pratique et théorie,Régulier,Cabinet,Comptabilité; Banque; Gestion; Finance,Seul,Les débouchés professionnels,GCA,Gestionnaire,2.0
2026-07-26 08:06:32,Étudiant(e),A2,Philosophie; Histoire; Anglais,Français; Histoire,Communiquer; Argumenter,Débattre; Faire des recherches; Lire des documents; Rédiger,Problèmes juridiques et sociaux,Études de cas,Théorie,Régulier,Institution publique,Droits humains; Administration,Seul ou en équipe,Aimer le domaine étudié,IAA,Ingénieur agroalimentaire,5.0
2026-07-08 13:54:04,Professionnel(le),G,Histoire; Français; Anglais,Français; Anglais,Présenter; Communiquer; Créer,Créer du contenu; Communiquer; Présenter,Problèmes de communication,Travaux de groupe; Présentations,Pratique et théorie,Dynamique,Studio; Média,Communication; Événementiel; Publicité; Marketing,En équipe,Développer son réseau professionnel,TEH,Responsable communication,3.0
2026-08-23 15:07:49,Professionnel(le),S,Mathématiques; Informatique; Physique,Informatique; Mathématiques,Travailler avec des données; Utiliser des outils informatiques,Créer des applications; Automatiser des tâches; Programmer,Problèmes logiques et techniques,Programmation,Pratique,Régulier,Télétravail,Intelligence artificielle; Programmation,En équipe,Travailler dans un secteur innovant,ESIIA,Développeur full-stack,5.0
2026-07-10 16:38:01,Étudiant(e),S,Anglais; Physique; Mathématiques,Informatique,Analyser des informations; Utiliser des outils informatiques; Travailler avec des données,Programmer; Automatiser des tâches,Problèmes logiques et techniques,Programmation,Pratique,Intensif et régulier,Startup; Entreprise,Technologie; Intelligence artificielle,En équipe,Travailler dans un secteur innovant,ESIIA,Technicien informatique,5.0
2026-08-21 15:28:57,Professionnel(le),D,SVT; Mathématiques,SVT,Expérimenter; Résoudre des problèmes; Analyser; Observer,Concevoir; Analyser,Problèmes scientifiques,Travaux pratiques,Pratique et théorie,Intensif et régulier,Centre de recherche,Environnement; Sciences,En équipe,Acquérir une formation solide,IMTICIA,Assistant de recherche,1.0
2026-07-12 12:52:14,Étudiant(e),D,Physique; SVT,Mathématiques; SVT,Observer; Expérimenter,Concevoir; Faire des expériences; Analyser; Rechercher,Problèmes scientifiques,Expériences; Travaux pratiques,Pratique et théorie,Intensif et régulier,Centre de recherche,Recherche; Technologie; Environnement,Seul ou en équipe,Acquérir une formation solide,EMII,Chercheur,2.0
2026-08-02 11:18:21,Professionnel(le),A2,Philosophie; Anglais,Histoire; Philosophie,Communiquer; Argumenter; Analyser des textes; Rédiger,Lire des documents; Faire des recherches; Débattre,Problèmes juridiques et sociaux,Études de cas; Débats,Théorie,Régulier,Cabinet; Institution publique,Société; Droits humains; Administration; Droit,Seul,La stabilité professionnelle,PIP,Spécialiste en réglementaire pharmaceutique,4.0
2026-07-15 15:03:24,Étudiant(e),S,Français; Mathématiques; Économie,Gestion,Planifier; Calculer; Organiser,Planifier; Organiser; Gérer un projet,Problèmes économiques et organisationnels,Projets,Pratique et théorie,Dynamique,Bureau,Gestion; Management; Entrepreneuriat,Seul ou en équipe,Les perspectives de carrière,GCA,Chef de projet,3.0
2026-08-03 12:47:41,Professionnel(le),G,Histoire; Français; Anglais,Français,Communiquer; Rédiger; Créer; Présenter,Présenter; Créer du contenu; Organiser des événements,Problèmes de communication,Projets,Pratique,Intensif et régulier,Entreprise,Communication; Marketing; Médias,En équipe,Développer son réseau professionnel,TEH,Chargé de communication,5.0
2026-07-05 12:10:48,Professionnel(le),C,Mathématiques; Physique; Chimie,Physique,Analyser; Observer; Expérimenter,Analyser des substances; Faire des expériences; Mesurer; Rechercher,Problèmes scientifiques et expérimentaux,Expériences; Laboratoire,Pratique et théorie,Régulier,Industrie; Laboratoire,Chimie; Environnement,En équipe,Aimer le domaine étudié,ICMP,Technicien de laboratoire,3.0
2026-07-27 08:10:52,Étudiant(e),A2,Mathématiques; Économie,Français,Analyser; Organiser,Faire du commerce; Analyser un marché; Communiquer,Problèmes commerciaux,Projets,Pratique et théorie,Intensif,Entreprise; Commerce,Commerce; Entrepreneuriat; Marketing; Vente,En équipe,Créer mon entreprise,AEE,Technicien agricole,2.0
2026-08-02 10:29:54,Étudiant(e),S,Informatique; Physique,Informatique,Utiliser des outils informatiques; Analyser des informations; Résoudre des problèmes logiques,Programmer; Analyser des données,Problèmes logiques et techniques,Programmation,Pratique et théorie,Régulier,Télétravail; Startup,Robotique; Data; Programmation; Intelligence artificielle,Seul ou en petite équipe,Travailler dans un secteur innovant,IMTICIA,Technicien informatique,3.0
2026-07-07 16:56:06,Étudiant(e),G,Français; Anglais,Anglais; Français,Créer; Présenter; Rédiger; Communiquer,Présenter; Communiquer,Problèmes de communication,Projets,Pratique et théorie,Intensif et régulier,Agence; Média,Médias; Marketing; Événementiel,En équipe,Développer mes compétences relationnelles,TEH,Community manager,5.0
2026-07-28 11:13:53,Étudiant(e),A1,Histoire; Anglais; Français,Anglais; Français,Présenter; Communiquer; Rédiger,Organiser des événements; Créer du contenu; Communiquer; Présenter,Problèmes de communication,Travaux de groupe,Pratique,Intensif et régulier,Média; Entreprise,Publicité; Marketing; Événementiel; Médias,En équipe,Développer son réseau professionnel,TEH,Responsable communication,5.0
2026-07-05 13:22:24,Étudiant(e),S,Mathématiques; Chimie; Physique,Physique; Mathématiques,Observer; Expérimenter,Rechercher; Faire des expériences,Problèmes scientifiques et expérimentaux,Travaux pratiques; Expériences,Pratique et théorie,Progressif,Centre de recherche; Industrie,Recherche; Laboratoire; Industrie,En équipe,La pratique professionnelle,EMII,Technicien qualité,2.0
2026-08-17 13:45:17,Étudiant(e),A1,Gestion; Mathématiques,Économie; Mathématiques,Analyser des données; Calculer,Analyser un marché; Planifier; Organiser; Gérer un projet,Problèmes économiques et organisationnels,Études de cas; Exercices pratiques,Pratique et théorie,Régulier,Administration,Management; Gestion,Seul ou en équipe,Les débouchés professionnels,FIC,Responsable administratif,1.0
2026-07-26 11:47:17,Étudiant(e),S,Physique; Informatique; Anglais,Mathématiques,Analyser des informations; Résoudre des problèmes logiques; Utiliser des outils informatiques; Travailler avec des données,Programmer; Analyser des données; Créer des applications,Problèmes logiques et techniques,Projets pratiques; Programmation,Pratique,Intensif et régulier,Startup; Télétravail,Technologie; Data; Programmation,En équipe,Travailler dans un secteur innovant,IMTICIA,Ingénieur logiciel,2.0
2026-08-19 12:59:50,Étudiant(e),S,Physique; Informatique; Mathématiques,Mathématiques; Informatique,Analyser des informations; Résoudre des problèmes logiques; Travailler avec des données; Utiliser des outils informatiques,Automatiser des tâches; Programmer; Analyser des données; Créer des applications,Problèmes logiques et techniques,Programmation; Projets pratiques,Pratique,Intensif et régulier,Startup,Technologie; Robotique; Data; Intelligence artificielle,Seul ou en petite équipe,Travailler dans un secteur innovant,IGGLIA,Technicien informatique,4.0
2026-08-05 11:19:12,Étudiant(e),S,SVT; Chimie,Mathématiques; Physique,Observer; Expérimenter; Résoudre des problèmes; Analyser,Analyser; Faire des expériences,Problèmes scientifiques,Travaux pratiques,Pratique et théorie,Intensif et régulier,Laboratoire,Recherche; Sciences; Technologie; Environnement,Seul ou en équipe,Acquérir une formation solide,ESIIA,Analyste cyber-sécurité,4.0
2026-07-20 07:33:30,Professionnel(le),D,SVT; Chimie,SVT; Chimie,Expérimenter; Observer; Manipuler des outils ou équipements; Analyser,Rechercher; Analyser des substances; Faire des expériences; Mesurer,Problèmes scientifiques et expérimentaux,Laboratoire,Pratique,Progressif,Centre de recherche,Chimie; Laboratoire; Environnement; Recherche,Seul ou en équipe,Acquérir une formation solide,PIP,Technicien de laboratoire,2.0
2026-07-25 13:09:56,Étudiant(e),S,Mathématiques; Physique,Mathématiques,Résoudre des problèmes logiques; Analyser des informations,Automatiser des tâches; Analyser des données,Problèmes logiques et techniques,Programmation; Projets pratiques,Pratique et théorie,Intensif et régulier,Entreprise,Intelligence artificielle; Technologie; Data; Programmation,Seul ou en petite équipe,Travailler dans un secteur innovant,ISAIA,Analyste cyber-sécurité,5.0
2026-07-23 13:12:42,Étudiant(e),S,Informatique; Physique; Mathématiques,Informatique; Mathématiques,Analyser des informations; Utiliser des outils informatiques,Créer des applications; Programmer; Automatiser des tâches; Analyser des données,Problèmes logiques et techniques,Travaux dirigés,Pratique,Intensif et régulier,Bureau,Intelligence artificielle; Robotique; Data; Technologie,En équipe,Développer des compétences professionnelles,IGGLIA,Développeur full-stack,4.0
2026-07-18 09:53:03,Professionnel(le),A2,Anglais; Français,Anglais; Français,Communiquer; Créer; Rédiger,Créer du contenu; Communiquer; Présenter; Organiser des événements,Problèmes de communication,Projets,Pratique et théorie,Dynamique,Studio,Événementiel; Médias; Publicité; Marketing,En équipe,Développer son réseau professionnel,PIP,Chercheur en pharmacologie,3.0
2026-07-22 14:26:24,Étudiant(e),S,SVT; Physique,Mathématiques; SVT,Analyser; Observer,Rechercher; Faire des expériences; Analyser des substances; Mesurer,Problèmes scientifiques et expérimentaux,Travaux pratiques; Laboratoire,Pratique et théorie,Régulier,Industrie,Recherche; Laboratoire; Industrie; Environnement,En équipe,Acquérir une formation solide,ICMP,Technicien qualité,4.0
2026-07-23 11:45:56,Professionnel(le),A2,Français; Histoire,Français,Argumenter; Rédiger; Communiquer,Faire des recherches; Lire des documents; Rédiger,Problèmes juridiques et sociaux,Débats; Études de cas,Pratique et théorie,Régulier,Administration,Société; Droits humains; Administration,Seul ou en équipe,La reconnaissance du diplôme,IAA,Chercheur,5.0
2026-07-05 10:18:08,Étudiant(e),D,SVT; Mathématiques; Physique,SVT; Physique,Manipuler des outils ou équipements; Observer,Rechercher; Faire des expériences; Mesurer,Problèmes scientifiques et expérimentaux,Travaux pratiques; Laboratoire,Pratique,Régulier,Laboratoire,Laboratoire; Environnement,En équipe,Acquérir une formation solide,GCA,Manager,2.0
2026-07-13 16:47:48,Étudiant(e),G,Histoire; Anglais,Anglais,Créer; Communiquer; Rédiger,Organiser des événements; Communiquer,Problèmes de communication,Présentations; Travaux de groupe,Pratique,Intensif et régulier,Entreprise,Médias; Événementiel; Marketing,En équipe,La possibilité d'évoluer professionnellement,TEE,Community manager,3.0
2026-07-11 16:45:46,Étudiant(e),A1,Économie; Mathématiques; Français,Économie,Organiser; Analyser,Faire du commerce; Négocier; Communiquer,Problèmes commerciaux,Projets,Pratique et théorie,Dynamique,Agence,Vente; Entrepreneuriat,En équipe,Créer mon entreprise,TEE,Journaliste,4.0
2026-07-02 07:15:43,Étudiant(e),G,Mathématiques; Économie,Économie,Négocier; Analyser; Organiser; Communiquer,Négocier; Faire du commerce,Problèmes commerciaux,Études de cas,Pratique,Dynamique,Commerce,Marketing; Vente; Commerce; Entrepreneuriat,En équipe,Les perspectives de carrière,CAA,Business developer,1.0
2026-07-13 08:10:23,Professionnel(le),G,Histoire; Français,Français; Anglais,Présenter; Créer; Rédiger; Communiquer,Présenter; Créer du contenu; Communiquer,Problèmes de communication,Travaux de groupe,Pratique,Intensif et régulier,Studio,Communication; Publicité; Événementiel,En équipe,Développer son réseau professionnel,TEH,Community manager,4.0
2026-08-22 13:11:27,Étudiant(e),G,Anglais; Français; Histoire,Français,Rédiger; Présenter; Créer; Communiquer,Communiquer; Organiser des événements,Problèmes de communication,Travaux de groupe; Projets,Pratique et théorie,Dynamique,Agence,Marketing; Médias,En équipe,La possibilité d'évoluer professionnellement,TEE,Responsable marketing,5.0
2026-08-13 15:31:05,Étudiant(e),S,Chimie; Mathématiques,SVT; Physique,Analyser; Résoudre des problèmes,Faire des expériences; Concevoir; Rechercher,Problèmes scientifiques,Recherche,Pratique et théorie,Régulier,Centre de recherche; Laboratoire,Technologie; Recherche,En équipe,Être utile à la société,EMII,Assistant de recherche,5.0
2026-07-03 15:20:18,Étudiant(e),A1,Français; Anglais; Histoire,Anglais,Créer; Rédiger; Présenter,Présenter; Créer du contenu,Problèmes de communication,Travaux de groupe; Présentations,Pratique et théorie,Intensif et régulier,Média; Entreprise,Publicité; Médias; Événementiel; Marketing,En équipe,La possibilité d'évoluer professionnellement,EMP,Responsable administratif,1.0
2026-07-14 07:22:18,Étudiant(e),G,Économie; Gestion,Mathématiques,Calculer; Analyser des données,Analyser des données; Gérer; Analyser des comptes; Faire des calculs,Problèmes financiers,Exercices,Pratique et théorie,Intensif et régulier,Banque; Cabinet,Comptabilité; Finance; Banque; Gestion,Seul,La stabilité professionnelle,FIC,Analyste financier,4.0
2026-07-28 07:26:12,Professionnel(le),S,Anglais; Physique; Informatique,Mathématiques; Informatique,Analyser des informations; Résoudre des problèmes logiques; Travailler avec des données,Automatiser des tâches; Analyser des données,Problèmes logiques et techniques,Travaux dirigés; Projets pratiques,Pratique,Intensif et régulier,Startup,Robotique; Data,En équipe,Développer des compétences professionnelles,ESIIA,Développeur logiciel,5.0
2026-07-30 10:45:52,Professionnel(le),A2,Histoire; Français; Anglais,Philosophie,Analyser des textes; Rédiger; Argumenter,Rédiger; Faire des recherches,Problèmes juridiques et sociaux,Débats,Théorie,Calme et régulier,Institution publique; Cabinet,Société; Droits humains; Administration; Justice,Seul ou en équipe,La stabilité professionnelle,AEE,Spécialiste en développement rural,3.0
2026-08-08 14:40:50,Professionnel(le),A1,Histoire; Français; Anglais,Français,Analyser des textes; Rédiger; Argumenter,Lire des documents; Faire des recherches; Débattre,Problèmes juridiques et sociaux,Débats,Pratique et théorie,Calme et régulier,Institution publique,Justice; Société; Droit,Seul ou en équipe,Aimer le domaine étudié,DTJA,Assistant juridique,4.0
2026-08-19 15:25:09,Professionnel(le),A1,Économie; Mathématiques,Économie; Mathématiques,Planifier; Organiser; Calculer,Organiser; Analyser un marché,Problèmes économiques et organisationnels,Études de cas,Pratique et théorie,Dynamique,Bureau,Management; Gestion,En équipe,Les perspectives de carrière,TEE,Manager,1.0
2026-08-05 17:55:19,Étudiant(e),S,Gestion; Économie,Économie; Mathématiques,Être rigoureux; Organiser; Calculer,Faire des calculs; Analyser des données; Gérer,Problèmes financiers,Exercices; Études de cas,Théorie et pratique,Intensif et régulier,Banque,Finance; Banque,Seul,Les débouchés professionnels,ISAIA,Développeur full-stack,4.0
2026-08-09 12:32:56,Étudiant(e),A2,Français; Anglais,Anglais; Français,Rédiger; Communiquer,Organiser des événements; Communiquer,Problèmes de communication,Projets,Pratique,Dynamique,Entreprise; Média,Événementiel; Publicité; Communication; Médias,En équipe,La possibilité d'évoluer professionnellement,AEE,Assistant de recherche,5.0
2026-07-21 09:52:25,Étudiant(e),S,SVT; Mathématiques,Chimie; Mathématiques,Observer; Manipuler des outils ou équipements,Faire des expériences; Mesurer,Problèmes scientifiques et expérimentaux,Travaux pratiques,Pratique,Progressif,Laboratoire,Industrie; Recherche; Laboratoire,Seul ou en équipe,Acquérir une formation solide,GCA,Chercheur,3.0
2026-07-19 12:55:08,Étudiant(e),S,Physique; Informatique,Informatique; Mathématiques,Utiliser des outils informatiques; Travailler avec des données; Analyser des informations,Analyser des données; Automatiser des tâches; Créer des applications,Problèmes logiques et techniques,Programmation,Pratique et théorie,Intensif et régulier,Startup; Entreprise,Programmation; Technologie; Robotique; Data,En équipe,Développer des compétences professionnelles,IGGLIA,Data scientifique,1.0
2026-07-18 10:57:53,Professionnel(le),A2,Français; Anglais; Histoire,Français,Présenter; Rédiger,Organiser des événements; Communiquer,Problèmes de communication,Travaux de groupe; Projets,Pratique,Intensif et régulier,Entreprise,Médias; Communication; Publicité; Événementiel,En équipe,Développer mes compétences relationnelles,IAA,Chercheur,2.0
2026-07-22 15:32:41,Étudiant(e),S,Économie; Gestion; Français,Économie; Mathématiques,Planifier; Organiser,Organiser; Planifier; Gérer un projet,Problèmes économiques et organisationnels,Projets; Exercices pratiques,Pratique et théorie,Régulier,Administration,Entrepreneuriat; Économie; Management,En équipe,Les débouchés professionnels,ESIIA,Développeur logiciel,4.0
2026-08-08 07:48:39,Étudiant(e),D,Chimie; Physique,Mathématiques,Observer; Analyser,Faire des expériences; Rechercher; Analyser des substances,Problèmes scientifiques et expérimentaux,Travaux pratiques,Pratique,Régulier,Centre de recherche; Laboratoire,Environnement; Recherche,En équipe,Acquérir une formation solide,GCA,Chercheur,4.0
2026-08-07 11:26:05,Étudiant(e),C,Chimie; Mathématiques; SVT,Chimie; Mathématiques,Manipuler des outils ou équipements; Observer; Expérimenter,Mesurer; Rechercher; Analyser des substances,Problèmes scientifiques et expérimentaux,Laboratoire,Pratique,Progressif,Industrie; Centre de recherche,Chimie; Industrie; Laboratoire,En équipe,La pratique professionnelle,ICMP,Technicien de laboratoire,4.0
2026-07-12 09:27:10,Professionnel(le),S,Chimie; SVT,Physique,Observer; Analyser; Expérimenter; Résoudre des problèmes,Faire des expériences; Rechercher; Concevoir,Problèmes scientifiques,Travaux pratiques,Pratique et théorie,Intensif et régulier,Centre de recherche,Technologie; Sciences; Environnement; Recherche,Seul ou en équipe,Être utile à la société,GCA,Chercheur,3.0
2026-07-13 16:24:35,Étudiant(e),C,Physique; Mathématiques; SVT,SVT; Chimie,Analyser; Manipuler des outils ou équipements; Observer; Expérimenter,Analyser des substances; Rechercher; Mesurer,Problèmes scientifiques et expérimentaux,Laboratoire; Travaux pratiques,Pratique et théorie,Progressif,Laboratoire,Industrie; Laboratoire,En équipe,Aimer le domaine étudié,ICMP,Technicien qualité,3.0
2026-08-02 10:46:06,Professionnel(le),A2,Anglais; Histoire; Français,Histoire; Français,Analyser des textes; Argumenter,Lire des documents; Rédiger; Débattre,Problèmes juridiques et sociaux,Lectures,Théorie,Calme et régulier,Tribunal,Administration; Droit; Droits humains,Seul ou en équipe,La reconnaissance du diplôme,IAA,Technicien qualité,3.0
2026-07-03 14:21:28,Étudiant(e),A1,Histoire; Français,Anglais,Rédiger; Communiquer; Créer; Présenter,Communiquer; Présenter,Problèmes de communication,Présentations,Pratique et théorie,Intensif et régulier,Média,Médias; Événementiel,En équipe,Développer son réseau professionnel,TEE,Community manager,4.0
2026-07-19 17:40:20,Professionnel(le),S,SVT; Chimie,Physique,Résoudre des problèmes; Analyser; Expérimenter; Observer,Rechercher; Faire des expériences; Analyser,Problèmes scientifiques,Expériences,Pratique et théorie,Intensif et régulier,Industrie,Technologie; Environnement; Recherche; Sciences,En équipe,Acquérir une formation solide,EMII,Assistant de recherche,2.0
2026-08-13 08:47:10,Étudiant(e),A1,Histoire; Français,Français,Créer; Communiquer; Rédiger; Présenter,Créer du contenu; Communiquer; Organiser des événements; Présenter,Problèmes de communication,Projets,Pratique et théorie,Intensif et régulier,Média,Événementiel; Communication; Médias; Publicité,En équipe,Développer mes compétences relationnelles,TEH,Community manager,3.0
2026-07-22 14:39:30,Professionnel(le),A2,Économie; Français,Français,Organiser; Analyser; Négocier; Communiquer,Analyser un marché; Faire du commerce; Négocier; Communiquer,Problèmes commerciaux,Projets,Pratique,Intensif,Commerce; Entreprise,Commerce; Entrepreneuriat,En équipe,Les perspectives de carrière,AEE,Consultant agricole,3.0
2026-08-10 17:10:21,Étudiant(e),S,Mathématiques; Chimie; SVT,Mathématiques; Physique,Expérimenter; Observer; Résoudre des problèmes,Analyser; Faire des expériences,Problèmes scientifiques,Travaux pratiques,Pratique et théorie,Régulier,Laboratoire; Industrie,Environnement; Recherche,En équipe,Acquérir une formation solide,IMTICIA,Ingénieur logiciel,2.0
2026-07-18 13:15:09,Professionnel(le),G,Mathématiques; Gestion,Gestion,Organiser; Analyser des données,Analyser un marché; Organiser; Gérer un projet; Planifier,Problèmes économiques et organisationnels,Projets; Études de cas,Pratique,Dynamique,Entreprise; Bureau,Gestion; Entrepreneuriat; Économie,Seul ou en équipe,Créer mon entreprise,EMP,Chef de projet,3.0
2026-08-01 09:24:33,Étudiant(e),A1,Anglais; Français; Histoire,Histoire,Analyser des textes; Communiquer; Rédiger,Débattre; Faire des recherches; Rédiger; Lire des documents,Problèmes juridiques et sociaux,Lectures,Pratique et théorie,Calme et régulier,Cabinet; Institution publique,Justice; Administration; Société,Seul ou en équipe,La reconnaissance du diplôme,DTJA,Juriste,4.0
2026-07-08 10:11:52,Étudiant(e),S,Physique; Anglais; Mathématiques,Mathématiques; Informatique,Travailler avec des données; Analyser des informations,Programmer; Automatiser des tâches,Problèmes logiques et techniques,Travaux dirigés; Projets pratiques,Pratique,Régulier,Télétravail,Robotique; Data; Intelligence artificielle,En équipe,Travailler dans un secteur innovant,ESIIA,Ingénieur IA,4.0
2026-08-24 14:09:28,Professionnel(le),S,Mathématiques; SVT,Physique; SVT,Analyser; Observer; Expérimenter,Rechercher; Faire des expériences; Concevoir; Analyser,Problèmes scientifiques,Expériences,Pratique et théorie,Régulier,Laboratoire; Centre de recherche,Environnement; Technologie,En équipe,Être utile à la société,ESIIA,Assistant de recherche,5.0
2026-08-02 17:27:47,Étudiant(e),S,SVT; Mathématiques; Chimie,SVT; Mathématiques,Manipuler des outils ou équipements; Analyser; Expérimenter; Observer,Analyser des substances; Rechercher; Mesurer,Problèmes scientifiques et expérimentaux,Travaux pratiques,Pratique et théorie,Régulier,Centre de recherche; Industrie,Chimie; Environnement; Recherche,En équipe,Aimer le domaine étudié,AEE,Biologiste,4.0
2026-07-04 09:30:45,Étudiant(e),G,Gestion; Mathématiques; Économie,Mathématiques; Économie,Calculer; Analyser des données; Organiser; Être rigoureux,Analyser des comptes; Faire des calculs; Analyser des données; Gérer,Problèmes financiers,Études de cas,Pratique et théorie,Régulier,Entreprise; Cabinet,Gestion; Audit,Seul ou en équipe,Les débouchés professionnels,FIC,Auditeur,3.0
2026-08-14 12:59:43,Professionnel(le),D,SVT; Physique,SVT; Mathématiques,Résoudre des problèmes; Observer; Expérimenter,Faire des expériences; Concevoir; Rechercher; Analyser,Problèmes scientifiques,Expériences; Travaux pratiques,Pratique et théorie,Intensif et régulier,Centre de recherche,Technologie; Environnement,En équipe,Acquérir une formation solide,IMTICIA,Chercheur,3.0
2026-07-09 15:50:31,Professionnel(le),A1,Gestion; Économie,Gestion; Mathématiques,Organiser; Analyser des données; Planifier,Gérer un projet; Organiser; Analyser un marché,Problèmes économiques et organisationnels,Études de cas; Projets,Pratique,Régulier,Bureau,Économie; Gestion,En équipe,Les débouchés professionnels,CAA,Gestionnaire,5.0
2026-07-11 17:00:00,Étudiant(e),S,Mathématiques; Économie,Mathématiques; Économie,Organiser; Analyser des données; Être rigoureux,Analyser des comptes; Gérer; Analyser des données; Faire des calculs,Problèmes financiers,Travaux pratiques; Exercices,Théorie et pratique,Régulier,Banque,Gestion; Banque; Finance; Audit,Seul,La stabilité professionnelle,IGGLIA,Chef de projet,3.0
2026-08-15 13:18:18,Étudiant(e),A1,Français; Anglais; Philosophie,Philosophie,Communiquer; Analyser des textes; Argumenter; Rédiger,Débattre; Rédiger; Faire des recherches,Problèmes juridiques et sociaux,Lectures,Théorie,Régulier,Cabinet,Droits humains; Administration,Seul ou en équipe,La stabilité professionnelle,DTJA,Avocat,2.0
2026-07-06 17:15:27,Étudiant(e),S,Gestion; Économie; Mathématiques,Économie,Calculer; Organiser; Être rigoureux,Analyser des données; Faire des calculs; Gérer,Problèmes financiers,Travaux pratiques,Théorie et pratique,Régulier,Entreprise; Cabinet,Banque; Comptabilité,Seul ou en équipe,Les perspectives de carrière,EMII,Chef de projet,5.0
2026-08-03 12:10:52,Étudiant(e),S,SVT; Chimie; Physique,SVT; Physique,Expérimenter; Manipuler des outils ou équipements,Mesurer; Faire des expériences; Rechercher,Problèmes scientifiques et expérimentaux,Travaux pratiques; Laboratoire,Pratique et théorie,Régulier,Laboratoire,Laboratoire; Recherche,En équipe,Acquérir une formation solide,ICMP,Technicien de laboratoire,5.0
2026-07-13 16:08:30,Étudiant(e),G,Anglais; Français,Anglais; Français,Communiquer; Présenter; Créer; Rédiger,Présenter; Organiser des événements; Communiquer,Problèmes de communication,Projets; Travaux de groupe,Pratique,Dynamique,Agence,Marketing; Communication; Événementiel,En équipe,Développer son réseau professionnel,TEH,Community manager,1.0
2026-07-06 17:48:17,Étudiant(e),G,Gestion; Économie; Français,Mathématiques; Gestion,Calculer; Organiser,Organiser; Analyser un marché,Problèmes économiques et organisationnels,Exercices pratiques,Pratique et théorie,Régulier,Bureau,Gestion; Management; Économie; Entrepreneuriat,Seul ou en équipe,Les débouchés professionnels,EMP,Gestionnaire,3.0
2026-08-05 07:14:50,Professionnel(le),S,Mathématiques; Gestion; Économie,Économie; Mathématiques,Calculer; Organiser; Analyser des données; Être rigoureux,Analyser des données; Faire des calculs; Gérer,Problèmes financiers,Travaux pratiques; Études de cas,Théorie et pratique,Intensif et régulier,Entreprise,Banque; Audit; Finance; Comptabilité,Seul,La stabilité professionnelle,IGGLIA,Chercheur,4.0
2026-07-10 15:05:12,Étudiant(e),G,Mathématiques; Gestion; Économie,Économie,Analyser des données; Organiser; Calculer,Faire des calculs; Analyser des comptes; Analyser des données,Problèmes financiers,Exercices,Pratique et théorie,Régulier,Cabinet; Banque,Comptabilité; Audit; Banque; Gestion,Seul ou en équipe,Les perspectives de carrière,FIC,Comptable,1.0
2026-08-23 17:12:17,Étudiant(e),C,Physique; Mathématiques,SVT; Physique,Analyser; Observer; Expérimenter; Résoudre des problèmes,Rechercher; Concevoir; Analyser; Faire des expériences,Problèmes scientifiques,Expériences,Pratique et théorie,Intensif et régulier,Centre de recherche,Sciences; Technologie,En équipe,Acquérir une formation solide,ESIIA,Assistant de recherche,3.0
2026-07-03 14:09:10,Professionnel(le),A1,Économie; Mathématiques; Français,Économie; Français,Négocier; Communiquer; Analyser; Organiser,Communiquer; Analyser un marché,Problèmes commerciaux,Études de cas; Simulations,Pratique et théorie,Intensif,Agence; Commerce,Entrepreneuriat; Vente,En équipe,Créer mon entreprise,TEE,Chargé de communication,4.0
2026-07-24 17:43:17,Professionnel(le),G,Histoire; Français,Français; Anglais,Créer; Présenter; Communiquer; Rédiger,Présenter; Créer du contenu; Organiser des événements,Problèmes de communication,Projets,Pratique,Intensif et régulier,Média; Entreprise,Communication; Marketing,En équipe,Développer son réseau professionnel,TEH,Responsable communication,4.0
2026-08-14 17:33:17,Étudiant(e),S,Mathématiques; SVT; Chimie,Mathématiques,Manipuler des outils ou équipements; Analyser,Analyser des substances; Mesurer; Rechercher,Problèmes scientifiques et expérimentaux,Laboratoire,Pratique,Régulier,Industrie,Environnement; Industrie,En équipe,La pratique professionnelle,ESIIA,Ingénieur IA,1.0
2026-08-07 15:16:03,Étudiant(e),S,Économie; Mathématiques; Gestion,Économie,Analyser des données; Être rigoureux; Calculer,Analyser des données; Faire des calculs; Gérer,Problèmes financiers,Études de cas,Pratique et théorie,Intensif et régulier,Bureau; Banque,Finance; Gestion,Seul ou en équipe,La stabilité professionnelle,GCA,Gestionnaire,3.0
2026-07-31 13:05:57,Étudiant(e),A1,Économie; Français,Gestion; Mathématiques,Calculer; Analyser des données; Organiser; Planifier,Organiser; Gérer un projet,Problèmes économiques et organisationnels,Exercices pratiques; Études de cas,Pratique,Régulier,Entreprise,Gestion; Entrepreneuriat,Seul ou en équipe,Créer mon entreprise,CAA,Business developer,4.0
2026-08-14 10:01:01,Étudiant(e),S,Gestion; Économie; Mathématiques,Économie; Mathématiques,Organiser; Être rigoureux; Analyser des données; Calculer,Faire des calculs; Analyser des données; Analyser des comptes; Gérer,Problèmes financiers,Travaux pratiques; Études de cas,Pratique et théorie,Intensif et régulier,Banque; Bureau,Finance; Banque; Audit; Comptabilité,Seul,Les débouchés professionnels,IGGLIA,Chercheur,1.0
2026-07-28 17:32:36,Étudiant(e),A2,Anglais; Histoire; Français,Anglais; Français,Créer; Rédiger; Communiquer; Présenter,Créer du contenu; Organiser des événements; Présenter,Problèmes de communication,Présentations; Travaux de groupe,Pratique et théorie,Dynamique,Studio,Publicité; Événementiel,En équipe,Développer son réseau professionnel,PIP,Technicien en pharmacie,2.0
2026-07-14 09:55:12,Étudiant(e),C,Chimie; Mathématiques; Physique,SVT,Manipuler des outils ou équipements; Expérimenter; Observer; Analyser,Analyser des substances; Mesurer; Faire des expériences,Problèmes scientifiques et expérimentaux,Expériences,Pratique,Progressif,Industrie; Centre de recherche,Laboratoire; Recherche; Environnement; Industrie,En équipe,La pratique professionnelle,ICMP,Technicien qualité,4.0
2026-08-25 16:09:55,Étudiant(e),S,Anglais; Informatique,Mathématiques; Informatique,Utiliser des outils informatiques; Analyser des informations,Programmer; Analyser des données; Automatiser des tâches; Créer des applications,Problèmes logiques et techniques,Projets pratiques; Programmation,Pratique et théorie,Intensif et régulier,Entreprise; Startup,Technologie; Data,Seul ou en petite équipe,Développer des compétences professionnelles,IGGLIA,Ingénieur logiciel,3.0
2026-08-17 08:13:43,Étudiant(e),C,Physique; SVT; Mathématiques,Physique; Mathématiques,Analyser; Manipuler des outils ou équipements,Analyser des substances; Mesurer; Rechercher,Problèmes scientifiques et expérimentaux,Laboratoire; Travaux pratiques,Pratique,Régulier,Industrie; Laboratoire,Chimie; Environnement; Laboratoire,En équipe,La pratique professionnelle,GCA,Chef de projet,3.0
2026-07-06 08:04:03,Professionnel(le),S,Chimie; Physique,Physique; SVT,Expérimenter; Manipuler des outils ou équipements,Faire des expériences; Rechercher; Mesurer; Analyser des substances,Problèmes scientifiques et expérimentaux,Travaux pratiques; Laboratoire,Pratique,Progressif,Industrie; Centre de recherche,Industrie; Laboratoire; Chimie,En équipe,Aimer le domaine étudié,IAA,Technicien de laboratoire,1.0
2026-08-06 12:06:57,Étudiant(e),G,Économie; Français,Français,Négocier; Organiser,Analyser un marché; Communiquer; Négocier; Faire du commerce,Problèmes commerciaux,Projets; Études de cas,Pratique,Intensif,Entreprise; Agence,Commerce; Vente,En équipe,Créer mon entreprise,CAA,Commercial,1.0
2026-07-02 10:43:59,Étudiant(e),A2,Histoire; Français; Anglais,Anglais; Français,Créer; Présenter; Communiquer,Présenter; Créer du contenu; Organiser des événements; Communiquer,Problèmes de communication,Travaux de groupe; Projets,Pratique et théorie,Dynamique,Studio; Agence,Publicité; Médias; Événementiel,En équipe,La possibilité d'évoluer professionnellement,PIP,Biologiste,3.0
2026-07-12 09:24:39,Étudiant(e),C,Physique; Chimie; SVT,Mathématiques; SVT,Expérimenter; Observer; Résoudre des problèmes,Rechercher; Faire des expériences,Problèmes scientifiques,Expériences; Travaux pratiques,Pratique et théorie,Intensif et régulier,Laboratoire,Recherche; Technologie,En équipe,Être utile à la société,EMII,Ingénieur,4.0
2026-08-25 08:46:10,Professionnel(le),A1,Gestion; Économie,Gestion; Mathématiques,Organiser; Analyser des données,Gérer un projet; Analyser un marché,Problèmes économiques et organisationnels,Projets; Exercices pratiques,Pratique et théorie,Régulier,Administration; Entreprise,Management; Entrepreneuriat; Économie; Gestion,En équipe,Créer mon entreprise,EMP,Gestionnaire,3.0
2026-08-20 07:15:53,Étudiant(e),G,Histoire; Anglais; Français,Français,Créer; Rédiger,Créer du contenu; Organiser des événements; Présenter; Communiquer,Problèmes de communication,Présentations,Pratique,Intensif et régulier,Studio; Agence,Marketing; Événementiel; Communication; Publicité,En équipe,Développer son réseau professionnel,TEH,Community manager,2.0
2026-07-08 14:27:32,Professionnel(le),C,SVT; Physique,Chimie; SVT,Expérimenter; Manipuler des outils ou équipements; Observer,Rechercher; Analyser des substances,Problèmes scientifiques et expérimentaux,Laboratoire; Travaux pratiques,Pratique et théorie,Régulier,Centre de recherche,Industrie; Environnement; Laboratoire,En équipe,La pratique professionnelle,GCA,Ingénieur,5.0
2026-07-06 14:01:19,Étudiant(e),S,Physique; Mathématiques,Mathématiques,Observer; Expérimenter; Résoudre des problèmes; Analyser,Analyser; Faire des expériences,Problèmes scientifiques,Recherche; Travaux pratiques,Pratique et théorie,Régulier,Centre de recherche,Recherche; Environnement; Technologie,Seul ou en équipe,Être utile à la société,IMTICIA,Développeur,3.0
2026-07-17 16:41:58,Étudiant(e),A2,Français; Histoire; Philosophie,Français; Philosophie,Analyser des textes; Communiquer; Rédiger,Débattre; Faire des recherches,Problèmes juridiques et sociaux,Lectures; Études de cas,Pratique et théorie,Calme et régulier,Administration,Droit; Justice; Société,Seul ou en équipe,La reconnaissance du diplôme,IAA,Expert en qualité alimentaire,5.0
2026-07-01 09:05:12,Étudiant(e),G,Anglais; Français,Anglais; Français,Rédiger; Présenter,Créer du contenu; Présenter,Problèmes de communication,Projets,Pratique,Dynamique,Studio,Médias; Publicité; Communication; Événementiel,En équipe,Développer son réseau professionnel,TEH,Responsable communication,2.0
2026-08-23 16:55:46,Étudiant(e),G,Gestion; Mathématiques; Économie,Économie; Mathématiques,Calculer; Analyser des données; Organiser; Être rigoureux,Gérer; Analyser des comptes; Faire des calculs,Problèmes financiers,Exercices; Études de cas,Théorie et pratique,Intensif et régulier,Banque; Bureau,Finance; Comptabilité; Banque; Audit,Seul ou en équipe,La stabilité professionnelle,FIC,Responsable administratif,2.0
2026-07-15 15:51:00,Professionnel(le),A2,Histoire; Anglais,Français; Anglais,Créer; Rédiger,Créer du contenu; Communiquer; Présenter; Organiser des événements,Problèmes de communication,Présentations,Pratique,Dynamique,Studio,Médias; Événementiel,En équipe,La possibilité d'évoluer professionnellement,IAA,Technicien de laboratoire,4.0
2026-07-09 13:03:30,Étudiant(e),D,SVT; Physique; Mathématiques,SVT,Expérimenter; Analyser; Observer; Résoudre des problèmes,Concevoir; Faire des expériences,Problèmes scientifiques,Expériences; Recherche,Pratique et théorie,Intensif et régulier,Laboratoire; Industrie,Recherche; Environnement; Technologie,En équipe,Être utile à la société,IMTICIA,Chercheur,4.0
2026-08-14 12:12:05,Étudiant(e),S,Anglais; Informatique,Mathématiques; Informatique,Résoudre des problèmes logiques; Utiliser des outils informatiques; Analyser des informations,Programmer; Automatiser des tâches; Créer des applications,Problèmes logiques et techniques,Travaux dirigés,Pratique et théorie,Intensif et régulier,Bureau; Entreprise,Intelligence artificielle; Programmation; Robotique,Seul ou en petite équipe,Travailler dans un secteur innovant,ESIIA,Ingénieur IA,3.0
2026-07-26 17:35:31,Étudiant(e),S,Gestion; Économie,Économie; Mathématiques,Analyser des données; Être rigoureux,Faire des calculs; Gérer,Problèmes financiers,Exercices; Études de cas,Théorie et pratique,Régulier,Entreprise,Banque; Gestion; Audit,Seul,Les perspectives de carrière,GCA,Gestionnaire,2.0
2026-07-29 12:42:47,Professionnel(le),D,SVT; Physique,Chimie,Observer; Analyser,Rechercher; Mesurer; Faire des expériences; Analyser des substances,Problèmes scientifiques et expérimentaux,Expériences; Laboratoire,Pratique et théorie,Régulier,Laboratoire,Environnement; Chimie,Seul ou en équipe,La pratique professionnelle,ICMP,Technicien de laboratoire,5.0
2026-07-03 13:00:36,Professionnel(le),G,Mathématiques; Économie; Gestion,Économie,Organiser; Analyser des données; Calculer; Être rigoureux,Analyser des comptes; Gérer; Faire des calculs; Analyser des données,Problèmes financiers,Exercices; Travaux pratiques,Théorie et pratique,Régulier,Banque,Audit; Gestion,Seul,La stabilité professionnelle,FIC,Analyste financier,4.0
2026-08-07 17:25:58,Étudiant(e),G,Mathématiques; Français,Français,Analyser; Organiser; Négocier,Analyser un marché; Communiquer; Négocier,Problèmes commerciaux,Projets; Études de cas,Pratique,Intensif,Commerce,Vente; Commerce,En équipe,Créer mon entreprise,TEE,Gestionnaire,3.0
2026-07-11 13:38:30,Étudiant(e),D,Mathématiques; Physique; Chimie,Physique; SVT,Expérimenter; Observer; Manipuler des outils ou équipements; Analyser,Analyser des substances; Mesurer; Faire des expériences,Problèmes scientifiques et expérimentaux,Travaux pratiques,Pratique,Régulier,Centre de recherche; Industrie,Industrie; Environnement; Chimie,En équipe,Aimer le domaine étudié,ICMP,Chimiste,3.0
2026-07-30 11:56:34,Étudiant(e),G,Gestion; Économie; Français,Mathématiques; Économie,Analyser des données; Calculer,Analyser un marché; Planifier,Problèmes économiques et organisationnels,Études de cas; Exercices pratiques,Pratique et théorie,Dynamique,Administration; Entreprise,Management; Entrepreneuriat,En équipe,Les perspectives de carrière,TEE,Manager,5.0
2026-08-25 10:59:05,Étudiant(e),S,Économie; Mathématiques,Mathématiques,Être rigoureux; Calculer; Analyser des données,Analyser des données; Analyser des comptes,Problèmes financiers,Travaux pratiques; Exercices,Théorie et pratique,Intensif et régulier,Cabinet; Banque,Finance; Banque,Seul ou en équipe,Les débouchés professionnels,EMII,Technicien,1.0
2026-07-26 07:27:45,Étudiant(e),D,Chimie; SVT; Mathématiques,Physique,Observer; Résoudre des problèmes,Faire des expériences; Analyser; Rechercher; Concevoir,Problèmes scientifiques,Recherche,Pratique et théorie,Régulier,Centre de recherche; Laboratoire,Sciences; Technologie; Recherche; Environnement,Seul ou en équipe,Être utile à la société,AEE,Ingénieur agronome,1.0
2026-07-01 15:34:09,Professionnel(le),C,Mathématiques; Chimie; SVT,Mathématiques,Analyser; Résoudre des problèmes,Rechercher; Faire des expériences; Concevoir,Problèmes scientifiques,Expériences,Pratique et théorie,Intensif et régulier,Laboratoire,Technologie; Sciences; Environnement; Recherche,Seul ou en équipe,Acquérir une formation solide,EMII,Assistant de recherche,5.0
2026-08-17 14:36:26,Professionnel(le),G,Mathématiques; Français,Français; Économie,Analyser; Négocier,Analyser un marché; Communiquer; Négocier; Faire du commerce,Problèmes commerciaux,Simulations; Projets,Pratique,Intensif,Commerce; Agence,Commerce; Marketing; Entrepreneuriat,En équipe,Les perspectives de carrière,CAA,Business developer,4.0
2026-08-08 13:41:58,Professionnel(le),A1,Mathématiques; Français; Économie,Français; Économie,Négocier; Organiser,Négocier; Communiquer; Analyser un marché,Problèmes commerciaux,Simulations; Études de cas,Pratique,Dynamique,Agence; Commerce,Commerce; Vente; Entrepreneuriat; Marketing,En équipe,Les perspectives de carrière,CAA,Business developer,5.0
2026-07-14 10:08:54,Professionnel(le),D,SVT; Chimie,SVT,Résoudre des problèmes; Observer; Expérimenter,Rechercher; Concevoir; Faire des expériences; Analyser,Problèmes scientifiques,Recherche,Pratique et théorie,Intensif et régulier,Centre de recherche; Industrie,Technologie; Environnement,En équipe,Être utile à la société,ESIIA,Technicien,4.0
2026-08-08 15:25:36,Étudiant(e),D,Physique; Mathématiques,Mathématiques; Physique,Observer; Manipuler des outils ou équipements,Analyser des substances; Faire des expériences,Problèmes scientifiques et expérimentaux,Expériences,Pratique,Régulier,Centre de recherche; Laboratoire,Industrie; Chimie,Seul ou en équipe,La pratique professionnelle,GCA,Ingénieur,3.0
2026-07-18 13:36:46,Étudiant(e),C,SVT; Mathématiques,SVT; Mathématiques,Résoudre des problèmes; Analyser,Concevoir; Rechercher; Faire des expériences,Problèmes scientifiques,Travaux pratiques; Recherche,Pratique et théorie,Régulier,Laboratoire,Recherche; Sciences; Technologie; Environnement,Seul ou en équipe,Être utile à la société,AEE,Biologiste,5.0
2026-08-09 09:57:30,Professionnel(le),S,Physique; Mathématiques; Informatique,Informatique,Travailler avec des données; Utiliser des outils informatiques; Analyser des informations; Résoudre des problèmes logiques,Créer des applications; Automatiser des tâches,Problèmes logiques et techniques,Projets pratiques; Programmation,Pratique,Régulier,Startup; Entreprise,Intelligence artificielle; Data,Seul ou en petite équipe,Les débouchés professionnels,IMTICIA,Développeur full-stack,5.0
2026-07-10 08:36:24,Étudiant(e),S,Mathématiques; Économie; Gestion,Économie,Calculer; Analyser des données,Analyser des données; Gérer; Faire des calculs; Analyser des comptes,Problèmes financiers,Exercices,Pratique et théorie,Intensif et régulier,Banque,Banque; Audit,Seul ou en équipe,Les perspectives de carrière,ISAIA,Développeur full-stack,2.0
2026-07-28 15:34:13,Étudiant(e),S,Mathématiques; Économie,Économie; Mathématiques,Organiser; Calculer; Être rigoureux,Analyser des données; Faire des calculs; Gérer,Problèmes financiers,Travaux pratiques; Études de cas,Théorie et pratique,Intensif et régulier,Entreprise,Audit; Finance; Banque; Gestion,Seul ou en équipe,Les débouchés professionnels,ISAIA,Chef de projet,2.0
2026-07-22 15:25:17,Professionnel(le),D,SVT; Chimie,Physique,Résoudre des problèmes; Observer,Analyser; Concevoir,Problèmes scientifiques,Expériences,Pratique et théorie,Intensif et régulier,Laboratoire,Environnement; Technologie; Sciences,En équipe,Être utile à la société,IMTICIA,Assistant de recherche,3.0
2026-08-21 08:19:44,Étudiant(e),A2,Français; Mathématiques,Français,Organiser; Communiquer; Négocier; Analyser,Faire du commerce; Négocier; Communiquer; Analyser un marché,Problèmes commerciaux,Projets,Pratique,Dynamique,Entreprise; Commerce,Commerce; Entrepreneuriat,En équipe,Les débouchés professionnels,IAA,Biologiste,2.0
2026-07-15 11:58:03,Étudiant(e),S,Mathématiques; Physique,SVT; Physique,Expérimenter; Observer; Manipuler des outils ou équipements,Rechercher; Analyser des substances,Problèmes scientifiques et expérimentaux,Travaux pratiques; Laboratoire,Pratique et théorie,Régulier,Industrie; Laboratoire,Environnement; Chimie,En équipe,Acquérir une formation solide,ESIIA,Data scientifique,5.0
2026-08-18 09:32:49,Étudiant(e),A2,Anglais; Histoire; Français,Français,Présenter; Communiquer,Organiser des événements; Présenter; Communiquer; Créer du contenu,Problèmes de communication,Présentations,Pratique,Dynamique,Studio; Média,Marketing; Médias; Publicité,En équipe,Développer son réseau professionnel,IAA,Chimiste,5.0
2026-07-08 12:10:41,Professionnel(le),S,SVT; Physique,Chimie; SVT,Expérimenter; Observer,Analyser des substances; Mesurer; Faire des expériences,Problèmes scientifiques et expérimentaux,Travaux pratiques,Pratique et théorie,Progressif,Centre de recherche; Industrie,Laboratoire; Recherche; Industrie,Seul ou en équipe,Aimer le domaine étudié,IAA,Technicien qualité,4.0
2026-08-13 15:43:46,Étudiant(e),A1,Français; Mathématiques; Gestion,Mathématiques; Gestion,Analyser des données; Planifier; Calculer; Organiser,Gérer un projet; Organiser; Analyser un marché,Problèmes économiques et organisationnels,Projets,Pratique et théorie,Dynamique,Bureau; Administration,Économie; Entrepreneuriat,Seul ou en équipe,Créer mon entreprise,TEE,Responsable communication,2.0
2026-07-20 10:00:19,Étudiant(e),D,Physique; SVT,Mathématiques,Observer; Résoudre des problèmes,Concevoir; Rechercher,Problèmes scientifiques,Travaux pratiques,Pratique et théorie,Régulier,Industrie,Sciences; Recherche; Technologie,Seul ou en équipe,Être utile à la société,IMTICIA,Chercheur,5.0
2026-07-02 11:03:16,Étudiant(e),A1,Français; Anglais,Philosophie; Français,Rédiger; Analyser des textes; Communiquer,Débattre; Lire des documents; Rédiger; Faire des recherches,Problèmes juridiques et sociaux,Lectures; Études de cas,Théorie,Régulier,Administration,Société; Droit; Administration; Justice,Seul,La stabilité professionnelle,DTJA,Juriste,1.0
2026-07-19 12:33:47,Étudiant(e),A2,Économie; Français; Mathématiques,Économie,Organiser; Analyser; Négocier; Communiquer,Faire du commerce; Communiquer; Négocier; Analyser un marché,Problèmes commerciaux,Simulations,Pratique et théorie,Intensif,Commerce; Agence,Entrepreneuriat; Marketing; Commerce; Vente,En équipe,Les débouchés professionnels,PIP,Biologiste,4.0
2026-07-05 13:55:33,Étudiant(e),S,Anglais; Physique,Mathématiques; Informatique,Travailler avec des données; Résoudre des problèmes logiques; Analyser des informations; Utiliser des outils informatiques,Programmer; Créer des applications; Analyser des données; Automatiser des tâches,Problèmes logiques et techniques,Projets pratiques,Pratique,Régulier,Entreprise,Data; Robotique,En équipe,Travailler dans un secteur innovant,ISAIA,Data scientifique,3.0
2026-07-15 07:36:16,Étudiant(e),A2,Philosophie; Français; Anglais,Histoire; Philosophie,Argumenter; Communiquer; Rédiger,Faire des recherches; Lire des documents,Problèmes juridiques et sociaux,Lectures; Études de cas,Pratique et théorie,Régulier,Cabinet; Tribunal,Droits humains; Administration,Seul,La reconnaissance du diplôme,PIP,Chercheur en pharmacologie,2.0
2026-08-12 14:07:55,Étudiant(e),A2,Histoire; Philosophie; Français,Philosophie; Histoire,Communiquer; Rédiger; Analyser des textes,Débattre; Lire des documents; Rédiger; Faire des recherches,Problèmes juridiques et sociaux,Lectures,Pratique et théorie,Régulier,Institution publique; Administration,Droit; Société; Droits humains; Administration,Seul,La reconnaissance du diplôme,DTJA,Conseiller juridique,2.0
2026-07-03 09:41:48,Professionnel(le),S,Économie; Mathématiques; Gestion,Mathématiques,Calculer; Organiser; Être rigoureux,Analyser des comptes; Analyser des données; Faire des calculs; Gérer,Problèmes financiers,Études de cas; Exercices,Théorie et pratique,Intensif et régulier,Banque; Cabinet,Audit; Banque,Seul,La stabilité professionnelle,ISAIA,Ingénieur IA,3.0
2026-07-02 13:12:22,Professionnel(le),S,Chimie; Physique,Mathématiques; SVT,Analyser; Observer; Expérimenter; Manipuler des outils ou équipements,Faire des expériences; Analyser des substances; Mesurer; Rechercher,Problèmes scientifiques et expérimentaux,Travaux pratiques,Pratique,Progressif,Laboratoire,Recherche; Industrie; Environnement; Chimie,En équipe,La pratique professionnelle,IAA,Technicien de laboratoire,5.0
2026-08-02 12:29:20,Professionnel(le),G,Économie; Mathématiques,Économie; Français,Communiquer; Négocier; Analyser,Analyser un marché; Faire du commerce; Négocier,Problèmes commerciaux,Projets; Simulations,Pratique,Dynamique,Commerce; Entreprise,Vente; Commerce; Marketing; Entrepreneuriat,En équipe,Les débouchés professionnels,CAA,Responsable marketing,2.0
2026-07-16 16:39:43,Étudiant(e),A1,Français; Gestion,Gestion; Mathématiques,Planifier; Organiser,Gérer un projet; Analyser un marché; Planifier,Problèmes économiques et organisationnels,Exercices pratiques; Études de cas,Pratique et théorie,Dynamique,Entreprise; Administration,Gestion; Entrepreneuriat; Économie,Seul ou en équipe,Les perspectives de carrière,EMP,Manager,2.0
2026-07-03 10:14:11,Étudiant(e),D,Chimie; Mathématiques; SVT,SVT,Observer; Résoudre des problèmes,Rechercher; Analyser; Faire des expériences,Problèmes scientifiques,Expériences; Travaux pratiques,Pratique et théorie,Intensif et régulier,Laboratoire,Recherche; Environnement; Technologie,En équipe,Acquérir une formation solide,EMII,Chercheur,2.0
2026-08-19 16:44:49,Professionnel(le),A1,Mathématiques; Français; Économie,Français,Négocier; Analyser,Faire du commerce; Communiquer; Analyser un marché,Problèmes commerciaux,Simulations; Projets,Pratique,Dynamique,Commerce; Entreprise,Entrepreneuriat; Commerce,En équipe,Les perspectives de carrière,TEE,Community manager,4.0
2026-08-11 08:40:39,Professionnel(le),A1,Anglais; Français,Histoire; Philosophie,Rédiger; Argumenter; Analyser des textes; Communiquer,Rédiger; Débattre; Faire des recherches,Problèmes juridiques et sociaux,Débats,Pratique et théorie,Calme et régulier,Institution publique; Cabinet,Justice; Administration,Seul,La stabilité professionnelle,DTJA,Avocat,5.0
2026-07-30 07:28:59,Étudiant(e),A1,Histoire; Français; Anglais,Anglais; Français,Communiquer; Créer,Présenter; Communiquer; Créer du contenu; Organiser des événements,Problèmes de communication,Projets,Pratique,Intensif et régulier,Agence,Événementiel; Médias; Communication,En équipe,Développer mes compétences relationnelles,TEH,Responsable marketing,3.0
2026-08-02 15:48:49,Étudiant(e),S,Chimie; SVT,SVT,Analyser; Manipuler des outils ou équipements; Expérimenter; Observer,Mesurer; Rechercher; Analyser des substances,Problèmes scientifiques et expérimentaux,Expériences; Travaux pratiques,Pratique et théorie,Progressif,Laboratoire; Centre de recherche,Industrie; Environnement,En équipe,Acquérir une formation solide,ICMP,Technicien qualité,1.0
2026-07-16 17:28:11,Étudiant(e),A2,Histoire; Philosophie; Anglais,Français; Histoire,Rédiger; Analyser des textes; Communiquer; Argumenter,Débattre; Rédiger; Lire des documents; Faire des recherches,Problèmes juridiques et sociaux,Études de cas; Lectures,Pratique et théorie,Régulier,Cabinet; Tribunal,Société; Droit; Administration,Seul,Aimer le domaine étudié,IAA,Chimiste,4.0
2026-08-11 09:08:46,Étudiant(e),S,Mathématiques; Chimie,Chimie,Manipuler des outils ou équipements; Observer; Expérimenter,Rechercher; Analyser des substances,Problèmes scientifiques et expérimentaux,Laboratoire,Pratique et théorie,Régulier,Centre de recherche,Recherche; Industrie,En équipe,Acquérir une formation solide,EMII,Assistant de recherche,2.0
2026-07-31 17:12:49,Étudiant(e),D,Physique; Chimie; Mathématiques,Physique; Mathématiques,Observer; Analyser,Faire des expériences; Analyser,Problèmes scientifiques,Travaux pratiques; Recherche,Pratique et théorie,Intensif et régulier,Industrie; Centre de recherche,Environnement; Sciences; Technologie,En équipe,Acquérir une formation solide,ESIIA,Technicien,1.0
2026-08-02 09:58:28,Professionnel(le),S,Économie; Mathématiques,Mathématiques,Calculer; Être rigoureux; Analyser des données; Organiser,Gérer; Faire des calculs; Analyser des données,Problèmes financiers,Travaux pratiques; Études de cas,Théorie et pratique,Régulier,Cabinet; Banque,Banque; Gestion; Comptabilité,Seul ou en équipe,La stabilité professionnelle,ISAIA,Chef de projet,4.0
2026-07-11 13:36:56,Professionnel(le),A1,Histoire; Anglais,Français; Histoire,Rédiger; Analyser des textes; Communiquer; Argumenter,Lire des documents; Rédiger; Faire des recherches,Problèmes juridiques et sociaux,Lectures; Débats,Pratique et théorie,Calme et régulier,Institution publique; Administration,Administration; Société,Seul ou en équipe,La reconnaissance du diplôme,DTJA,Avocat,1.0
2026-07-14 12:30:53,Étudiant(e),D,Physique; Chimie; SVT,Mathématiques; Physique,Expérimenter; Observer; Analyser,Faire des expériences; Analyser; Rechercher,Problèmes scientifiques,Recherche; Travaux pratiques,Pratique et théorie,Régulier,Laboratoire; Centre de recherche,Technologie; Environnement,Seul ou en équipe,Acquérir une formation solide,IMTICIA,Chercheur,5.0
2026-07-20 12:01:40,Étudiant(e),G,Anglais; Français,Anglais,Présenter; Communiquer; Créer,Organiser des événements; Créer du contenu,Problèmes de communication,Travaux de groupe,Pratique,Intensif et régulier,Média,Marketing; Communication; Publicité,En équipe,La possibilité d'évoluer professionnellement,TEE,Community manager,3.0
2026-07-05 17:28:40,Étudiant(e),G,Gestion; Économie; Mathématiques,Économie; Mathématiques,Analyser des données; Calculer,Faire des calculs; Analyser des données,Problèmes financiers,Exercices; Études de cas,Pratique et théorie,Intensif et régulier,Cabinet; Bureau,Gestion; Comptabilité,Seul,Les débouchés professionnels,FIC,Contrôleur de gestion,4.0
2026-08-19 15:48:26,Professionnel(le),S,Gestion; Mathématiques; Économie,Mathématiques; Économie,Calculer; Analyser des données,Analyser des comptes; Faire des calculs,Problèmes financiers,Études de cas; Exercices,Théorie et pratique,Intensif et régulier,Bureau,Gestion; Finance; Comptabilité; Banque,Seul,Les débouchés professionnels,IGGLIA,Chef de projet,3.0
2026-07-19 17:25:39,Étudiant(e),A1,Économie; Gestion; Français,Gestion; Mathématiques,Calculer; Organiser; Planifier,Organiser; Analyser un marché,Problèmes économiques et organisationnels,Exercices pratiques,Pratique,Régulier,Administration; Bureau,Économie; Entrepreneuriat,Seul ou en équipe,Les débouchés professionnels,TEE,Responsable marketing,3.0
2026-07-04 09:55:06,Étudiant(e),A1,Anglais; Histoire,Français; Anglais,Présenter; Rédiger,Communiquer; Organiser des événements,Problèmes de communication,Projets; Présentations,Pratique et théorie,Intensif et régulier,Média; Agence,Communication; Médias,En équipe,La possibilité d'évoluer professionnellement,TEH,Chargé de communication,4.0
2026-07-26 09:07:16,Étudiant(e),S,Économie; Gestion; Mathématiques,Mathématiques,Calculer; Analyser des données; Être rigoureux,Gérer; Analyser des données,Problèmes financiers,Exercices,Théorie et pratique,Intensif et régulier,Cabinet,Banque; Finance,Seul ou en équipe,Les perspectives de carrière,EMII,Technicien qualité,3.0
2026-08-14 09:38:36,Étudiant(e),A1,Anglais; Français,Anglais,Présenter; Communiquer; Rédiger; Créer,Communiquer; Créer du contenu,Problèmes de communication,Projets; Présentations,Pratique et théorie,Dynamique,Entreprise; Agence,Communication; Événementiel; Médias,En équipe,La possibilité d'évoluer professionnellement,TEH,Community manager,1.0
2026-07-30 14:34:28,Professionnel(le),S,Anglais; Mathématiques,Mathématiques,Analyser des informations; Utiliser des outils informatiques; Résoudre des problèmes logiques,Analyser des données; Programmer,Problèmes logiques et techniques,Programmation,Pratique et théorie,Intensif et régulier,Entreprise,Programmation; Data; Robotique; Technologie,Seul ou en petite équipe,Les débouchés professionnels,ISAIA,Data analyst,1.0
2026-07-20 14:52:37,Étudiant(e),A1,Philosophie; Anglais,Français,Analyser des textes; Argumenter; Rédiger,Débattre; Lire des documents; Rédiger,Problèmes juridiques et sociaux,Études de cas; Débats,Théorie,Régulier,Administration; Cabinet,Droit; Société,Seul,La stabilité professionnelle,DTJA,Conseiller juridique,1.0
2026-08-11 08:31:49,Étudiant(e),D,SVT; Chimie,SVT; Mathématiques,Expérimenter; Analyser; Manipuler des outils ou équipements,Analyser des substances; Mesurer,Problèmes scientifiques et expérimentaux,Travaux pratiques,Pratique et théorie,Régulier,Laboratoire; Centre de recherche,Chimie; Laboratoire,Seul ou en équipe,La pratique professionnelle,ICMP,Technicien de laboratoire,2.0
2026-07-24 07:45:57,Étudiant(e),G,Économie; Mathématiques; Gestion,Mathématiques,Analyser des données; Être rigoureux; Organiser; Calculer,Gérer; Analyser des comptes,Problèmes financiers,Exercices; Travaux pratiques,Pratique et théorie,Régulier,Banque,Banque; Audit,Seul,Les débouchés professionnels,FIC,Analyste financier,2.0
2026-08-23 07:44:23,Étudiant(e),C,Mathématiques; Physique; SVT,Chimie; Physique,Observer; Manipuler des outils ou équipements; Analyser,Faire des expériences; Mesurer; Rechercher; Analyser des substances,Problèmes scientifiques et expérimentaux,Expériences; Travaux pratiques,Pratique,Progressif,Centre de recherche; Laboratoire,Chimie; Recherche; Laboratoire; Industrie,En équipe,La pratique professionnelle,PIP,Chercheur en pharmacologie,3.0
2026-07-13 13:15:40,Étudiant(e),S,Gestion; Français,Gestion,Organiser; Calculer; Planifier,Planifier; Organiser,Problèmes économiques et organisationnels,Études de cas,Pratique et théorie,Régulier,Administration; Bureau,Gestion; Management; Économie; Entrepreneuriat,En équipe,Les débouchés professionnels,ESIIA,Ingénieur logiciel,3.0
2026-07-10 17:59:01,Étudiant(e),C,SVT; Physique; Mathématiques,Chimie,Analyser; Manipuler des outils ou équipements,Rechercher; Faire des expériences; Analyser des substances,Problèmes scientifiques et expérimentaux,Travaux pratiques; Expériences,Pratique,Régulier,Industrie; Laboratoire,Industrie; Chimie; Laboratoire; Environnement,Seul ou en équipe,Acquérir une formation solide,ICMP,Technicien qualité,3.0
2026-08-19 09:30:41,Professionnel(le),S,Chimie; Physique,SVT; Mathématiques,Observer; Expérimenter; Résoudre des problèmes,Analyser; Faire des expériences; Concevoir; Rechercher,Problèmes scientifiques,Travaux pratiques; Expériences,Pratique et théorie,Régulier,Laboratoire; Centre de recherche,Technologie; Environnement; Recherche; Sciences,Seul ou en équipe,Être utile à la société,AEE,Assistant de recherche,4.0
2026-07-21 14:33:53,Étudiant(e),A2,Français; Mathématiques,Français,Organiser; Communiquer; Analyser; Négocier,Négocier; Analyser un marché; Faire du commerce; Communiquer,Problèmes commerciaux,Études de cas,Pratique et théorie,Dynamique,Commerce; Agence,Marketing; Commerce; Entrepreneuriat; Vente,En équipe,Créer mon entreprise,IAA,Technicien agricole,5.0
2026-07-16 09:48:17,Étudiant(e),A1,Français; Gestion,Mathématiques,Calculer; Planifier; Organiser; Analyser des données,Gérer un projet; Organiser,Problèmes économiques et organisationnels,Projets; Études de cas,Pratique et théorie,Dynamique,Bureau,Gestion; Économie; Entrepreneuriat,Seul ou en équipe,Les débouchés professionnels,TEE,Gestionnaire,2.0
2026-07-02 13:30:51,Professionnel(le),A1,Mathématiques; Économie; Français,Français; Économie,Organiser; Communiquer; Analyser,Analyser un marché; Faire du commerce,Problèmes commerciaux,Projets; Études de cas,Pratique et théorie,Dynamique,Entreprise; Agence,Marketing; Vente; Entrepreneuriat; Commerce,En équipe,Les perspectives de carrière,CAA,Business developer,4.0
2026-08-24 07:09:03,Étudiant(e),G,Économie; Mathématiques; Gestion,Mathématiques; Économie,Être rigoureux; Organiser,Faire des calculs; Analyser des comptes,Problèmes financiers,Travaux pratiques; Études de cas,Pratique et théorie,Régulier,Cabinet; Entreprise,Finance; Comptabilité; Gestion,Seul ou en équipe,Les perspectives de carrière,FIC,Contrôleur de gestion,4.0
2026-07-31 10:30:42,Étudiant(e),S,Physique; SVT,SVT; Physique,Observer; Résoudre des problèmes; Analyser; Expérimenter,Rechercher; Concevoir; Faire des expériences,Problèmes scientifiques,Expériences; Travaux pratiques,Pratique et théorie,Régulier,Laboratoire; Centre de recherche,Sciences; Environnement,Seul ou en équipe,Acquérir une formation solide,GCA,Chercheur,1.0
2026-08-19 09:05:15,Étudiant(e),S,Mathématiques; Physique; SVT,SVT,Résoudre des problèmes; Observer; Expérimenter,Analyser; Rechercher,Problèmes scientifiques,Expériences; Travaux pratiques,Pratique et théorie,Régulier,Industrie,Sciences; Technologie; Environnement,En équipe,Acquérir une formation solide,EMII,Ingénieur,4.0
2026-08-13 12:37:39,Professionnel(le),A1,Économie; Français,Français; Économie,Analyser; Négocier; Communiquer,Communiquer; Faire du commerce; Analyser un marché,Problèmes commerciaux,Études de cas,Pratique et théorie,Dynamique,Agence,Entrepreneuriat; Vente; Marketing,En équipe,Les débouchés professionnels,TEE,Responsable marketing,5.0
2026-08-14 16:28:33,Étudiant(e),G,Français; Mathématiques; Économie,Français,Analyser; Organiser; Négocier; Communiquer,Analyser un marché; Faire du commerce; Communiquer; Négocier,Problèmes commerciaux,Projets; Simulations,Pratique,Dynamique,Commerce; Entreprise,Marketing; Entrepreneuriat,En équipe,Créer mon entreprise,TEE,Chargé marketing,2.0
2026-07-24 15:29:24,Professionnel(le),S,Informatique; Anglais; Mathématiques,Informatique; Mathématiques,Travailler avec des données; Analyser des informations,Automatiser des tâches; Programmer,Problèmes logiques et techniques,Projets pratiques,Pratique et théorie,Régulier,Entreprise; Bureau,Intelligence artificielle; Robotique; Technologie; Programmation,En équipe,Les débouchés professionnels,IGGLIA,Développeur full-stack,4.0
2026-08-23 16:50:02,Étudiant(e),S,Chimie; Physique,SVT,Manipuler des outils ou équipements; Expérimenter,Analyser des substances; Rechercher; Faire des expériences; Mesurer,Problèmes scientifiques et expérimentaux,Expériences; Laboratoire,Pratique,Progressif,Industrie; Laboratoire,Laboratoire; Recherche,En équipe,La pratique professionnelle,IAA,Assistant de recherche,3.0
2026-08-20 13:10:35,Étudiant(e),G,Français; Histoire,Français; Anglais,Rédiger; Communiquer,Créer du contenu; Organiser des événements,Problèmes de communication,Travaux de groupe,Pratique et théorie,Dynamique,Média,Médias; Événementiel,En équipe,La possibilité d'évoluer professionnellement,TEH,Community manager,3.0
2026-07-11 12:20:00,Professionnel(le),S,SVT; Mathématiques; Chimie,Chimie,Observer; Manipuler des outils ou équipements; Expérimenter,Faire des expériences; Rechercher; Analyser des substances; Mesurer,Problèmes scientifiques et expérimentaux,Travaux pratiques; Expériences,Pratique,Progressif,Centre de recherche,Industrie; Chimie,En équipe,Aimer le domaine étudié,IAA,Technicien qualité,4.0
2026-07-18 16:23:46,Étudiant(e),A2,Histoire; Français; Anglais,Anglais,Présenter; Rédiger,Communiquer; Créer du contenu; Présenter,Problèmes de communication,Présentations,Pratique et théorie,Dynamique,Entreprise; Média,Marketing; Événementiel,En équipe,Développer son réseau professionnel,AEE,Assistant de recherche,3.0
2026-07-19 17:44:22,Étudiant(e),D,Physique; Chimie; SVT,Mathématiques,Analyser; Résoudre des problèmes; Expérimenter,Concevoir; Rechercher; Analyser,Problèmes scientifiques,Recherche,Pratique et théorie,Régulier,Laboratoire,Technologie; Environnement; Sciences; Recherche,Seul ou en équipe,Acquérir une formation solide,ESIIA,Ingénieur IA,4.0
2026-07-17 16:36:29,Étudiant(e),G,Gestion; Mathématiques,Économie; Mathématiques,Calculer; Analyser des données,Faire des calculs; Analyser des comptes; Gérer,Problèmes financiers,Études de cas; Exercices,Pratique et théorie,Régulier,Bureau; Entreprise,Audit; Gestion; Banque,Seul,Les perspectives de carrière,FIC,Business developer,5.0
2026-07-02 09:45:28,Étudiant(e),A1,Anglais; Français; Histoire,Histoire; Français,Analyser des textes; Rédiger; Communiquer,Débattre; Rédiger; Faire des recherches; Lire des documents,Problèmes juridiques et sociaux,Lectures; Débats,Pratique et théorie,Régulier,Cabinet; Administration,Administration; Droits humains,Seul ou en équipe,La reconnaissance du diplôme,DTJA,Juriste,3.0
2026-07-10 13:20:42,Professionnel(le),S,SVT; Physique; Mathématiques,Physique; SVT,Observer; Analyser; Expérimenter,Analyser des substances; Mesurer; Faire des expériences; Rechercher,Problèmes scientifiques et expérimentaux,Expériences,Pratique,Régulier,Laboratoire; Centre de recherche,Recherche; Laboratoire; Chimie; Industrie,En équipe,La pratique professionnelle,PIP,Technicien de laboratoire,5.0
2026-08-19 11:04:59,Étudiant(e),A2,Philosophie; Anglais,Français,Analyser des textes; Communiquer; Rédiger,Faire des recherches; Débattre; Lire des documents,Problèmes juridiques et sociaux,Études de cas,Théorie,Régulier,Cabinet,Société; Justice,Seul ou en équipe,La stabilité professionnelle,IAA,Ingénieur agroalimentaire,4.0
2026-07-23 14:21:09,Professionnel(le),S,Informatique; Physique; Mathématiques,Mathématiques; Informatique,Travailler avec des données; Analyser des informations; Utiliser des outils informatiques; Résoudre des problèmes logiques,Analyser des données; Créer des applications; Programmer; Automatiser des tâches,Problèmes logiques et techniques,Travaux dirigés; Programmation,Pratique et théorie,Régulier,Startup,Technologie; Robotique; Intelligence artificielle,En équipe,Travailler dans un secteur innovant,IGGLIA,Ingénieur IA,4.0
2026-07-05 17:57:01,Professionnel(le),C,Chimie; SVT; Mathématiques,SVT,Analyser; Expérimenter; Résoudre des problèmes,Faire des expériences; Rechercher; Concevoir,Problèmes scientifiques,Travaux pratiques,Pratique et théorie,Régulier,Industrie,Sciences; Recherche,Seul ou en équipe,Acquérir une formation solide,AEE,Chercheur,3.0
2026-07-30 08:52:59,Étudiant(e),S,Économie; Mathématiques; Gestion,Économie,Analyser des données; Être rigoureux; Organiser; Calculer,Analyser des comptes; Analyser des données; Faire des calculs,Problèmes financiers,Études de cas; Travaux pratiques,Pratique et théorie,Régulier,Entreprise,Banque; Gestion,Seul,Les débouchés professionnels,EMII,Manager,1.0
2026-08-25 14:35:21,Étudiant(e),S,Anglais; Physique,Informatique; Mathématiques,Utiliser des outils informatiques; Analyser des informations; Résoudre des problèmes logiques,Analyser des données; Programmer,Problèmes logiques et techniques,Travaux dirigés; Projets pratiques,Pratique et théorie,Régulier,Bureau; Startup,Programmation; Data,En équipe,Travailler dans un secteur innovant,IMTICIA,Analyste cyber-sécurité,3.0
2026-08-07 10:47:32,Étudiant(e),S,Informatique; Anglais,Mathématiques,Résoudre des problèmes logiques; Travailler avec des données,Créer des applications; Programmer,Problèmes logiques et techniques,Travaux dirigés,Pratique et théorie,Intensif et régulier,Startup; Bureau,Data; Technologie,En équipe,Travailler dans un secteur innovant,IMTICIA,Analyste cyber-sécurité,5.0
2026-07-07 16:42:24,Étudiant(e),G,Français; Économie,Gestion; Mathématiques,Analyser des données; Calculer; Organiser; Planifier,Organiser; Planifier,Problèmes économiques et organisationnels,Études de cas,Pratique,Régulier,Bureau,Gestion; Entrepreneuriat; Économie,Seul ou en équipe,Les perspectives de carrière,EMP,Chef de projet,3.0
2026-08-21 12:42:06,Étudiant(e),A1,Anglais; Histoire,Français; Anglais,Rédiger; Présenter; Créer; Communiquer,Communiquer; Créer du contenu,Problèmes de communication,Présentations,Pratique,Intensif et régulier,Agence; Entreprise,Marketing; Publicité,En équipe,Développer son réseau professionnel,TEE,Community manager,2.0
2026-07-14 12:18:35,Professionnel(le),S,Gestion; Français; Mathématiques,Économie,Organiser; Analyser des données; Planifier; Calculer,Gérer un projet; Organiser; Analyser un marché,Problèmes économiques et organisationnels,Exercices pratiques; Projets,Pratique et théorie,Régulier,Entreprise,Management; Entrepreneuriat,En équipe,Créer mon entreprise,EMII,Manager,1.0
2026-07-14 15:18:02,Professionnel(le),C,SVT; Chimie; Mathématiques,SVT,Analyser; Observer; Expérimenter; Résoudre des problèmes,Concevoir; Faire des expériences,Problèmes scientifiques,Recherche; Travaux pratiques,Pratique et théorie,Intensif et régulier,Industrie; Centre de recherche,Recherche; Sciences,En équipe,Être utile à la société,GCA,Ingénieur,5.0
2026-07-14 16:09:11,Étudiant(e),A1,Mathématiques; Français,Français; Économie,Négocier; Organiser; Analyser,Faire du commerce; Analyser un marché; Communiquer,Problèmes commerciaux,Simulations; Projets,Pratique et théorie,Dynamique,Commerce; Agence,Vente; Commerce; Entrepreneuriat; Marketing,En équipe,Les perspectives de carrière,CAA,Business developer,1.0
2026-07-15 14:49:20,Étudiant(e),A2,Philosophie; Histoire,Histoire,Rédiger; Argumenter; Analyser des textes; Communiquer,Débattre; Lire des documents,Problèmes juridiques et sociaux,Débats,Théorie,Calme et régulier,Institution publique; Administration,Droit; Justice,Seul,La stabilité professionnelle,PIP,Spécialiste en réglementaire pharmaceutique,4.0
2026-07-03 13:11:37,Étudiant(e),G,Économie; Français; Mathématiques,Français; Économie,Organiser; Négocier,Analyser un marché; Négocier,Problèmes commerciaux,Projets,Pratique et théorie,Intensif,Agence; Entreprise,Vente; Entrepreneuriat; Commerce,En équipe,Les débouchés professionnels,CAA,Chargé marketing,3.0
2026-07-19 17:39:20,Professionnel(le),G,Mathématiques; Gestion,Économie,Organiser; Calculer,Faire des calculs; Analyser des comptes,Problèmes financiers,Études de cas; Travaux pratiques,Pratique et théorie,Régulier,Entreprise; Cabinet,Comptabilité; Banque; Audit,Seul,Les débouchés professionnels,FIC,Auditeur,3.0
2026-08-18 16:04:46,Professionnel(le),A2,Anglais; Français; Histoire,Anglais; Français,Communiquer; Rédiger; Présenter,Présenter; Communiquer; Créer du contenu,Problèmes de communication,Projets,Pratique,Dynamique,Entreprise; Média,Événementiel; Publicité; Communication; Médias,En équipe,Développer mes compétences relationnelles,IAA,Biologiste,4.0
2026-08-20 14:08:04,Étudiant(e),S,SVT; Chimie,Physique; SVT,Analyser; Résoudre des problèmes; Expérimenter,Analyser; Rechercher; Concevoir,Problèmes scientifiques,Recherche; Travaux pratiques,Pratique et théorie,Intensif et régulier,Industrie,Environnement; Sciences,En équipe,Être utile à la société,EMII,Chercheur,2.0
2026-08-23 13:02:23,Étudiant(e),A1,Mathématiques; Économie; Français,Économie,Organiser; Communiquer,Faire du commerce; Négocier,Problèmes commerciaux,Études de cas; Simulations,Pratique,Intensif,Entreprise; Agence,Entrepreneuriat; Marketing,En équipe,Les débouchés professionnels,TEE,Chargé marketing,2.0
2026-08-13 16:01:48,Étudiant(e),S,Anglais; Mathématiques; Physique,Informatique,Résoudre des problèmes logiques; Travailler avec des données,Analyser des données; Créer des applications,Problèmes logiques et techniques,Projets pratiques,Pratique,Intensif et régulier,Entreprise,Technologie; Robotique,Seul ou en petite équipe,Travailler dans un secteur innovant,IMTICIA,Ingénieur IA,1.0
2026-07-08 07:48:34,Étudiant(e),C,Chimie; SVT,SVT; Physique,Analyser; Expérimenter; Manipuler des outils ou équipements,Rechercher; Faire des expériences; Mesurer; Analyser des substances,Problèmes scientifiques et expérimentaux,Travaux pratiques; Laboratoire,Pratique et théorie,Régulier,Industrie; Centre de recherche,Industrie; Recherche,Seul ou en équipe,Aimer le domaine étudié,ICMP,Assistant de recherche,5.0
2026-07-16 10:18:38,Étudiant(e),A2,Anglais; Philosophie; Histoire,Philosophie; Français,Communiquer; Analyser des textes; Argumenter; Rédiger,Lire des documents; Débattre; Faire des recherches; Rédiger,Problèmes juridiques et sociaux,Débats,Pratique et théorie,Régulier,Institution publique; Administration,Justice; Droits humains,Seul ou en équipe,La stabilité professionnelle,IAA,Technicien agricole,2.0
2026-07-23 12:27:19,Étudiant(e),S,Gestion; Mathématiques; Économie,Économie,Être rigoureux; Organiser; Calculer,Analyser des données; Analyser des comptes,Problèmes financiers,Études de cas,Théorie et pratique,Intensif et régulier,Bureau,Audit; Comptabilité,Seul,Les perspectives de carrière,GCA,Assistant de recherche,1.0
2026-07-08 16:30:43,Étudiant(e),C,Physique; Chimie; SVT,Chimie,Manipuler des outils ou équipements; Observer; Analyser,Analyser des substances; Rechercher; Faire des expériences,Problèmes scientifiques et expérimentaux,Laboratoire; Expériences,Pratique,Progressif,Centre de recherche,Recherche; Environnement,En équipe,Acquérir une formation solide,ICMP,Chercheur,4.0
2026-07-23 07:15:05,Étudiant(e),C,Chimie; Mathématiques,Mathématiques,Résoudre des problèmes; Expérimenter; Analyser; Observer,Concevoir; Faire des expériences; Analyser,Problèmes scientifiques,Travaux pratiques; Expériences,Pratique et théorie,Régulier,Industrie,Recherche; Technologie; Sciences; Environnement,Seul ou en équipe,Acquérir une formation solide,IMTICIA,Assistant de recherche,4.0
2026-07-04 10:27:33,Étudiant(e),S,SVT; Physique; Chimie,Chimie; Physique,Manipuler des outils ou équipements; Expérimenter; Observer,Analyser des substances; Rechercher; Faire des expériences,Problèmes scientifiques et expérimentaux,Laboratoire; Expériences,Pratique et théorie,Progressif,Laboratoire; Centre de recherche,Industrie; Recherche; Environnement,Seul ou en équipe,Acquérir une formation solide,ICMP,Assistant de recherche,2.0
2026-08-15 17:32:04,Étudiant(e),A2,Français; Anglais,Français; Anglais,Présenter; Créer; Communiquer; Rédiger,Organiser des événements; Présenter,Problèmes de communication,Présentations,Pratique et théorie,Dynamique,Média; Entreprise,Médias; Communication; Publicité,En équipe,Développer son réseau professionnel,PIP,Spécialiste en réglementaire pharmaceutique,3.0
2026-07-06 15:03:51,Étudiant(e),A1,Économie; Français,Gestion,Calculer; Organiser; Planifier; Analyser des données,Organiser; Gérer un projet; Planifier,Problèmes économiques et organisationnels,Études de cas; Projets,Pratique et théorie,Dynamique,Entreprise; Administration,Entrepreneuriat; Management; Gestion,En équipe,Les débouchés professionnels,EMP,Manager,1.0
2026-07-14 09:33:09,Étudiant(e),D,SVT; Chimie; Physique,Chimie; Physique,Manipuler des outils ou équipements; Analyser,Faire des expériences; Analyser des substances; Mesurer; Rechercher,Problèmes scientifiques et expérimentaux,Travaux pratiques,Pratique,Régulier,Centre de recherche,Environnement; Recherche; Laboratoire,Seul ou en équipe,La pratique professionnelle,PIP,Technicien qualité,5.0
2026-07-24 10:35:23,Étudiant(e),S,Physique; Chimie,SVT,Observer; Expérimenter; Analyser,Faire des expériences; Analyser des substances; Rechercher,Problèmes scientifiques et expérimentaux,Expériences,Pratique et théorie,Régulier,Laboratoire,Chimie; Industrie; Environnement; Recherche,En équipe,Aimer le domaine étudié,ICMP,Assistant de recherche,4.0
2026-08-20 09:31:29,Professionnel(le),A2,Histoire; Anglais,Philosophie,Communiquer; Argumenter,Rédiger; Débattre; Lire des documents; Faire des recherches,Problèmes juridiques et sociaux,Études de cas; Débats,Pratique et théorie,Régulier,Administration; Institution publique,Justice; Droits humains; Droit,Seul,La stabilité professionnelle,AEE,Technicien agricole,4.0
2026-08-15 07:56:32,Étudiant(e),G,Mathématiques; Économie,Économie,Être rigoureux; Calculer; Organiser,Faire des calculs; Analyser des données; Gérer,Problèmes financiers,Travaux pratiques,Pratique et théorie,Intensif et régulier,Cabinet; Banque,Audit; Banque; Finance,Seul,Les perspectives de carrière,FIC,Contrôleur de gestion,3.0
2026-07-19 15:02:55,Étudiant(e),A1,Mathématiques; Économie; Français,Économie,Négocier; Communiquer,Analyser un marché; Communiquer; Faire du commerce,Problèmes commerciaux,Simulations; Projets,Pratique,Intensif,Entreprise,Marketing; Vente,En équipe,Les perspectives de carrière,TEE,Chargé marketing,3.0
2026-07-27 15:33:57,Étudiant(e),A1,Mathématiques; Économie,Économie; Français,Organiser; Négocier,Négocier; Communiquer; Analyser un marché,Problèmes commerciaux,Projets; Simulations,Pratique,Dynamique,Entreprise; Agence,Marketing; Vente,En équipe,Les débouchés professionnels,CAA,Responsable marketing,1.0
2026-08-08 08:07:45,Étudiant(e),S,Physique; Chimie,SVT,Analyser; Expérimenter,Faire des expériences; Rechercher; Concevoir; Analyser,Problèmes scientifiques,Expériences; Recherche,Pratique et théorie,Intensif et régulier,Industrie,Environnement; Technologie; Sciences,Seul ou en équipe,Être utile à la société,ESIIA,Développeur full-stack,3.0
2026-07-02 13:42:47,Étudiant(e),S,Anglais; Mathématiques,Informatique; Mathématiques,Utiliser des outils informatiques; Résoudre des problèmes logiques,Créer des applications; Automatiser des tâches; Analyser des données; Programmer,Problèmes logiques et techniques,Travaux dirigés; Programmation,Pratique,Intensif et régulier,Télétravail,Programmation; Data,Seul ou en petite équipe,Les débouchés professionnels,ISAIA,Analyste cyber-sécurité,5.0
2026-07-21 10:32:15,Étudiant(e),D,Chimie; Mathématiques,SVT; Mathématiques,Analyser; Manipuler des outils ou équipements,Analyser des substances; Rechercher,Problèmes scientifiques et expérimentaux,Laboratoire; Expériences,Pratique et théorie,Progressif,Centre de recherche; Laboratoire,Recherche; Chimie; Laboratoire,Seul ou en équipe,La pratique professionnelle,AEE,Biologiste,5.0
2026-07-08 11:28:36,Étudiant(e),S,Informatique; Physique,Mathématiques; Informatique,Analyser des informations; Utiliser des outils informatiques,Analyser des données; Programmer,Problèmes logiques et techniques,Programmation,Pratique et théorie,Intensif et régulier,Bureau,Technologie; Robotique; Intelligence artificielle,Seul ou en petite équipe,Développer des compétences professionnelles,ESIIA,Data scientifique,4.0
2026-07-25 07:05:49,Étudiant(e),G,Français; Histoire,Anglais,Communiquer; Présenter; Créer,Présenter; Organiser des événements; Créer du contenu,Problèmes de communication,Travaux de groupe; Projets,Pratique,Intensif et régulier,Entreprise; Média,Publicité; Événementiel,En équipe,Développer son réseau professionnel,EMP,Chargé marketing,2.0
2026-07-09 07:18:42,Étudiant(e),G,Économie; Français; Mathématiques,Mathématiques; Économie,Organiser; Calculer; Analyser des données,Analyser un marché; Organiser,Problèmes économiques et organisationnels,Exercices pratiques,Pratique et théorie,Dynamique,Bureau,Entrepreneuriat; Management; Gestion; Économie,En équipe,Créer mon entreprise,EMP,Manager,2.0
2026-07-28 15:19:46,Étudiant(e),G,Anglais; Français; Histoire,Français; Anglais,Créer; Communiquer; Présenter; Rédiger,Communiquer; Organiser des événements; Créer du contenu; Présenter,Problèmes de communication,Présentations,Pratique,Intensif et régulier,Média,Événementiel; Marketing,En équipe,Développer son réseau professionnel,TEH,Community manager,5.0
2026-07-26 09:44:21,Étudiant(e),A2,Français; Anglais; Histoire,Français,Créer; Rédiger,Organiser des événements; Créer du contenu; Communiquer,Problèmes de communication,Présentations,Pratique et théorie,Intensif et régulier,Agence,Marketing; Événementiel,En équipe,Développer son réseau professionnel,AEE,Éleveur,5.0
2026-07-11 11:56:17,Professionnel(le),S,Mathématiques; Informatique,Informatique; Mathématiques,Utiliser des outils informatiques; Travailler avec des données,Analyser des données; Créer des applications,Problèmes logiques et techniques,Programmation; Travaux dirigés,Pratique et théorie,Intensif et régulier,Bureau,Programmation; Data; Intelligence artificielle,En équipe,Les débouchés professionnels,ISAIA,Data analyst,2.0
2026-08-19 15:45:36,Étudiant(e),S,Physique; Informatique,Informatique,Travailler avec des données; Résoudre des problèmes logiques,Analyser des données; Automatiser des tâches; Programmer,Problèmes logiques et techniques,Programmation,Pratique,Intensif et régulier,Télétravail,Intelligence artificielle; Technologie; Robotique; Data,Seul ou en petite équipe,Les débouchés professionnels,ISAIA,Développeur full-stack,4.0
2026-07-25 11:38:51,Étudiant(e),A2,Français; Économie,Français; Économie,Analyser; Négocier; Communiquer,Faire du commerce; Analyser un marché; Communiquer,Problèmes commerciaux,Simulations; Études de cas,Pratique,Intensif,Commerce; Agence,Vente; Commerce; Entrepreneuriat; Marketing,En équipe,Les débouchés professionnels,AEE,Chercheur,1.0
2026-08-24 10:47:19,Étudiant(e),S,Mathématiques; Anglais; Physique,Informatique; Mathématiques,Analyser des informations; Utiliser des outils informatiques,Programmer; Automatiser des tâches; Analyser des données; Créer des applications,Problèmes logiques et techniques,Travaux dirigés; Programmation,Pratique et théorie,Régulier,Bureau,Data; Technologie; Intelligence artificielle; Robotique,En équipe,Travailler dans un secteur innovant,IGGLIA,Ingénieur IA,4.0
2026-07-16 14:22:45,Étudiant(e),S,Anglais; Informatique,Informatique,Analyser des informations; Utiliser des outils informatiques; Résoudre des problèmes logiques; Travailler avec des données,Programmer; Automatiser des tâches; Analyser des données,Problèmes logiques et techniques,Travaux dirigés,Pratique et théorie,Régulier,Bureau,Robotique; Intelligence artificielle; Programmation,Seul ou en petite équipe,Les débouchés professionnels,ESIIA,Ingénieur IA,4.0
2026-08-16 15:44:15,Étudiant(e),S,Anglais; Mathématiques,Mathématiques,Résoudre des problèmes logiques; Analyser des informations; Travailler avec des données,Analyser des données; Créer des applications; Automatiser des tâches; Programmer,Problèmes logiques et techniques,Projets pratiques; Programmation,Pratique et théorie,Intensif et régulier,Bureau,Technologie; Intelligence artificielle,En équipe,Les débouchés professionnels,ISAIA,Data scientifique,2.0
2026-07-25 07:57:49,Professionnel(le),S,Physique; Mathématiques,Mathématiques; Informatique,Résoudre des problèmes logiques; Analyser des informations; Utiliser des outils informatiques; Travailler avec des données,Automatiser des tâches; Créer des applications; Analyser des données,Problèmes logiques et techniques,Programmation,Pratique et théorie,Intensif et régulier,Entreprise; Startup,Data; Intelligence artificielle; Programmation; Technologie,Seul ou en petite équipe,Les débouchés professionnels,IGGLIA,Développeur logiciel,3.0
2026-08-03 13:26:13,Étudiant(e),S,Physique; SVT,Mathématiques,Observer; Expérimenter; Résoudre des problèmes; Analyser,Concevoir; Analyser,Problèmes scientifiques,Recherche,Pratique et théorie,Régulier,Industrie,Environnement; Sciences; Recherche; Technologie,Seul ou en équipe,Acquérir une formation solide,IMTICIA,Chercheur,1.0
2026-08-21 11:07:20,Étudiant(e),C,Physique; Chimie; SVT,SVT; Mathématiques,Expérimenter; Analyser; Observer; Résoudre des problèmes,Concevoir; Rechercher; Faire des expériences,Problèmes scientifiques,Recherche; Expériences,Pratique et théorie,Régulier,Industrie; Laboratoire,Environnement; Technologie; Recherche; Sciences,En équipe,Acquérir une formation solide,AEE,Assistant de recherche,2.0
2026-08-22 09:51:35,Professionnel(le),G,Anglais; Français,Français; Anglais,Rédiger; Créer; Présenter; Communiquer,Présenter; Organiser des événements; Communiquer,Problèmes de communication,Travaux de groupe; Présentations,Pratique,Dynamique,Entreprise; Agence,Médias; Communication; Événementiel; Publicité,En équipe,La possibilité d'évoluer professionnellement,TEH,Journaliste,5.0
2026-08-21 08:23:11,Professionnel(le),D,SVT; Chimie,Physique; Mathématiques,Analyser; Observer; Résoudre des problèmes; Expérimenter,Concevoir; Faire des expériences; Rechercher; Analyser,Problèmes scientifiques,Expériences,Pratique et théorie,Régulier,Laboratoire; Centre de recherche,Technologie; Sciences; Recherche; Environnement,Seul ou en équipe,Acquérir une formation solide,AEE,Chercheur,5.0
2026-07-31 12:26:30,Étudiant(e),G,Anglais; Français,Anglais,Rédiger; Créer; Communiquer; Présenter,Créer du contenu; Présenter; Organiser des événements; Communiquer,Problèmes de communication,Présentations,Pratique,Intensif et régulier,Entreprise; Média,Événementiel; Communication; Marketing,En équipe,Développer mes compétences relationnelles,TEH,Community manager,2.0
2026-07-02 14:24:31,Professionnel(le),A1,Philosophie; Anglais; Français,Histoire,Argumenter; Analyser des textes,Débattre; Lire des documents,Problèmes juridiques et sociaux,Études de cas; Débats,Pratique et théorie,Calme et régulier,Tribunal; Institution publique,Droit; Administration; Justice; Droits humains,Seul ou en équipe,Aimer le domaine étudié,DTJA,Avocat,4.0
2026-07-23 14:45:02,Étudiant(e),G,Histoire; Anglais,Français,Présenter; Créer; Rédiger; Communiquer,Présenter; Organiser des événements; Créer du contenu,Problèmes de communication,Présentations; Travaux de groupe,Pratique,Dynamique,Agence; Studio,Communication; Publicité; Marketing; Médias,En équipe,La possibilité d'évoluer professionnellement,TEH,Responsable communication,1.0
2026-07-05 13:25:10,Professionnel(le),D,Chimie; Physique,Physique; Chimie,Expérimenter; Analyser; Observer,Mesurer; Analyser des substances; Faire des expériences; Rechercher,Problèmes scientifiques et expérimentaux,Travaux pratiques; Laboratoire,Pratique,Progressif,Industrie; Centre de recherche,Chimie; Laboratoire; Industrie,Seul ou en équipe,Aimer le domaine étudié,ICMP,Technicien de laboratoire,3.0
2026-07-08 14:21:37,Professionnel(le),S,Chimie; SVT,SVT; Physique,Observer; Analyser,Analyser des substances; Faire des expériences; Rechercher; Mesurer,Problèmes scientifiques et expérimentaux,Expériences,Pratique et théorie,Progressif,Centre de recherche; Laboratoire,Recherche; Environnement; Laboratoire; Chimie,Seul ou en équipe,Aimer le domaine étudié,PIP,Technicien qualité,5.0
2026-07-02 13:20:43,Étudiant(e),D,Physique; Mathématiques,Mathématiques; SVT,Résoudre des problèmes; Observer,Rechercher; Analyser; Faire des expériences,Problèmes scientifiques,Recherche; Expériences,Pratique et théorie,Intensif et régulier,Industrie; Laboratoire,Recherche; Environnement,En équipe,Être utile à la société,ESIIA,Assistant de recherche,4.0
2026-08-14 13:22:46,Professionnel(le),A1,Français; Histoire; Anglais,Anglais; Français,Rédiger; Communiquer; Créer,Communiquer; Créer du contenu; Organiser des événements,Problèmes de communication,Projets; Présentations,Pratique,Intensif et régulier,Média,Publicité; Communication,En équipe,Développer mes compétences relationnelles,TEH,Journaliste,5.0
2026-07-10 10:19:48,Étudiant(e),G,Français; Mathématiques,Économie; Français,Analyser; Communiquer,Communiquer; Analyser un marché; Négocier; Faire du commerce,Problèmes commerciaux,Simulations,Pratique,Dynamique,Entreprise; Agence,Marketing; Vente; Commerce,En équipe,Les débouchés professionnels,CAA,Business developer,3.0
2026-07-31 10:56:32,Étudiant(e),S,Physique; Mathématiques,SVT,Expérimenter; Observer; Analyser; Manipuler des outils ou équipements,Faire des expériences; Analyser des substances; Mesurer,Problèmes scientifiques et expérimentaux,Travaux pratiques,Pratique,Régulier,Industrie; Laboratoire,Laboratoire; Environnement; Recherche; Industrie,En équipe,La pratique professionnelle,ICMP,Ingénieur,4.0
2026-07-14 10:04:25,Professionnel(le),D,Chimie; SVT,Mathématiques; Physique,Analyser; Résoudre des problèmes; Expérimenter; Observer,Faire des expériences; Rechercher; Analyser,Problèmes scientifiques,Travaux pratiques; Expériences,Pratique et théorie,Intensif et régulier,Centre de recherche,Recherche; Sciences; Environnement,En équipe,Être utile à la société,GCA,Assistant de recherche,3.0
2026-07-24 08:19:48,Étudiant(e),S,Économie; Mathématiques; Gestion,Gestion,Analyser des données; Calculer; Organiser; Planifier,Analyser un marché; Organiser,Problèmes économiques et organisationnels,Études de cas; Projets,Pratique et théorie,Régulier,Bureau; Administration,Entrepreneuriat; Management; Économie,En équipe,Les débouchés professionnels,GCA,Manager,2.0
2026-08-02 07:57:33,Étudiant(e),G,Français; Histoire; Anglais,Français; Anglais,Créer; Rédiger; Communiquer,Créer du contenu; Organiser des événements,Problèmes de communication,Projets; Travaux de groupe,Pratique et théorie,Intensif et régulier,Média; Entreprise,Publicité; Marketing; Médias; Communication,En équipe,La possibilité d'évoluer professionnellement,TEH,Responsable communication,3.0
2026-07-27 15:30:44,Étudiant(e),A2,Français; Mathématiques,Économie,Analyser; Organiser; Communiquer; Négocier,Communiquer; Faire du commerce,Problèmes commerciaux,Projets,Pratique et théorie,Dynamique,Commerce; Agence,Vente; Commerce; Marketing; Entrepreneuriat,En équipe,Les perspectives de carrière,IAA,Ingénieur agroalimentaire,4.0
2026-08-05 15:31:45,Étudiant(e),A2,Économie; Mathématiques,Français,Analyser; Communiquer; Négocier; Organiser,Faire du commerce; Analyser un marché; Négocier,Problèmes commerciaux,Projets,Pratique et théorie,Dynamique,Entreprise; Commerce,Entrepreneuriat; Vente,En équipe,Créer mon entreprise,PIP,Spécialiste en réglementaire pharmaceutique,2.0
2026-07-31 07:13:44,Professionnel(le),G,Mathématiques; Gestion,Mathématiques,Analyser des données; Calculer; Être rigoureux; Organiser,Faire des calculs; Gérer; Analyser des comptes; Analyser des données,Problèmes financiers,Exercices; Études de cas,Théorie et pratique,Intensif et régulier,Banque,Comptabilité; Banque,Seul ou en équipe,La stabilité professionnelle,FIC,Contrôleur de gestion,5.0
2026-08-07 17:43:53,Étudiant(e),A1,Économie; Mathématiques,Gestion,Organiser; Analyser des données; Calculer; Planifier,Planifier; Analyser un marché; Gérer un projet; Organiser,Problèmes économiques et organisationnels,Projets; Études de cas,Pratique et théorie,Régulier,Administration,Management; Entrepreneuriat; Économie,Seul ou en équipe,Créer mon entreprise,EMP,Manager,4.0
2026-08-12 14:24:34,Professionnel(le),A2,Français; Histoire; Anglais,Français,Créer; Communiquer; Présenter,Communiquer; Organiser des événements,Problèmes de communication,Travaux de groupe; Projets,Pratique et théorie,Intensif et régulier,Studio,Publicité; Médias; Événementiel,En équipe,Développer mes compétences relationnelles,IAA,Assistant de recherche,5.0
